ISO-10303-21;
HEADER;
FILE_DESCRIPTION(('KiCad electronic assembly'),'2;1');
FILE_NAME('first_left.step','2026-09-07T15:54:31',('Pcbnew'),('Kicad'),
  'Open CASCADE STEP processor 7.9','KiCad to STEP converter','Unknown'
  );
FILE_SCHEMA(('AUTOMOTIVE_DESIGN { 1 0 10303 214 1 1 1 1 }'));
ENDSEC;
DATA;
#1 = APPLICATION_PROTOCOL_DEFINITION('international standard',
  'automotive_design',2000,#2);
#2 = APPLICATION_CONTEXT(
  'core data for automotive mechanical design processes');
#3 = SHAPE_DEFINITION_REPRESENTATION(#4,#10);
#4 = PRODUCT_DEFINITION_SHAPE('','',#5);
#5 = PRODUCT_DEFINITION('design','',#6,#9);
#6 = PRODUCT_DEFINITION_FORMATION('','',#7);
#7 = PRODUCT('first_left 1','first_left 1','',(#8));
#8 = PRODUCT_CONTEXT('',#2,'mechanical');
#9 = PRODUCT_DEFINITION_CONTEXT('part definition',#2,'design');
#10 = SHAPE_REPRESENTATION('',(#11,#15),#19);
#11 = AXIS2_PLACEMENT_3D('',#12,#13,#14);
#12 = CARTESIAN_POINT('',(0.,0.,0.));
#13 = DIRECTION('',(0.,0.,1.));
#14 = DIRECTION('',(1.,0.,-0.));
#15 = AXIS2_PLACEMENT_3D('',#16,#17,#18);
#16 = CARTESIAN_POINT('',(0.,0.,0.));
#17 = DIRECTION('',(0.,0.,1.));
#18 = DIRECTION('',(1.,0.,-0.));
#19 = ( GEOMETRIC_REPRESENTATION_CONTEXT(3) 
GLOBAL_UNCERTAINTY_ASSIGNED_CONTEXT((#23)) GLOBAL_UNIT_ASSIGNED_CONTEXT(
(#20,#21,#22)) REPRESENTATION_CONTEXT('Context #1',
  '3D Context with UNIT and UNCERTAINTY') );
#20 = ( LENGTH_UNIT() NAMED_UNIT(*) SI_UNIT(.MILLI.,.METRE.) );
#21 = ( NAMED_UNIT(*) PLANE_ANGLE_UNIT() SI_UNIT($,.RADIAN.) );
#22 = ( NAMED_UNIT(*) SI_UNIT($,.STERADIAN.) SOLID_ANGLE_UNIT() );
#23 = UNCERTAINTY_MEASURE_WITH_UNIT(LENGTH_MEASURE(1.E-07),#20,
  'distance_accuracy_value','confusion accuracy');
#24 = PRODUCT_RELATED_PRODUCT_CATEGORY('part',$,(#7));
#25 = SHAPE_DEFINITION_REPRESENTATION(#26,#32);
#26 = PRODUCT_DEFINITION_SHAPE('','',#27);
#27 = PRODUCT_DEFINITION('design','',#28,#31);
#28 = PRODUCT_DEFINITION_FORMATION('','',#29);
#29 = PRODUCT('first_left_PCB','first_left_PCB','',(#30));
#30 = PRODUCT_CONTEXT('',#2,'mechanical');
#31 = PRODUCT_DEFINITION_CONTEXT('part definition',#2,'design');
#32 = ADVANCED_BREP_SHAPE_REPRESENTATION('',(#11,#33),#6397);
#33 = MANIFOLD_SOLID_BREP('',#34);
#34 = CLOSED_SHELL('',(#35,#77,#108,#139,#1885,#3631,#3648,#3665,#3682,
    #3699,#3716,#3733,#3750,#3767,#3784,#3801,#3818,#3835,#3852,#3869,
    #3886,#3903,#3920,#3937,#3954,#3971,#3983,#4000,#4017,#4034,#4051,
    #4068,#4085,#4102,#4119,#4136,#4153,#4170,#4187,#4204,#4221,#4238,
    #4255,#4272,#4289,#4306,#4323,#4340,#4357,#4374,#4391,#4408,#4425,
    #4442,#4459,#4476,#4493,#4510,#4527,#4544,#4561,#4578,#4595,#4612,
    #4629,#4646,#4663,#4680,#4697,#4714,#4731,#4748,#4765,#4782,#4799,
    #4816,#4833,#4850,#4867,#4884,#4901,#4918,#4935,#4952,#4969,#4986,
    #5003,#5020,#5037,#5054,#5071,#5088,#5105,#5122,#5139,#5156,#5173,
    #5190,#5207,#5224,#5241,#5258,#5275,#5292,#5309,#5326,#5343,#5360,
    #5377,#5394,#5411,#5428,#5445,#5462,#5479,#5496,#5513,#5530,#5547,
    #5564,#5581,#5598,#5615,#5632,#5649,#5666,#5683,#5700,#5717,#5734,
    #5751,#5768,#5785,#5802,#5819,#5836,#5853,#5870,#5887,#5904,#5921,
    #5938,#5955,#5972,#5989,#6006,#6023,#6040,#6057,#6074,#6091,#6108,
    #6125,#6142,#6159,#6176,#6193,#6210,#6227,#6244,#6261,#6278,#6295,
    #6312,#6329,#6346,#6363,#6380));
#35 = ADVANCED_FACE('',(#36),#72,.T.);
#36 = FACE_BOUND('',#37,.T.);
#37 = EDGE_LOOP('',(#38,#48,#57,#65));
#38 = ORIENTED_EDGE('',*,*,#39,.T.);
#39 = EDGE_CURVE('',#40,#42,#44,.T.);
#40 = VERTEX_POINT('',#41);
#41 = CARTESIAN_POINT('',(163.,-43.18,0.));
#42 = VERTEX_POINT('',#43);
#43 = CARTESIAN_POINT('',(163.,-43.18,1.51));
#44 = LINE('',#45,#46);
#45 = CARTESIAN_POINT('',(163.,-43.18,0.));
#46 = VECTOR('',#47,1.);
#47 = DIRECTION('',(0.,0.,1.));
#48 = ORIENTED_EDGE('',*,*,#49,.T.);
#49 = EDGE_CURVE('',#42,#50,#52,.T.);
#50 = VERTEX_POINT('',#51);
#51 = CARTESIAN_POINT('',(163.727607,-43.269573,1.51));
#52 = CIRCLE('',#53,3.000054336959);
#53 = AXIS2_PLACEMENT_3D('',#54,#55,#56);
#54 = CARTESIAN_POINT('',(162.99999143392,-46.18005433694,1.51));
#55 = DIRECTION('',(0.,0.,-1.));
#56 = DIRECTION('',(2.855305819979E-06,0.999999999996,0.));
#57 = ORIENTED_EDGE('',*,*,#58,.F.);
#58 = EDGE_CURVE('',#59,#50,#61,.T.);
#59 = VERTEX_POINT('',#60);
#60 = CARTESIAN_POINT('',(163.727607,-43.269573,0.));
#61 = LINE('',#62,#63);
#62 = CARTESIAN_POINT('',(163.727607,-43.269573,0.));
#63 = VECTOR('',#64,1.);
#64 = DIRECTION('',(0.,0.,1.));
#65 = ORIENTED_EDGE('',*,*,#66,.F.);
#66 = EDGE_CURVE('',#40,#59,#67,.T.);
#67 = CIRCLE('',#68,3.000054336959);
#68 = AXIS2_PLACEMENT_3D('',#69,#70,#71);
#69 = CARTESIAN_POINT('',(162.99999143392,-46.18005433694,0.));
#70 = DIRECTION('',(0.,0.,-1.));
#71 = DIRECTION('',(2.855305819979E-06,0.999999999996,0.));
#72 = CYLINDRICAL_SURFACE('',#73,3.000054336959);
#73 = AXIS2_PLACEMENT_3D('',#74,#75,#76);
#74 = CARTESIAN_POINT('',(162.99999143392,-46.18005433694,0.));
#75 = DIRECTION('',(0.,0.,-1.));
#76 = DIRECTION('',(2.855305819979E-06,0.999999999996,0.));
#77 = ADVANCED_FACE('',(#78),#103,.T.);
#78 = FACE_BOUND('',#79,.T.);
#79 = EDGE_LOOP('',(#80,#90,#96,#97));
#80 = ORIENTED_EDGE('',*,*,#81,.T.);
#81 = EDGE_CURVE('',#82,#84,#86,.T.);
#82 = VERTEX_POINT('',#83);
#83 = CARTESIAN_POINT('',(145.,-43.18,0.));
#84 = VERTEX_POINT('',#85);
#85 = CARTESIAN_POINT('',(145.,-43.18,1.51));
#86 = LINE('',#87,#88);
#87 = CARTESIAN_POINT('',(145.,-43.18,0.));
#88 = VECTOR('',#89,1.);
#89 = DIRECTION('',(0.,0.,1.));
#90 = ORIENTED_EDGE('',*,*,#91,.T.);
#91 = EDGE_CURVE('',#84,#42,#92,.T.);
#92 = LINE('',#93,#94);
#93 = CARTESIAN_POINT('',(145.,-43.18,1.51));
#94 = VECTOR('',#95,1.);
#95 = DIRECTION('',(1.,0.,0.));
#96 = ORIENTED_EDGE('',*,*,#39,.F.);
#97 = ORIENTED_EDGE('',*,*,#98,.F.);
#98 = EDGE_CURVE('',#82,#40,#99,.T.);
#99 = LINE('',#100,#101);
#100 = CARTESIAN_POINT('',(145.,-43.18,0.));
#101 = VECTOR('',#102,1.);
#102 = DIRECTION('',(1.,0.,0.));
#103 = PLANE('',#104);
#104 = AXIS2_PLACEMENT_3D('',#105,#106,#107);
#105 = CARTESIAN_POINT('',(145.,-43.18,0.));
#106 = DIRECTION('',(0.,1.,0.));
#107 = DIRECTION('',(1.,0.,0.));
#108 = ADVANCED_FACE('',(#109),#134,.T.);
#109 = FACE_BOUND('',#110,.T.);
#110 = EDGE_LOOP('',(#111,#112,#120,#128));
#111 = ORIENTED_EDGE('',*,*,#58,.T.);
#112 = ORIENTED_EDGE('',*,*,#113,.T.);
#113 = EDGE_CURVE('',#50,#114,#116,.T.);
#114 = VERTEX_POINT('',#115);
#115 = CARTESIAN_POINT('',(181.445993,-47.699169,1.51));
#116 = LINE('',#117,#118);
#117 = CARTESIAN_POINT('',(163.727607,-43.269573,1.51));
#118 = VECTOR('',#119,1.);
#119 = DIRECTION('',(0.970142506587,-0.24253559927,0.));
#120 = ORIENTED_EDGE('',*,*,#121,.F.);
#121 = EDGE_CURVE('',#122,#114,#124,.T.);
#122 = VERTEX_POINT('',#123);
#123 = CARTESIAN_POINT('',(181.445993,-47.699169,0.));
#124 = LINE('',#125,#126);
#125 = CARTESIAN_POINT('',(181.445993,-47.699169,0.));
#126 = VECTOR('',#127,1.);
#127 = DIRECTION('',(0.,0.,1.));
#128 = ORIENTED_EDGE('',*,*,#129,.F.);
#129 = EDGE_CURVE('',#59,#122,#130,.T.);
#130 = LINE('',#131,#132);
#131 = CARTESIAN_POINT('',(163.727607,-43.269573,0.));
#132 = VECTOR('',#133,1.);
#133 = DIRECTION('',(0.970142506587,-0.24253559927,0.));
#134 = PLANE('',#135);
#135 = AXIS2_PLACEMENT_3D('',#136,#137,#138);
#136 = CARTESIAN_POINT('',(163.727607,-43.269573,0.));
#137 = DIRECTION('',(0.24253559927,0.970142506587,-0.));
#138 = DIRECTION('',(0.970142506587,-0.24253559927,0.));
#139 = ADVANCED_FACE('',(#140,#318,#329,#340,#351,#362,#373,#384,#395,
    #406,#417,#428,#439,#450,#461,#472,#483,#494,#505,#516,#527,#538,
    #549,#560,#571,#582,#593,#604,#615,#626,#637,#648,#659,#670,#681,
    #692,#703,#714,#725,#736,#747,#758,#769,#780,#791,#802,#813,#824,
    #835,#846,#857,#868,#879,#890,#901,#912,#923,#934,#945,#956,#967,
    #978,#989,#1000,#1011,#1022,#1033,#1044,#1055,#1066,#1077,#1088,
    #1099,#1110,#1121,#1132,#1143,#1154,#1165,#1176,#1187,#1198,#1209,
    #1220,#1231,#1242,#1253,#1264,#1275,#1286,#1297,#1308,#1319,#1330,
    #1341,#1352,#1363,#1374,#1385,#1396,#1407,#1418,#1429,#1440,#1451,
    #1462,#1473,#1484,#1495,#1506,#1517,#1528,#1539,#1550,#1561,#1572,
    #1583,#1594,#1605,#1616,#1627,#1638,#1649,#1660,#1671,#1682,#1693,
    #1704,#1715,#1726,#1737,#1748,#1759,#1770,#1781,#1792,#1803,#1814,
    #1825,#1836,#1847,#1858,#1869),#1880,.F.);
#140 = FACE_BOUND('',#141,.F.);
#141 = EDGE_LOOP('',(#142,#143,#144,#153,#161,#169,#177,#186,#194,#203,
    #211,#219,#228,#236,#244,#252,#260,#269,#277,#286,#294,#302,#311,
    #317));
#142 = ORIENTED_EDGE('',*,*,#66,.F.);
#143 = ORIENTED_EDGE('',*,*,#98,.F.);
#144 = ORIENTED_EDGE('',*,*,#145,.F.);
#145 = EDGE_CURVE('',#146,#82,#148,.T.);
#146 = VERTEX_POINT('',#147);
#147 = CARTESIAN_POINT('',(144.584057,-43.208975,0.));
#148 = CIRCLE('',#149,3.000592725371);
#149 = AXIS2_PLACEMENT_3D('',#150,#151,#152);
#150 = CARTESIAN_POINT('',(145.00004353786,-46.18059272505,0.));
#151 = DIRECTION('',(0.,0.,-1.));
#152 = DIRECTION('',(-0.138634788504,0.990343574431,0.));
#153 = ORIENTED_EDGE('',*,*,#154,.F.);
#154 = EDGE_CURVE('',#155,#146,#157,.T.);
#155 = VERTEX_POINT('',#156);
#156 = CARTESIAN_POINT('',(126.584057,-45.728975,0.));
#157 = LINE('',#158,#159);
#158 = CARTESIAN_POINT('',(126.584057,-45.728975,0.));
#159 = VECTOR('',#160,1.);
#160 = DIRECTION('',(0.990341746674,0.138647844534,0.));
#161 = ORIENTED_EDGE('',*,*,#162,.F.);
#162 = EDGE_CURVE('',#163,#155,#165,.T.);
#163 = VERTEX_POINT('',#164);
#164 = CARTESIAN_POINT('',(126.482859,-45.744909,0.));
#165 = LINE('',#166,#167);
#166 = CARTESIAN_POINT('',(126.482859,-45.744909,0.));
#167 = VECTOR('',#168,1.);
#168 = DIRECTION('',(0.987829989806,0.155537491428,0.));
#169 = ORIENTED_EDGE('',*,*,#170,.F.);
#170 = EDGE_CURVE('',#171,#163,#173,.T.);
#171 = VERTEX_POINT('',#172);
#172 = CARTESIAN_POINT('',(90.482859,-52.044909,0.));
#173 = LINE('',#174,#175);
#174 = CARTESIAN_POINT('',(90.482859,-52.044909,0.));
#175 = VECTOR('',#176,1.);
#176 = DIRECTION('',(0.985030467156,0.172380331752,0.));
#177 = ORIENTED_EDGE('',*,*,#178,.F.);
#178 = EDGE_CURVE('',#179,#171,#181,.T.);
#179 = VERTEX_POINT('',#180);
#180 = CARTESIAN_POINT('',(88.,-55.,0.));
#181 = CIRCLE('',#182,2.999997522181);
#182 = AXIS2_PLACEMENT_3D('',#183,#184,#185);
#183 = CARTESIAN_POINT('',(90.99999752218,-54.99999831878,0.));
#184 = DIRECTION('',(0.,0.,-1.));
#185 = DIRECTION('',(-1.,-5.604071078037E-07,-0.));
#186 = ORIENTED_EDGE('',*,*,#187,.F.);
#187 = EDGE_CURVE('',#188,#179,#190,.T.);
#188 = VERTEX_POINT('',#189);
#189 = CARTESIAN_POINT('',(88.,-109.,0.));
#190 = LINE('',#191,#192);
#191 = CARTESIAN_POINT('',(88.,-109.,0.));
#192 = VECTOR('',#193,1.);
#193 = DIRECTION('',(0.,1.,0.));
#194 = ORIENTED_EDGE('',*,*,#195,.F.);
#195 = EDGE_CURVE('',#196,#188,#198,.T.);
#196 = VERTEX_POINT('',#197);
#197 = CARTESIAN_POINT('',(91.,-112.,0.));
#198 = CIRCLE('',#199,3.000001172987);
#199 = AXIS2_PLACEMENT_3D('',#200,#201,#202);
#200 = CARTESIAN_POINT('',(91.000001172987,-108.999998827,0.));
#201 = DIRECTION('',(0.,0.,-1.));
#202 = DIRECTION('',(-3.909953663434E-07,-1.,-0.));
#203 = ORIENTED_EDGE('',*,*,#204,.F.);
#204 = EDGE_CURVE('',#205,#196,#207,.T.);
#205 = VERTEX_POINT('',#206);
#206 = CARTESIAN_POINT('',(108.28477,-112.,0.));
#207 = LINE('',#208,#209);
#208 = CARTESIAN_POINT('',(108.28477,-112.,0.));
#209 = VECTOR('',#210,1.);
#210 = DIRECTION('',(-1.,0.,0.));
#211 = ORIENTED_EDGE('',*,*,#212,.F.);
#212 = EDGE_CURVE('',#213,#205,#215,.T.);
#213 = VERTEX_POINT('',#214);
#214 = CARTESIAN_POINT('',(140.046473,-128.057306,0.));
#215 = LINE('',#216,#217);
#216 = CARTESIAN_POINT('',(140.046473,-128.057306,0.));
#217 = VECTOR('',#218,1.);
#218 = DIRECTION('',(-0.892435200338,0.451175590207,0.));
#219 = ORIENTED_EDGE('',*,*,#220,.F.);
#220 = EDGE_CURVE('',#221,#213,#223,.T.);
#221 = VERTEX_POINT('',#222);
#222 = CARTESIAN_POINT('',(141.4,-128.38,0.));
#223 = CIRCLE('',#224,2.999991175286);
#224 = AXIS2_PLACEMENT_3D('',#225,#226,#227);
#225 = CARTESIAN_POINT('',(141.39999687751,-125.3800088247,0.));
#226 = DIRECTION('',(0.,0.,-1.));
#227 = DIRECTION('',(1.040830797381E-06,-0.999999999999,0.));
#228 = ORIENTED_EDGE('',*,*,#229,.F.);
#229 = EDGE_CURVE('',#230,#221,#232,.T.);
#230 = VERTEX_POINT('',#231);
#231 = CARTESIAN_POINT('',(159.295238,-128.38,0.));
#232 = LINE('',#233,#234);
#233 = CARTESIAN_POINT('',(159.295238,-128.38,0.));
#234 = VECTOR('',#235,1.);
#235 = DIRECTION('',(-1.,0.,0.));
#236 = ORIENTED_EDGE('',*,*,#237,.F.);
#237 = EDGE_CURVE('',#238,#230,#240,.T.);
#238 = VERTEX_POINT('',#239);
#239 = CARTESIAN_POINT('',(159.405487,-128.387709,0.));
#240 = LINE('',#241,#242);
#241 = CARTESIAN_POINT('',(159.405487,-128.387709,0.));
#242 = VECTOR('',#243,1.);
#243 = DIRECTION('',(-0.997564277611,6.975322239756E-02,0.));
#244 = ORIENTED_EDGE('',*,*,#245,.F.);
#245 = EDGE_CURVE('',#246,#238,#248,.T.);
#246 = VERTEX_POINT('',#247);
#247 = CARTESIAN_POINT('',(176.816155,-130.834619,0.));
#248 = LINE('',#249,#250);
#249 = CARTESIAN_POINT('',(176.816155,-130.834619,0.));
#250 = VECTOR('',#251,1.);
#251 = DIRECTION('',(-0.990268067279,0.139173111365,0.));
#252 = ORIENTED_EDGE('',*,*,#253,.F.);
#253 = EDGE_CURVE('',#254,#246,#256,.T.);
#254 = VERTEX_POINT('',#255);
#255 = CARTESIAN_POINT('',(210.881785,-143.186501,0.));
#256 = LINE('',#257,#258);
#257 = CARTESIAN_POINT('',(210.881785,-143.186501,0.));
#258 = VECTOR('',#259,1.);
#259 = DIRECTION('',(-0.940108730375,0.340874720496,0.));
#260 = ORIENTED_EDGE('',*,*,#261,.F.);
#261 = EDGE_CURVE('',#262,#254,#264,.T.);
#262 = VERTEX_POINT('',#263);
#263 = CARTESIAN_POINT('',(214.645046,-141.586385,0.));
#264 = CIRCLE('',#265,2.99995160822);
#265 = AXIS2_PLACEMENT_3D('',#266,#267,#268);
#266 = CARTESIAN_POINT('',(211.904435539,-140.3662358481,0.));
#267 = DIRECTION('',(0.,0.,-1.));
#268 = DIRECTION('',(0.91355155646,-0.406722944632,0.));
#269 = ORIENTED_EDGE('',*,*,#270,.F.);
#270 = EDGE_CURVE('',#271,#262,#273,.T.);
#271 = VERTEX_POINT('',#272);
#272 = CARTESIAN_POINT('',(221.966305,-125.142567,0.));
#273 = LINE('',#274,#275);
#274 = CARTESIAN_POINT('',(221.966305,-125.142567,0.));
#275 = VECTOR('',#276,1.);
#276 = DIRECTION('',(-0.406736621303,-0.913545467336,0.));
#277 = ORIENTED_EDGE('',*,*,#278,.F.);
#278 = EDGE_CURVE('',#279,#271,#281,.T.);
#279 = VERTEX_POINT('',#280);
#280 = CARTESIAN_POINT('',(222.225473,-123.888101,0.));
#281 = CIRCLE('',#282,2.999640438622);
#282 = AXIS2_PLACEMENT_3D('',#283,#284,#285);
#283 = CARTESIAN_POINT('',(219.22602902332,-123.9224316252,0.));
#284 = DIRECTION('',(0.,0.,-1.));
#285 = DIRECTION('',(0.999934504833,1.144491346877E-02,0.));
#286 = ORIENTED_EDGE('',*,*,#287,.F.);
#287 = EDGE_CURVE('',#288,#279,#290,.T.);
#288 = VERTEX_POINT('',#289);
#289 = CARTESIAN_POINT('',(222.,-104.142874,0.));
#290 = LINE('',#291,#292);
#291 = CARTESIAN_POINT('',(222.,-104.142874,0.));
#292 = VECTOR('',#293,1.);
#293 = DIRECTION('',(1.141836966625E-02,-0.999934808292,0.));
#294 = ORIENTED_EDGE('',*,*,#295,.F.);
#295 = EDGE_CURVE('',#296,#288,#298,.T.);
#296 = VERTEX_POINT('',#297);
#297 = CARTESIAN_POINT('',(222.,-52.66,0.));
#298 = LINE('',#299,#300);
#299 = CARTESIAN_POINT('',(222.,-52.66,0.));
#300 = VECTOR('',#301,1.);
#301 = DIRECTION('',(0.,-1.,0.));
#302 = ORIENTED_EDGE('',*,*,#303,.F.);
#303 = EDGE_CURVE('',#304,#296,#306,.T.);
#304 = VERTEX_POINT('',#305);
#305 = CARTESIAN_POINT('',(219.156104,-49.664064,0.));
#306 = CIRCLE('',#307,2.999999427614);
#307 = AXIS2_PLACEMENT_3D('',#308,#309,#310);
#308 = CARTESIAN_POINT('',(219.00000057238,-52.65999929395,0.));
#309 = DIRECTION('',(0.,0.,-1.));
#310 = DIRECTION('',(5.203448579918E-02,0.998645288522,0.));
#311 = ORIENTED_EDGE('',*,*,#312,.F.);
#312 = EDGE_CURVE('',#122,#304,#313,.T.);
#313 = LINE('',#314,#315);
#314 = CARTESIAN_POINT('',(181.445993,-47.699169,0.));
#315 = VECTOR('',#316,1.);
#316 = DIRECTION('',(0.998645279016,-5.203466824883E-02,0.));
#317 = ORIENTED_EDGE('',*,*,#129,.F.);
#318 = FACE_BOUND('',#319,.F.);
#319 = EDGE_LOOP('',(#320));
#320 = ORIENTED_EDGE('',*,*,#321,.T.);
#321 = EDGE_CURVE('',#322,#322,#324,.T.);
#322 = VERTEX_POINT('',#323);
#323 = CARTESIAN_POINT('',(150.4,-122.83,0.));
#324 = CIRCLE('',#325,0.95);
#325 = AXIS2_PLACEMENT_3D('',#326,#327,#328);
#326 = CARTESIAN_POINT('',(150.4,-121.88,0.));
#327 = DIRECTION('',(-0.,0.,-1.));
#328 = DIRECTION('',(2.991758887411E-14,-1.,-0.));
#329 = FACE_BOUND('',#330,.F.);
#330 = EDGE_LOOP('',(#331));
#331 = ORIENTED_EDGE('',*,*,#332,.T.);
#332 = EDGE_CURVE('',#333,#333,#335,.T.);
#333 = VERTEX_POINT('',#334);
#334 = CARTESIAN_POINT('',(154.15,-122.88,0.));
#335 = CIRCLE('',#336,1.5);
#336 = AXIS2_PLACEMENT_3D('',#337,#338,#339);
#337 = CARTESIAN_POINT('',(154.15,-121.38,0.));
#338 = DIRECTION('',(-0.,0.,-1.));
#339 = DIRECTION('',(-0.,-1.,0.));
#340 = FACE_BOUND('',#341,.F.);
#341 = EDGE_LOOP('',(#342));
#342 = ORIENTED_EDGE('',*,*,#343,.T.);
#343 = EDGE_CURVE('',#344,#344,#346,.T.);
#344 = VERTEX_POINT('',#345);
#345 = CARTESIAN_POINT('',(150.4,-118.88,0.));
#346 = CIRCLE('',#347,2.5);
#347 = AXIS2_PLACEMENT_3D('',#348,#349,#350);
#348 = CARTESIAN_POINT('',(150.4,-116.38,0.));
#349 = DIRECTION('',(-0.,0.,-1.));
#350 = DIRECTION('',(-0.,-1.,0.));
#351 = FACE_BOUND('',#352,.F.);
#352 = EDGE_LOOP('',(#353));
#353 = ORIENTED_EDGE('',*,*,#354,.T.);
#354 = EDGE_CURVE('',#355,#355,#357,.T.);
#355 = VERTEX_POINT('',#356);
#356 = CARTESIAN_POINT('',(156.35,-117.88,0.));
#357 = CIRCLE('',#358,1.5);
#358 = AXIS2_PLACEMENT_3D('',#359,#360,#361);
#359 = CARTESIAN_POINT('',(156.35,-116.38,0.));
#360 = DIRECTION('',(-0.,0.,-1.));
#361 = DIRECTION('',(-0.,-1.,0.));
#362 = FACE_BOUND('',#363,.F.);
#363 = EDGE_LOOP('',(#364));
#364 = ORIENTED_EDGE('',*,*,#365,.T.);
#365 = EDGE_CURVE('',#366,#366,#368,.T.);
#366 = VERTEX_POINT('',#367);
#367 = CARTESIAN_POINT('',(95.,-105.95,0.));
#368 = CIRCLE('',#369,0.8);
#369 = AXIS2_PLACEMENT_3D('',#370,#371,#372);
#370 = CARTESIAN_POINT('',(95.,-105.15,0.));
#371 = DIRECTION('',(-0.,0.,-1.));
#372 = DIRECTION('',(-0.,-1.,0.));
#373 = FACE_BOUND('',#374,.F.);
#374 = EDGE_LOOP('',(#375));
#375 = ORIENTED_EDGE('',*,*,#376,.T.);
#376 = EDGE_CURVE('',#377,#377,#379,.T.);
#377 = VERTEX_POINT('',#378);
#378 = CARTESIAN_POINT('',(113.,-105.95,0.));
#379 = CIRCLE('',#380,0.8);
#380 = AXIS2_PLACEMENT_3D('',#381,#382,#383);
#381 = CARTESIAN_POINT('',(113.,-105.15,0.));
#382 = DIRECTION('',(-0.,0.,-1.));
#383 = DIRECTION('',(-0.,-1.,0.));
#384 = FACE_BOUND('',#385,.F.);
#385 = EDGE_LOOP('',(#386));
#386 = ORIENTED_EDGE('',*,*,#387,.T.);
#387 = EDGE_CURVE('',#388,#388,#390,.T.);
#388 = VERTEX_POINT('',#389);
#389 = CARTESIAN_POINT('',(94.5,-100.95,0.));
#390 = CIRCLE('',#391,0.95);
#391 = AXIS2_PLACEMENT_3D('',#392,#393,#394);
#392 = CARTESIAN_POINT('',(94.5,-100.,0.));
#393 = DIRECTION('',(-0.,0.,-1.));
#394 = DIRECTION('',(-0.,-1.,0.));
#395 = FACE_BOUND('',#396,.F.);
#396 = EDGE_LOOP('',(#397));
#397 = ORIENTED_EDGE('',*,*,#398,.T.);
#398 = EDGE_CURVE('',#399,#399,#401,.T.);
#399 = VERTEX_POINT('',#400);
#400 = CARTESIAN_POINT('',(100.,-102.5,0.));
#401 = CIRCLE('',#402,2.5);
#402 = AXIS2_PLACEMENT_3D('',#403,#404,#405);
#403 = CARTESIAN_POINT('',(100.,-100.,0.));
#404 = DIRECTION('',(-0.,0.,-1.));
#405 = DIRECTION('',(-0.,-1.,0.));
#406 = FACE_BOUND('',#407,.F.);
#407 = EDGE_LOOP('',(#408));
#408 = ORIENTED_EDGE('',*,*,#409,.T.);
#409 = EDGE_CURVE('',#410,#410,#412,.T.);
#410 = VERTEX_POINT('',#411);
#411 = CARTESIAN_POINT('',(105.5,-100.95,0.));
#412 = CIRCLE('',#413,0.95);
#413 = AXIS2_PLACEMENT_3D('',#414,#415,#416);
#414 = CARTESIAN_POINT('',(105.5,-100.,0.));
#415 = DIRECTION('',(-0.,0.,-1.));
#416 = DIRECTION('',(-0.,-1.,0.));
#417 = FACE_BOUND('',#418,.F.);
#418 = EDGE_LOOP('',(#419));
#419 = ORIENTED_EDGE('',*,*,#420,.T.);
#420 = EDGE_CURVE('',#421,#421,#423,.T.);
#421 = VERTEX_POINT('',#422);
#422 = CARTESIAN_POINT('',(100.,-95.55,0.));
#423 = CIRCLE('',#424,1.5);
#424 = AXIS2_PLACEMENT_3D('',#425,#426,#427);
#425 = CARTESIAN_POINT('',(100.,-94.05,0.));
#426 = DIRECTION('',(-0.,0.,-1.));
#427 = DIRECTION('',(-0.,-1.,0.));
#428 = FACE_BOUND('',#429,.F.);
#429 = EDGE_LOOP('',(#430));
#430 = ORIENTED_EDGE('',*,*,#431,.T.);
#431 = EDGE_CURVE('',#432,#432,#434,.T.);
#432 = VERTEX_POINT('',#433);
#433 = CARTESIAN_POINT('',(105.,-97.75,0.));
#434 = CIRCLE('',#435,1.5);
#435 = AXIS2_PLACEMENT_3D('',#436,#437,#438);
#436 = CARTESIAN_POINT('',(105.,-96.25,0.));
#437 = DIRECTION('',(-0.,0.,-1.));
#438 = DIRECTION('',(-0.,-1.,0.));
#439 = FACE_BOUND('',#440,.F.);
#440 = EDGE_LOOP('',(#441));
#441 = ORIENTED_EDGE('',*,*,#442,.T.);
#442 = EDGE_CURVE('',#443,#443,#445,.T.);
#443 = VERTEX_POINT('',#444);
#444 = CARTESIAN_POINT('',(112.5,-100.95,0.));
#445 = CIRCLE('',#446,0.95);
#446 = AXIS2_PLACEMENT_3D('',#447,#448,#449);
#447 = CARTESIAN_POINT('',(112.5,-100.,0.));
#448 = DIRECTION('',(-0.,0.,-1.));
#449 = DIRECTION('',(-0.,-1.,0.));
#450 = FACE_BOUND('',#451,.F.);
#451 = EDGE_LOOP('',(#452));
#452 = ORIENTED_EDGE('',*,*,#453,.T.);
#453 = EDGE_CURVE('',#454,#454,#456,.T.);
#454 = VERTEX_POINT('',#455);
#455 = CARTESIAN_POINT('',(118.,-102.5,0.));
#456 = CIRCLE('',#457,2.5);
#457 = AXIS2_PLACEMENT_3D('',#458,#459,#460);
#458 = CARTESIAN_POINT('',(118.,-100.,0.));
#459 = DIRECTION('',(-0.,0.,-1.));
#460 = DIRECTION('',(-0.,-1.,0.));
#461 = FACE_BOUND('',#462,.F.);
#462 = EDGE_LOOP('',(#463));
#463 = ORIENTED_EDGE('',*,*,#464,.T.);
#464 = EDGE_CURVE('',#465,#465,#467,.T.);
#465 = VERTEX_POINT('',#466);
#466 = CARTESIAN_POINT('',(123.5,-100.95,0.));
#467 = CIRCLE('',#468,0.95);
#468 = AXIS2_PLACEMENT_3D('',#469,#470,#471);
#469 = CARTESIAN_POINT('',(123.5,-100.,0.));
#470 = DIRECTION('',(-0.,0.,-1.));
#471 = DIRECTION('',(-0.,-1.,0.));
#472 = FACE_BOUND('',#473,.F.);
#473 = EDGE_LOOP('',(#474));
#474 = ORIENTED_EDGE('',*,*,#475,.T.);
#475 = EDGE_CURVE('',#476,#476,#478,.T.);
#476 = VERTEX_POINT('',#477);
#477 = CARTESIAN_POINT('',(123.,-97.75,0.));
#478 = CIRCLE('',#479,1.5);
#479 = AXIS2_PLACEMENT_3D('',#480,#481,#482);
#480 = CARTESIAN_POINT('',(123.,-96.25,0.));
#481 = DIRECTION('',(-0.,0.,-1.));
#482 = DIRECTION('',(-0.,-1.,0.));
#483 = FACE_BOUND('',#484,.F.);
#484 = EDGE_LOOP('',(#485));
#485 = ORIENTED_EDGE('',*,*,#486,.T.);
#486 = EDGE_CURVE('',#487,#487,#489,.T.);
#487 = VERTEX_POINT('',#488);
#488 = CARTESIAN_POINT('',(118.,-95.55,0.));
#489 = CIRCLE('',#490,1.5);
#490 = AXIS2_PLACEMENT_3D('',#491,#492,#493);
#491 = CARTESIAN_POINT('',(118.,-94.05,0.));
#492 = DIRECTION('',(-0.,0.,-1.));
#493 = DIRECTION('',(-0.,-1.,0.));
#494 = FACE_BOUND('',#495,.F.);
#495 = EDGE_LOOP('',(#496));
#496 = ORIENTED_EDGE('',*,*,#497,.T.);
#497 = EDGE_CURVE('',#498,#498,#500,.T.);
#498 = VERTEX_POINT('',#499);
#499 = CARTESIAN_POINT('',(145.25,-112.18,0.));
#500 = CIRCLE('',#501,0.8);
#501 = AXIS2_PLACEMENT_3D('',#502,#503,#504);
#502 = CARTESIAN_POINT('',(145.25,-111.38,0.));
#503 = DIRECTION('',(-0.,0.,-1.));
#504 = DIRECTION('',(-0.,-1.,0.));
#505 = FACE_BOUND('',#506,.F.);
#506 = EDGE_LOOP('',(#507));
#507 = ORIENTED_EDGE('',*,*,#508,.T.);
#508 = EDGE_CURVE('',#509,#509,#511,.T.);
#509 = VERTEX_POINT('',#510);
#510 = CARTESIAN_POINT('',(150.4,-111.83,0.));
#511 = CIRCLE('',#512,0.95);
#512 = AXIS2_PLACEMENT_3D('',#513,#514,#515);
#513 = CARTESIAN_POINT('',(150.4,-110.88,0.));
#514 = DIRECTION('',(-0.,0.,-1.));
#515 = DIRECTION('',(2.991758887411E-14,-1.,-0.));
#516 = FACE_BOUND('',#517,.F.);
#517 = EDGE_LOOP('',(#518));
#518 = ORIENTED_EDGE('',*,*,#519,.T.);
#519 = EDGE_CURVE('',#520,#520,#522,.T.);
#520 = VERTEX_POINT('',#521);
#521 = CARTESIAN_POINT('',(154.,-105.24,0.));
#522 = CIRCLE('',#523,1.1);
#523 = AXIS2_PLACEMENT_3D('',#524,#525,#526);
#524 = CARTESIAN_POINT('',(154.,-104.14,0.));
#525 = DIRECTION('',(-0.,0.,-1.));
#526 = DIRECTION('',(-0.,-1.,0.));
#527 = FACE_BOUND('',#528,.F.);
#528 = EDGE_LOOP('',(#529));
#529 = ORIENTED_EDGE('',*,*,#530,.T.);
#530 = EDGE_CURVE('',#531,#531,#533,.T.);
#531 = VERTEX_POINT('',#532);
#532 = CARTESIAN_POINT('',(131.,-99.65,0.));
#533 = CIRCLE('',#534,0.8);
#534 = AXIS2_PLACEMENT_3D('',#535,#536,#537);
#535 = CARTESIAN_POINT('',(131.,-98.85,0.));
#536 = DIRECTION('',(-0.,0.,-1.));
#537 = DIRECTION('',(-0.,-1.,0.));
#538 = FACE_BOUND('',#539,.F.);
#539 = EDGE_LOOP('',(#540));
#540 = ORIENTED_EDGE('',*,*,#541,.T.);
#541 = EDGE_CURVE('',#542,#542,#544,.T.);
#542 = VERTEX_POINT('',#543);
#543 = CARTESIAN_POINT('',(130.5,-94.65,0.));
#544 = CIRCLE('',#545,0.95);
#545 = AXIS2_PLACEMENT_3D('',#546,#547,#548);
#546 = CARTESIAN_POINT('',(130.5,-93.7,0.));
#547 = DIRECTION('',(-0.,0.,-1.));
#548 = DIRECTION('',(-0.,-1.,0.));
#549 = FACE_BOUND('',#550,.F.);
#550 = EDGE_LOOP('',(#551));
#551 = ORIENTED_EDGE('',*,*,#552,.T.);
#552 = EDGE_CURVE('',#553,#553,#555,.T.);
#553 = VERTEX_POINT('',#554);
#554 = CARTESIAN_POINT('',(136.,-96.2,0.));
#555 = CIRCLE('',#556,2.5);
#556 = AXIS2_PLACEMENT_3D('',#557,#558,#559);
#557 = CARTESIAN_POINT('',(136.,-93.7,0.));
#558 = DIRECTION('',(-0.,0.,-1.));
#559 = DIRECTION('',(-0.,-1.,0.));
#560 = FACE_BOUND('',#561,.F.);
#561 = EDGE_LOOP('',(#562));
#562 = ORIENTED_EDGE('',*,*,#563,.T.);
#563 = EDGE_CURVE('',#564,#564,#566,.T.);
#564 = VERTEX_POINT('',#565);
#565 = CARTESIAN_POINT('',(149.,-97.13,0.));
#566 = CIRCLE('',#567,0.8);
#567 = AXIS2_PLACEMENT_3D('',#568,#569,#570);
#568 = CARTESIAN_POINT('',(149.,-96.33,0.));
#569 = DIRECTION('',(-0.,0.,-1.));
#570 = DIRECTION('',(-0.,-1.,0.));
#571 = FACE_BOUND('',#572,.F.);
#572 = EDGE_LOOP('',(#573));
#573 = ORIENTED_EDGE('',*,*,#574,.T.);
#574 = EDGE_CURVE('',#575,#575,#577,.T.);
#575 = VERTEX_POINT('',#576);
#576 = CARTESIAN_POINT('',(141.5,-94.65,0.));
#577 = CIRCLE('',#578,0.95);
#578 = AXIS2_PLACEMENT_3D('',#579,#580,#581);
#579 = CARTESIAN_POINT('',(141.5,-93.7,0.));
#580 = DIRECTION('',(-0.,0.,-1.));
#581 = DIRECTION('',(-0.,-1.,0.));
#582 = FACE_BOUND('',#583,.F.);
#583 = EDGE_LOOP('',(#584));
#584 = ORIENTED_EDGE('',*,*,#585,.T.);
#585 = EDGE_CURVE('',#586,#586,#588,.T.);
#586 = VERTEX_POINT('',#587);
#587 = CARTESIAN_POINT('',(187.473195,-128.040339,0.));
#588 = CIRCLE('',#589,0.95);
#589 = AXIS2_PLACEMENT_3D('',#590,#591,#592);
#590 = CARTESIAN_POINT('',(187.473195,-127.090339,0.));
#591 = DIRECTION('',(-0.,0.,-1.));
#592 = DIRECTION('',(2.991758887411E-14,-1.,-0.));
#593 = FACE_BOUND('',#594,.F.);
#594 = EDGE_LOOP('',(#595));
#595 = ORIENTED_EDGE('',*,*,#596,.T.);
#596 = EDGE_CURVE('',#597,#597,#599,.T.);
#597 = VERTEX_POINT('',#598);
#598 = CARTESIAN_POINT('',(169.118748,-124.138974,0.));
#599 = CIRCLE('',#600,0.95);
#600 = AXIS2_PLACEMENT_3D('',#601,#602,#603);
#601 = CARTESIAN_POINT('',(169.118748,-123.188974,0.));
#602 = DIRECTION('',(-0.,0.,-1.));
#603 = DIRECTION('',(2.991758887411E-14,-1.,-0.));
#604 = FACE_BOUND('',#605,.F.);
#605 = EDGE_LOOP('',(#606));
#606 = ORIENTED_EDGE('',*,*,#607,.T.);
#607 = EDGE_CURVE('',#608,#608,#610,.T.);
#608 = VERTEX_POINT('',#609);
#609 = CARTESIAN_POINT('',(169.8842,-120.2425,0.));
#610 = CIRCLE('',#611,2.5);
#611 = AXIS2_PLACEMENT_3D('',#612,#613,#614);
#612 = CARTESIAN_POINT('',(169.8842,-117.7425,0.));
#613 = DIRECTION('',(-0.,0.,-1.));
#614 = DIRECTION('',(-0.,-1.,0.));
#615 = FACE_BOUND('',#616,.F.);
#616 = EDGE_LOOP('',(#617));
#617 = ORIENTED_EDGE('',*,*,#618,.T.);
#618 = EDGE_CURVE('',#619,#619,#621,.T.);
#619 = VERTEX_POINT('',#620);
#620 = CARTESIAN_POINT('',(172.90184,-124.715738,0.));
#621 = CIRCLE('',#622,1.5);
#622 = AXIS2_PLACEMENT_3D('',#623,#624,#625);
#623 = CARTESIAN_POINT('',(172.90184,-123.215738,0.));
#624 = DIRECTION('',(-0.,0.,-1.));
#625 = DIRECTION('',(-0.,-1.,0.));
#626 = FACE_BOUND('',#627,.F.);
#627 = EDGE_LOOP('',(#628));
#628 = ORIENTED_EDGE('',*,*,#629,.T.);
#629 = EDGE_CURVE('',#630,#630,#632,.T.);
#630 = VERTEX_POINT('',#631);
#631 = CARTESIAN_POINT('',(175.776295,-120.07058,0.));
#632 = CIRCLE('',#633,1.5);
#633 = AXIS2_PLACEMENT_3D('',#634,#635,#636);
#634 = CARTESIAN_POINT('',(175.776295,-118.57058,0.));
#635 = DIRECTION('',(-0.,0.,-1.));
#636 = DIRECTION('',(-0.,-1.,0.));
#637 = FACE_BOUND('',#638,.F.);
#638 = EDGE_LOOP('',(#639));
#639 = ORIENTED_EDGE('',*,*,#640,.T.);
#640 = EDGE_CURVE('',#641,#641,#643,.T.);
#641 = VERTEX_POINT('',#642);
#642 = CARTESIAN_POINT('',(185.416889,-116.377559,0.));
#643 = CIRCLE('',#644,0.8);
#644 = AXIS2_PLACEMENT_3D('',#645,#646,#647);
#645 = CARTESIAN_POINT('',(185.416889,-115.577559,0.));
#646 = DIRECTION('',(-0.,0.,-1.));
#647 = DIRECTION('',(-0.,-1.,0.));
#648 = FACE_BOUND('',#649,.F.);
#649 = EDGE_LOOP('',(#650));
#650 = ORIENTED_EDGE('',*,*,#651,.T.);
#651 = EDGE_CURVE('',#652,#652,#654,.T.);
#652 = VERTEX_POINT('',#653);
#653 = CARTESIAN_POINT('',(191.215746,-129.143349,0.));
#654 = CIRCLE('',#655,1.5);
#655 = AXIS2_PLACEMENT_3D('',#656,#657,#658);
#656 = CARTESIAN_POINT('',(191.215746,-127.643349,0.));
#657 = DIRECTION('',(-0.,0.,-1.));
#658 = DIRECTION('',(-0.,-1.,0.));
#659 = FACE_BOUND('',#660,.F.);
#660 = EDGE_LOOP('',(#661));
#661 = ORIENTED_EDGE('',*,*,#662,.T.);
#662 = EDGE_CURVE('',#663,#663,#665,.T.);
#663 = VERTEX_POINT('',#664);
#664 = CARTESIAN_POINT('',(205.106048,-134.4581,0.));
#665 = CIRCLE('',#666,0.95);
#666 = AXIS2_PLACEMENT_3D('',#667,#668,#669);
#667 = CARTESIAN_POINT('',(205.106048,-133.5081,0.));
#668 = DIRECTION('',(-0.,0.,-1.));
#669 = DIRECTION('',(-0.,-1.,0.));
#670 = FACE_BOUND('',#671,.F.);
#671 = EDGE_LOOP('',(#672));
#672 = ORIENTED_EDGE('',*,*,#673,.T.);
#673 = EDGE_CURVE('',#674,#674,#676,.T.);
#674 = VERTEX_POINT('',#675);
#675 = CARTESIAN_POINT('',(208.735212,-136.07659,0.));
#676 = CIRCLE('',#677,1.5);
#677 = AXIS2_PLACEMENT_3D('',#678,#679,#680);
#678 = CARTESIAN_POINT('',(208.735212,-134.57659,0.));
#679 = DIRECTION('',(-0.,0.,-1.));
#680 = DIRECTION('',(-0.,-1.,0.));
#681 = FACE_BOUND('',#682,.F.);
#682 = EDGE_LOOP('',(#683));
#683 = ORIENTED_EDGE('',*,*,#684,.T.);
#684 = EDGE_CURVE('',#685,#685,#687,.T.);
#685 = VERTEX_POINT('',#686);
#686 = CARTESIAN_POINT('',(212.778695,-132.403683,0.));
#687 = CIRCLE('',#688,1.5);
#688 = AXIS2_PLACEMENT_3D('',#689,#690,#691);
#689 = CARTESIAN_POINT('',(212.778695,-130.903683,0.));
#690 = DIRECTION('',(-0.,0.,-1.));
#691 = DIRECTION('',(-0.,-1.,0.));
#692 = FACE_BOUND('',#693,.F.);
#693 = EDGE_LOOP('',(#694));
#694 = ORIENTED_EDGE('',*,*,#695,.T.);
#695 = EDGE_CURVE('',#696,#696,#698,.T.);
#696 = VERTEX_POINT('',#697);
#697 = CARTESIAN_POINT('',(207.3431,-130.9836,0.));
#698 = CIRCLE('',#699,2.5);
#699 = AXIS2_PLACEMENT_3D('',#700,#701,#702);
#700 = CARTESIAN_POINT('',(207.3431,-128.4836,0.));
#701 = DIRECTION('',(-0.,0.,-1.));
#702 = DIRECTION('',(-0.,-1.,0.));
#703 = FACE_BOUND('',#704,.F.);
#704 = EDGE_LOOP('',(#705));
#705 = ORIENTED_EDGE('',*,*,#706,.T.);
#706 = EDGE_CURVE('',#707,#707,#709,.T.);
#707 = VERTEX_POINT('',#708);
#708 = CARTESIAN_POINT('',(194.708707,-124.943442,0.));
#709 = CIRCLE('',#710,1.5);
#710 = AXIS2_PLACEMENT_3D('',#711,#712,#713);
#711 = CARTESIAN_POINT('',(194.708707,-123.443442,0.));
#712 = DIRECTION('',(-0.,0.,-1.));
#713 = DIRECTION('',(-0.,-1.,0.));
#714 = FACE_BOUND('',#715,.F.);
#715 = EDGE_LOOP('',(#716));
#716 = ORIENTED_EDGE('',*,*,#717,.T.);
#717 = EDGE_CURVE('',#718,#718,#720,.T.);
#718 = VERTEX_POINT('',#719);
#719 = CARTESIAN_POINT('',(188.9892,-124.3034,0.));
#720 = CIRCLE('',#721,2.5);
#721 = AXIS2_PLACEMENT_3D('',#722,#723,#724);
#722 = CARTESIAN_POINT('',(188.9892,-121.8034,0.));
#723 = DIRECTION('',(-0.,0.,-1.));
#724 = DIRECTION('',(-0.,-1.,0.));
#725 = FACE_BOUND('',#726,.F.);
#726 = EDGE_LOOP('',(#727));
#727 = ORIENTED_EDGE('',*,*,#728,.T.);
#728 = EDGE_CURVE('',#729,#729,#731,.T.);
#729 = VERTEX_POINT('',#730);
#730 = CARTESIAN_POINT('',(190.505205,-117.466461,0.));
#731 = CIRCLE('',#732,0.95);
#732 = AXIS2_PLACEMENT_3D('',#733,#734,#735);
#733 = CARTESIAN_POINT('',(190.505205,-116.516461,0.));
#734 = DIRECTION('',(-0.,0.,-1.));
#735 = DIRECTION('',(-0.,-1.,0.));
#736 = FACE_BOUND('',#737,.F.);
#737 = EDGE_LOOP('',(#738));
#738 = ORIENTED_EDGE('',*,*,#739,.T.);
#739 = EDGE_CURVE('',#740,#740,#742,.T.);
#740 = VERTEX_POINT('',#741);
#741 = CARTESIAN_POINT('',(209.580152,-124.4091,0.));
#742 = CIRCLE('',#743,0.95);
#743 = AXIS2_PLACEMENT_3D('',#744,#745,#746);
#744 = CARTESIAN_POINT('',(209.580152,-123.4591,0.));
#745 = DIRECTION('',(-0.,0.,-1.));
#746 = DIRECTION('',(-0.,-1.,0.));
#747 = FACE_BOUND('',#748,.F.);
#748 = EDGE_LOOP('',(#749));
#749 = ORIENTED_EDGE('',*,*,#750,.T.);
#750 = EDGE_CURVE('',#751,#751,#753,.T.);
#751 = VERTEX_POINT('',#752);
#752 = CARTESIAN_POINT('',(204.672024,-122.621179,0.));
#753 = CIRCLE('',#754,0.8);
#754 = AXIS2_PLACEMENT_3D('',#755,#756,#757);
#755 = CARTESIAN_POINT('',(204.672024,-121.821179,0.));
#756 = DIRECTION('',(-0.,0.,-1.));
#757 = DIRECTION('',(-3.552713678801E-14,-1.,0.));
#758 = FACE_BOUND('',#759,.F.);
#759 = EDGE_LOOP('',(#760));
#760 = ORIENTED_EDGE('',*,*,#761,.T.);
#761 = EDGE_CURVE('',#762,#762,#764,.T.);
#762 = VERTEX_POINT('',#763);
#763 = CARTESIAN_POINT('',(165.480185,-112.874418,0.));
#764 = CIRCLE('',#765,0.8);
#765 = AXIS2_PLACEMENT_3D('',#766,#767,#768);
#766 = CARTESIAN_POINT('',(165.480185,-112.074418,0.));
#767 = DIRECTION('',(-0.,0.,-1.));
#768 = DIRECTION('',(-0.,-1.,0.));
#769 = FACE_BOUND('',#770,.F.);
#770 = EDGE_LOOP('',(#771));
#771 = ORIENTED_EDGE('',*,*,#772,.T.);
#772 = EDGE_CURVE('',#773,#773,#775,.T.);
#773 = VERTEX_POINT('',#774);
#774 = CARTESIAN_POINT('',(170.649652,-113.246026,0.));
#775 = CIRCLE('',#776,0.95);
#776 = AXIS2_PLACEMENT_3D('',#777,#778,#779);
#777 = CARTESIAN_POINT('',(170.649652,-112.296026,0.));
#778 = DIRECTION('',(-0.,0.,-1.));
#779 = DIRECTION('',(-0.,-1.,0.));
#780 = FACE_BOUND('',#781,.F.);
#781 = EDGE_LOOP('',(#782));
#782 = ORIENTED_EDGE('',*,*,#783,.T.);
#783 = EDGE_CURVE('',#784,#784,#786,.T.);
#784 = VERTEX_POINT('',#785);
#785 = CARTESIAN_POINT('',(167.,-101.63,0.));
#786 = CIRCLE('',#787,0.8);
#787 = AXIS2_PLACEMENT_3D('',#788,#789,#790);
#788 = CARTESIAN_POINT('',(167.,-100.83,0.));
#789 = DIRECTION('',(-0.,0.,-1.));
#790 = DIRECTION('',(-0.,-1.,0.));
#791 = FACE_BOUND('',#792,.F.);
#792 = EDGE_LOOP('',(#793));
#793 = ORIENTED_EDGE('',*,*,#794,.T.);
#794 = EDGE_CURVE('',#795,#795,#797,.T.);
#795 = VERTEX_POINT('',#796);
#796 = CARTESIAN_POINT('',(166.5,-96.63,0.));
#797 = CIRCLE('',#798,0.95);
#798 = AXIS2_PLACEMENT_3D('',#799,#800,#801);
#799 = CARTESIAN_POINT('',(166.5,-95.68,0.));
#800 = DIRECTION('',(-0.,0.,-1.));
#801 = DIRECTION('',(-0.,-1.,0.));
#802 = FACE_BOUND('',#803,.F.);
#803 = EDGE_LOOP('',(#804));
#804 = ORIENTED_EDGE('',*,*,#805,.T.);
#805 = EDGE_CURVE('',#806,#806,#808,.T.);
#806 = VERTEX_POINT('',#807);
#807 = CARTESIAN_POINT('',(172.,-98.18,0.));
#808 = CIRCLE('',#809,2.5);
#809 = AXIS2_PLACEMENT_3D('',#810,#811,#812);
#810 = CARTESIAN_POINT('',(172.,-95.68,0.));
#811 = DIRECTION('',(-0.,0.,-1.));
#812 = DIRECTION('',(-0.,-1.,0.));
#813 = FACE_BOUND('',#814,.F.);
#814 = EDGE_LOOP('',(#815));
#815 = ORIENTED_EDGE('',*,*,#816,.T.);
#816 = EDGE_CURVE('',#817,#817,#819,.T.);
#817 = VERTEX_POINT('',#818);
#818 = CARTESIAN_POINT('',(185.,-103.61,0.));
#819 = CIRCLE('',#820,0.8);
#820 = AXIS2_PLACEMENT_3D('',#821,#822,#823);
#821 = CARTESIAN_POINT('',(185.,-102.81,0.));
#822 = DIRECTION('',(-0.,0.,-1.));
#823 = DIRECTION('',(-0.,-1.,0.));
#824 = FACE_BOUND('',#825,.F.);
#825 = EDGE_LOOP('',(#826));
#826 = ORIENTED_EDGE('',*,*,#827,.T.);
#827 = EDGE_CURVE('',#828,#828,#830,.T.);
#828 = VERTEX_POINT('',#829);
#829 = CARTESIAN_POINT('',(184.5,-98.61,0.));
#830 = CIRCLE('',#831,0.95);
#831 = AXIS2_PLACEMENT_3D('',#832,#833,#834);
#832 = CARTESIAN_POINT('',(184.5,-97.66,0.));
#833 = DIRECTION('',(-0.,0.,-1.));
#834 = DIRECTION('',(-0.,-1.,0.));
#835 = FACE_BOUND('',#836,.F.);
#836 = EDGE_LOOP('',(#837));
#837 = ORIENTED_EDGE('',*,*,#838,.T.);
#838 = EDGE_CURVE('',#839,#839,#841,.T.);
#839 = VERTEX_POINT('',#840);
#840 = CARTESIAN_POINT('',(177.5,-96.63,0.));
#841 = CIRCLE('',#842,0.95);
#842 = AXIS2_PLACEMENT_3D('',#843,#844,#845);
#843 = CARTESIAN_POINT('',(177.5,-95.68,0.));
#844 = DIRECTION('',(-0.,0.,-1.));
#845 = DIRECTION('',(-0.,-1.,0.));
#846 = FACE_BOUND('',#847,.F.);
#847 = EDGE_LOOP('',(#848));
#848 = ORIENTED_EDGE('',*,*,#849,.T.);
#849 = EDGE_CURVE('',#850,#850,#852,.T.);
#850 = VERTEX_POINT('',#851);
#851 = CARTESIAN_POINT('',(177.,-93.43,0.));
#852 = CIRCLE('',#853,1.5);
#853 = AXIS2_PLACEMENT_3D('',#854,#855,#856);
#854 = CARTESIAN_POINT('',(177.,-91.93,0.));
#855 = DIRECTION('',(-0.,0.,-1.));
#856 = DIRECTION('',(-0.,-1.,0.));
#857 = FACE_BOUND('',#858,.F.);
#858 = EDGE_LOOP('',(#859));
#859 = ORIENTED_EDGE('',*,*,#860,.T.);
#860 = EDGE_CURVE('',#861,#861,#863,.T.);
#861 = VERTEX_POINT('',#862);
#862 = CARTESIAN_POINT('',(190.,-111.72,0.));
#863 = CIRCLE('',#864,1.1);
#864 = AXIS2_PLACEMENT_3D('',#865,#866,#867);
#865 = CARTESIAN_POINT('',(190.,-110.62,0.));
#866 = DIRECTION('',(-0.,0.,-1.));
#867 = DIRECTION('',(-0.,-1.,0.));
#868 = FACE_BOUND('',#869,.F.);
#869 = EDGE_LOOP('',(#870));
#870 = ORIENTED_EDGE('',*,*,#871,.T.);
#871 = EDGE_CURVE('',#872,#872,#874,.T.);
#872 = VERTEX_POINT('',#873);
#873 = CARTESIAN_POINT('',(190.,-100.16,0.));
#874 = CIRCLE('',#875,2.5);
#875 = AXIS2_PLACEMENT_3D('',#876,#877,#878);
#876 = CARTESIAN_POINT('',(190.,-97.66,0.));
#877 = DIRECTION('',(-0.,0.,-1.));
#878 = DIRECTION('',(-0.,-1.,0.));
#879 = FACE_BOUND('',#880,.F.);
#880 = EDGE_LOOP('',(#881));
#881 = ORIENTED_EDGE('',*,*,#882,.T.);
#882 = EDGE_CURVE('',#883,#883,#885,.T.);
#883 = VERTEX_POINT('',#884);
#884 = CARTESIAN_POINT('',(195.5,-98.61,0.));
#885 = CIRCLE('',#886,0.95);
#886 = AXIS2_PLACEMENT_3D('',#887,#888,#889);
#887 = CARTESIAN_POINT('',(195.5,-97.66,0.));
#888 = DIRECTION('',(-0.,0.,-1.));
#889 = DIRECTION('',(-0.,-1.,0.));
#890 = FACE_BOUND('',#891,.F.);
#891 = EDGE_LOOP('',(#892));
#892 = ORIENTED_EDGE('',*,*,#893,.T.);
#893 = EDGE_CURVE('',#894,#894,#896,.T.);
#894 = VERTEX_POINT('',#895);
#895 = CARTESIAN_POINT('',(195.,-95.41,0.));
#896 = CIRCLE('',#897,1.5);
#897 = AXIS2_PLACEMENT_3D('',#898,#899,#900);
#898 = CARTESIAN_POINT('',(195.,-93.91,0.));
#899 = DIRECTION('',(-0.,0.,-1.));
#900 = DIRECTION('',(-0.,-1.,0.));
#901 = FACE_BOUND('',#902,.F.);
#902 = EDGE_LOOP('',(#903));
#903 = ORIENTED_EDGE('',*,*,#904,.T.);
#904 = EDGE_CURVE('',#905,#905,#907,.T.);
#905 = VERTEX_POINT('',#906);
#906 = CARTESIAN_POINT('',(95.,-87.95,0.));
#907 = CIRCLE('',#908,0.8);
#908 = AXIS2_PLACEMENT_3D('',#909,#910,#911);
#909 = CARTESIAN_POINT('',(95.,-87.15,0.));
#910 = DIRECTION('',(-0.,0.,-1.));
#911 = DIRECTION('',(-0.,-1.,0.));
#912 = FACE_BOUND('',#913,.F.);
#913 = EDGE_LOOP('',(#914));
#914 = ORIENTED_EDGE('',*,*,#915,.T.);
#915 = EDGE_CURVE('',#916,#916,#918,.T.);
#916 = VERTEX_POINT('',#917);
#917 = CARTESIAN_POINT('',(109.,-92.1,0.));
#918 = CIRCLE('',#919,1.1);
#919 = AXIS2_PLACEMENT_3D('',#920,#921,#922);
#920 = CARTESIAN_POINT('',(109.,-91.,0.));
#921 = DIRECTION('',(-0.,0.,-1.));
#922 = DIRECTION('',(-0.,-1.,0.));
#923 = FACE_BOUND('',#924,.F.);
#924 = EDGE_LOOP('',(#925));
#925 = ORIENTED_EDGE('',*,*,#926,.T.);
#926 = EDGE_CURVE('',#927,#927,#929,.T.);
#927 = VERTEX_POINT('',#928);
#928 = CARTESIAN_POINT('',(94.5,-82.95,0.));
#929 = CIRCLE('',#930,0.95);
#930 = AXIS2_PLACEMENT_3D('',#931,#932,#933);
#931 = CARTESIAN_POINT('',(94.5,-82.,0.));
#932 = DIRECTION('',(-0.,0.,-1.));
#933 = DIRECTION('',(-0.,-1.,0.));
#934 = FACE_BOUND('',#935,.F.);
#935 = EDGE_LOOP('',(#936));
#936 = ORIENTED_EDGE('',*,*,#937,.T.);
#937 = EDGE_CURVE('',#938,#938,#940,.T.);
#938 = VERTEX_POINT('',#939);
#939 = CARTESIAN_POINT('',(100.,-84.5,0.));
#940 = CIRCLE('',#941,2.5);
#941 = AXIS2_PLACEMENT_3D('',#942,#943,#944);
#942 = CARTESIAN_POINT('',(100.,-82.,0.));
#943 = DIRECTION('',(-0.,0.,-1.));
#944 = DIRECTION('',(-0.,-1.,0.));
#945 = FACE_BOUND('',#946,.F.);
#946 = EDGE_LOOP('',(#947));
#947 = ORIENTED_EDGE('',*,*,#948,.T.);
#948 = EDGE_CURVE('',#949,#949,#951,.T.);
#949 = VERTEX_POINT('',#950);
#950 = CARTESIAN_POINT('',(105.5,-82.95,0.));
#951 = CIRCLE('',#952,0.95);
#952 = AXIS2_PLACEMENT_3D('',#953,#954,#955);
#953 = CARTESIAN_POINT('',(105.5,-82.,0.));
#954 = DIRECTION('',(-0.,0.,-1.));
#955 = DIRECTION('',(-0.,-1.,0.));
#956 = FACE_BOUND('',#957,.F.);
#957 = EDGE_LOOP('',(#958));
#958 = ORIENTED_EDGE('',*,*,#959,.T.);
#959 = EDGE_CURVE('',#960,#960,#962,.T.);
#960 = VERTEX_POINT('',#961);
#961 = CARTESIAN_POINT('',(113.,-87.95,0.));
#962 = CIRCLE('',#963,0.8);
#963 = AXIS2_PLACEMENT_3D('',#964,#965,#966);
#964 = CARTESIAN_POINT('',(113.,-87.15,0.));
#965 = DIRECTION('',(-0.,0.,-1.));
#966 = DIRECTION('',(-0.,-1.,0.));
#967 = FACE_BOUND('',#968,.F.);
#968 = EDGE_LOOP('',(#969));
#969 = ORIENTED_EDGE('',*,*,#970,.T.);
#970 = EDGE_CURVE('',#971,#971,#973,.T.);
#971 = VERTEX_POINT('',#972);
#972 = CARTESIAN_POINT('',(112.5,-82.95,0.));
#973 = CIRCLE('',#974,0.95);
#974 = AXIS2_PLACEMENT_3D('',#975,#976,#977);
#975 = CARTESIAN_POINT('',(112.5,-82.,0.));
#976 = DIRECTION('',(-0.,0.,-1.));
#977 = DIRECTION('',(-0.,-1.,0.));
#978 = FACE_BOUND('',#979,.F.);
#979 = EDGE_LOOP('',(#980));
#980 = ORIENTED_EDGE('',*,*,#981,.T.);
#981 = EDGE_CURVE('',#982,#982,#984,.T.);
#982 = VERTEX_POINT('',#983);
#983 = CARTESIAN_POINT('',(118.,-84.5,0.));
#984 = CIRCLE('',#985,2.5);
#985 = AXIS2_PLACEMENT_3D('',#986,#987,#988);
#986 = CARTESIAN_POINT('',(118.,-82.,0.));
#987 = DIRECTION('',(-0.,0.,-1.));
#988 = DIRECTION('',(-0.,-1.,0.));
#989 = FACE_BOUND('',#990,.F.);
#990 = EDGE_LOOP('',(#991));
#991 = ORIENTED_EDGE('',*,*,#992,.T.);
#992 = EDGE_CURVE('',#993,#993,#995,.T.);
#993 = VERTEX_POINT('',#994);
#994 = CARTESIAN_POINT('',(123.5,-82.95,0.));
#995 = CIRCLE('',#996,0.95);
#996 = AXIS2_PLACEMENT_3D('',#997,#998,#999);
#997 = CARTESIAN_POINT('',(123.5,-82.,0.));
#998 = DIRECTION('',(-0.,0.,-1.));
#999 = DIRECTION('',(-0.,-1.,0.));
#1000 = FACE_BOUND('',#1001,.F.);
#1001 = EDGE_LOOP('',(#1002));
#1002 = ORIENTED_EDGE('',*,*,#1003,.T.);
#1003 = EDGE_CURVE('',#1004,#1004,#1006,.T.);
#1004 = VERTEX_POINT('',#1005);
#1005 = CARTESIAN_POINT('',(100.,-77.55,0.));
#1006 = CIRCLE('',#1007,1.5);
#1007 = AXIS2_PLACEMENT_3D('',#1008,#1009,#1010);
#1008 = CARTESIAN_POINT('',(100.,-76.05,0.));
#1009 = DIRECTION('',(-0.,0.,-1.));
#1010 = DIRECTION('',(-0.,-1.,0.));
#1011 = FACE_BOUND('',#1012,.F.);
#1012 = EDGE_LOOP('',(#1013));
#1013 = ORIENTED_EDGE('',*,*,#1014,.T.);
#1014 = EDGE_CURVE('',#1015,#1015,#1017,.T.);
#1015 = VERTEX_POINT('',#1016);
#1016 = CARTESIAN_POINT('',(105.,-79.75,0.));
#1017 = CIRCLE('',#1018,1.5);
#1018 = AXIS2_PLACEMENT_3D('',#1019,#1020,#1021);
#1019 = CARTESIAN_POINT('',(105.,-78.25,0.));
#1020 = DIRECTION('',(-0.,0.,-1.));
#1021 = DIRECTION('',(-0.,-1.,0.));
#1022 = FACE_BOUND('',#1023,.F.);
#1023 = EDGE_LOOP('',(#1024));
#1024 = ORIENTED_EDGE('',*,*,#1025,.T.);
#1025 = EDGE_CURVE('',#1026,#1026,#1028,.T.);
#1026 = VERTEX_POINT('',#1027);
#1027 = CARTESIAN_POINT('',(109.,-74.1,0.));
#1028 = CIRCLE('',#1029,1.1);
#1029 = AXIS2_PLACEMENT_3D('',#1030,#1031,#1032);
#1030 = CARTESIAN_POINT('',(109.,-73.,0.));
#1031 = DIRECTION('',(-0.,0.,-1.));
#1032 = DIRECTION('',(-0.,-1.,0.));
#1033 = FACE_BOUND('',#1034,.F.);
#1034 = EDGE_LOOP('',(#1035));
#1035 = ORIENTED_EDGE('',*,*,#1036,.T.);
#1036 = EDGE_CURVE('',#1037,#1037,#1039,.T.);
#1037 = VERTEX_POINT('',#1038);
#1038 = CARTESIAN_POINT('',(123.,-79.75,0.));
#1039 = CIRCLE('',#1040,1.5);
#1040 = AXIS2_PLACEMENT_3D('',#1041,#1042,#1043);
#1041 = CARTESIAN_POINT('',(123.,-78.25,0.));
#1042 = DIRECTION('',(-0.,0.,-1.));
#1043 = DIRECTION('',(-0.,-1.,0.));
#1044 = FACE_BOUND('',#1045,.F.);
#1045 = EDGE_LOOP('',(#1046));
#1046 = ORIENTED_EDGE('',*,*,#1047,.T.);
#1047 = EDGE_CURVE('',#1048,#1048,#1050,.T.);
#1048 = VERTEX_POINT('',#1049);
#1049 = CARTESIAN_POINT('',(118.,-77.55,0.));
#1050 = CIRCLE('',#1051,1.5);
#1051 = AXIS2_PLACEMENT_3D('',#1052,#1053,#1054);
#1052 = CARTESIAN_POINT('',(118.,-76.05,0.));
#1053 = DIRECTION('',(-0.,0.,-1.));
#1054 = DIRECTION('',(-0.,-1.,0.));
#1055 = FACE_BOUND('',#1056,.F.);
#1056 = EDGE_LOOP('',(#1057));
#1057 = ORIENTED_EDGE('',*,*,#1058,.T.);
#1058 = EDGE_CURVE('',#1059,#1059,#1061,.T.);
#1059 = VERTEX_POINT('',#1060);
#1060 = CARTESIAN_POINT('',(141.,-91.45,0.));
#1061 = CIRCLE('',#1062,1.5);
#1062 = AXIS2_PLACEMENT_3D('',#1063,#1064,#1065);
#1063 = CARTESIAN_POINT('',(141.,-89.95,0.));
#1064 = DIRECTION('',(-0.,0.,-1.));
#1065 = DIRECTION('',(-0.,-1.,0.));
#1066 = FACE_BOUND('',#1067,.F.);
#1067 = EDGE_LOOP('',(#1068));
#1068 = ORIENTED_EDGE('',*,*,#1069,.T.);
#1069 = EDGE_CURVE('',#1070,#1070,#1072,.T.);
#1070 = VERTEX_POINT('',#1071);
#1071 = CARTESIAN_POINT('',(136.,-89.25,0.));
#1072 = CIRCLE('',#1073,1.5);
#1073 = AXIS2_PLACEMENT_3D('',#1074,#1075,#1076);
#1074 = CARTESIAN_POINT('',(136.,-87.75,0.));
#1075 = DIRECTION('',(-0.,0.,-1.));
#1076 = DIRECTION('',(-0.,-1.,0.));
#1077 = FACE_BOUND('',#1078,.F.);
#1078 = EDGE_LOOP('',(#1079));
#1079 = ORIENTED_EDGE('',*,*,#1080,.T.);
#1080 = EDGE_CURVE('',#1081,#1081,#1083,.T.);
#1081 = VERTEX_POINT('',#1082);
#1082 = CARTESIAN_POINT('',(148.5,-92.13,0.));
#1083 = CIRCLE('',#1084,0.95);
#1084 = AXIS2_PLACEMENT_3D('',#1085,#1086,#1087);
#1085 = CARTESIAN_POINT('',(148.5,-91.18,0.));
#1086 = DIRECTION('',(-0.,0.,-1.));
#1087 = DIRECTION('',(-0.,-1.,0.));
#1088 = FACE_BOUND('',#1089,.F.);
#1089 = EDGE_LOOP('',(#1090));
#1090 = ORIENTED_EDGE('',*,*,#1091,.T.);
#1091 = EDGE_CURVE('',#1092,#1092,#1094,.T.);
#1092 = VERTEX_POINT('',#1093);
#1093 = CARTESIAN_POINT('',(154.,-93.68,0.));
#1094 = CIRCLE('',#1095,2.5);
#1095 = AXIS2_PLACEMENT_3D('',#1096,#1097,#1098);
#1096 = CARTESIAN_POINT('',(154.,-91.18,0.));
#1097 = DIRECTION('',(-0.,0.,-1.));
#1098 = DIRECTION('',(-0.,-1.,0.));
#1099 = FACE_BOUND('',#1100,.F.);
#1100 = EDGE_LOOP('',(#1101));
#1101 = ORIENTED_EDGE('',*,*,#1102,.T.);
#1102 = EDGE_CURVE('',#1103,#1103,#1105,.T.);
#1103 = VERTEX_POINT('',#1104);
#1104 = CARTESIAN_POINT('',(154.,-86.73,0.));
#1105 = CIRCLE('',#1106,1.5);
#1106 = AXIS2_PLACEMENT_3D('',#1107,#1108,#1109);
#1107 = CARTESIAN_POINT('',(154.,-85.23,0.));
#1108 = DIRECTION('',(-0.,0.,-1.));
#1109 = DIRECTION('',(-0.,-1.,0.));
#1110 = FACE_BOUND('',#1111,.F.);
#1111 = EDGE_LOOP('',(#1112));
#1112 = ORIENTED_EDGE('',*,*,#1113,.T.);
#1113 = EDGE_CURVE('',#1114,#1114,#1116,.T.);
#1114 = VERTEX_POINT('',#1115);
#1115 = CARTESIAN_POINT('',(131.,-81.65,0.));
#1116 = CIRCLE('',#1117,0.8);
#1117 = AXIS2_PLACEMENT_3D('',#1118,#1119,#1120);
#1118 = CARTESIAN_POINT('',(131.,-80.85,0.));
#1119 = DIRECTION('',(-0.,0.,-1.));
#1120 = DIRECTION('',(-0.,-1.,0.));
#1121 = FACE_BOUND('',#1122,.F.);
#1122 = EDGE_LOOP('',(#1123));
#1123 = ORIENTED_EDGE('',*,*,#1124,.T.);
#1124 = EDGE_CURVE('',#1125,#1125,#1127,.T.);
#1125 = VERTEX_POINT('',#1126);
#1126 = CARTESIAN_POINT('',(130.5,-76.65,0.));
#1127 = CIRCLE('',#1128,0.95);
#1128 = AXIS2_PLACEMENT_3D('',#1129,#1130,#1131);
#1129 = CARTESIAN_POINT('',(130.5,-75.7,0.));
#1130 = DIRECTION('',(-0.,0.,-1.));
#1131 = DIRECTION('',(-0.,-1.,0.));
#1132 = FACE_BOUND('',#1133,.F.);
#1133 = EDGE_LOOP('',(#1134));
#1134 = ORIENTED_EDGE('',*,*,#1135,.T.);
#1135 = EDGE_CURVE('',#1136,#1136,#1138,.T.);
#1136 = VERTEX_POINT('',#1137);
#1137 = CARTESIAN_POINT('',(136.,-78.2,0.));
#1138 = CIRCLE('',#1139,2.5);
#1139 = AXIS2_PLACEMENT_3D('',#1140,#1141,#1142);
#1140 = CARTESIAN_POINT('',(136.,-75.7,0.));
#1141 = DIRECTION('',(-0.,0.,-1.));
#1142 = DIRECTION('',(-0.,-1.,0.));
#1143 = FACE_BOUND('',#1144,.F.);
#1144 = EDGE_LOOP('',(#1145));
#1145 = ORIENTED_EDGE('',*,*,#1146,.T.);
#1146 = EDGE_CURVE('',#1147,#1147,#1149,.T.);
#1147 = VERTEX_POINT('',#1148);
#1148 = CARTESIAN_POINT('',(141.,-73.45,0.));
#1149 = CIRCLE('',#1150,1.5);
#1150 = AXIS2_PLACEMENT_3D('',#1151,#1152,#1153);
#1151 = CARTESIAN_POINT('',(141.,-71.95,0.));
#1152 = DIRECTION('',(-0.,0.,-1.));
#1153 = DIRECTION('',(-0.,-1.,0.));
#1154 = FACE_BOUND('',#1155,.F.);
#1155 = EDGE_LOOP('',(#1156));
#1156 = ORIENTED_EDGE('',*,*,#1157,.T.);
#1157 = EDGE_CURVE('',#1158,#1158,#1160,.T.);
#1158 = VERTEX_POINT('',#1159);
#1159 = CARTESIAN_POINT('',(149.,-79.13,0.));
#1160 = CIRCLE('',#1161,0.8);
#1161 = AXIS2_PLACEMENT_3D('',#1162,#1163,#1164);
#1162 = CARTESIAN_POINT('',(149.,-78.33,0.));
#1163 = DIRECTION('',(-0.,0.,-1.));
#1164 = DIRECTION('',(-0.,-1.,0.));
#1165 = FACE_BOUND('',#1166,.F.);
#1166 = EDGE_LOOP('',(#1167));
#1167 = ORIENTED_EDGE('',*,*,#1168,.T.);
#1168 = EDGE_CURVE('',#1169,#1169,#1171,.T.);
#1169 = VERTEX_POINT('',#1170);
#1170 = CARTESIAN_POINT('',(141.5,-76.65,0.));
#1171 = CIRCLE('',#1172,0.95);
#1172 = AXIS2_PLACEMENT_3D('',#1173,#1174,#1175);
#1173 = CARTESIAN_POINT('',(141.5,-75.7,0.));
#1174 = DIRECTION('',(-0.,0.,-1.));
#1175 = DIRECTION('',(-0.,-1.,0.));
#1176 = FACE_BOUND('',#1177,.F.);
#1177 = EDGE_LOOP('',(#1178));
#1178 = ORIENTED_EDGE('',*,*,#1179,.T.);
#1179 = EDGE_CURVE('',#1180,#1180,#1182,.T.);
#1180 = VERTEX_POINT('',#1181);
#1181 = CARTESIAN_POINT('',(148.5,-74.13,0.));
#1182 = CIRCLE('',#1183,0.95);
#1183 = AXIS2_PLACEMENT_3D('',#1184,#1185,#1186);
#1184 = CARTESIAN_POINT('',(148.5,-73.18,0.));
#1185 = DIRECTION('',(-0.,0.,-1.));
#1186 = DIRECTION('',(-0.,-1.,0.));
#1187 = FACE_BOUND('',#1188,.F.);
#1188 = EDGE_LOOP('',(#1189));
#1189 = ORIENTED_EDGE('',*,*,#1190,.T.);
#1190 = EDGE_CURVE('',#1191,#1191,#1193,.T.);
#1191 = VERTEX_POINT('',#1192);
#1192 = CARTESIAN_POINT('',(154.,-75.68,0.));
#1193 = CIRCLE('',#1194,2.5);
#1194 = AXIS2_PLACEMENT_3D('',#1195,#1196,#1197);
#1195 = CARTESIAN_POINT('',(154.,-73.18,0.));
#1196 = DIRECTION('',(-0.,0.,-1.));
#1197 = DIRECTION('',(-0.,-1.,0.));
#1198 = FACE_BOUND('',#1199,.F.);
#1199 = EDGE_LOOP('',(#1200));
#1200 = ORIENTED_EDGE('',*,*,#1201,.T.);
#1201 = EDGE_CURVE('',#1202,#1202,#1204,.T.);
#1202 = VERTEX_POINT('',#1203);
#1203 = CARTESIAN_POINT('',(95.,-69.95,0.));
#1204 = CIRCLE('',#1205,0.8);
#1205 = AXIS2_PLACEMENT_3D('',#1206,#1207,#1208);
#1206 = CARTESIAN_POINT('',(95.,-69.15,0.));
#1207 = DIRECTION('',(-0.,0.,-1.));
#1208 = DIRECTION('',(-0.,-1.,0.));
#1209 = FACE_BOUND('',#1210,.F.);
#1210 = EDGE_LOOP('',(#1211));
#1211 = ORIENTED_EDGE('',*,*,#1212,.T.);
#1212 = EDGE_CURVE('',#1213,#1213,#1215,.T.);
#1213 = VERTEX_POINT('',#1214);
#1214 = CARTESIAN_POINT('',(94.5,-64.95,0.));
#1215 = CIRCLE('',#1216,0.95);
#1216 = AXIS2_PLACEMENT_3D('',#1217,#1218,#1219);
#1217 = CARTESIAN_POINT('',(94.5,-64.,0.));
#1218 = DIRECTION('',(-0.,0.,-1.));
#1219 = DIRECTION('',(-0.,-1.,0.));
#1220 = FACE_BOUND('',#1221,.F.);
#1221 = EDGE_LOOP('',(#1222));
#1222 = ORIENTED_EDGE('',*,*,#1223,.T.);
#1223 = EDGE_CURVE('',#1224,#1224,#1226,.T.);
#1224 = VERTEX_POINT('',#1225);
#1225 = CARTESIAN_POINT('',(100.,-66.5,0.));
#1226 = CIRCLE('',#1227,2.5);
#1227 = AXIS2_PLACEMENT_3D('',#1228,#1229,#1230);
#1228 = CARTESIAN_POINT('',(100.,-64.,0.));
#1229 = DIRECTION('',(-0.,0.,-1.));
#1230 = DIRECTION('',(-0.,-1.,0.));
#1231 = FACE_BOUND('',#1232,.F.);
#1232 = EDGE_LOOP('',(#1233));
#1233 = ORIENTED_EDGE('',*,*,#1234,.T.);
#1234 = EDGE_CURVE('',#1235,#1235,#1237,.T.);
#1235 = VERTEX_POINT('',#1236);
#1236 = CARTESIAN_POINT('',(105.5,-64.95,0.));
#1237 = CIRCLE('',#1238,0.95);
#1238 = AXIS2_PLACEMENT_3D('',#1239,#1240,#1241);
#1239 = CARTESIAN_POINT('',(105.5,-64.,0.));
#1240 = DIRECTION('',(-0.,0.,-1.));
#1241 = DIRECTION('',(-0.,-1.,0.));
#1242 = FACE_BOUND('',#1243,.F.);
#1243 = EDGE_LOOP('',(#1244));
#1244 = ORIENTED_EDGE('',*,*,#1245,.T.);
#1245 = EDGE_CURVE('',#1246,#1246,#1248,.T.);
#1246 = VERTEX_POINT('',#1247);
#1247 = CARTESIAN_POINT('',(105.,-61.75,0.));
#1248 = CIRCLE('',#1249,1.5);
#1249 = AXIS2_PLACEMENT_3D('',#1250,#1251,#1252);
#1250 = CARTESIAN_POINT('',(105.,-60.25,0.));
#1251 = DIRECTION('',(-0.,0.,-1.));
#1252 = DIRECTION('',(-0.,-1.,0.));
#1253 = FACE_BOUND('',#1254,.F.);
#1254 = EDGE_LOOP('',(#1255));
#1255 = ORIENTED_EDGE('',*,*,#1256,.T.);
#1256 = EDGE_CURVE('',#1257,#1257,#1259,.T.);
#1257 = VERTEX_POINT('',#1258);
#1258 = CARTESIAN_POINT('',(113.,-69.95,0.));
#1259 = CIRCLE('',#1260,0.8);
#1260 = AXIS2_PLACEMENT_3D('',#1261,#1262,#1263);
#1261 = CARTESIAN_POINT('',(113.,-69.15,0.));
#1262 = DIRECTION('',(-0.,0.,-1.));
#1263 = DIRECTION('',(-0.,-1.,0.));
#1264 = FACE_BOUND('',#1265,.F.);
#1265 = EDGE_LOOP('',(#1266));
#1266 = ORIENTED_EDGE('',*,*,#1267,.T.);
#1267 = EDGE_CURVE('',#1268,#1268,#1270,.T.);
#1268 = VERTEX_POINT('',#1269);
#1269 = CARTESIAN_POINT('',(112.5,-64.95,0.));
#1270 = CIRCLE('',#1271,0.95);
#1271 = AXIS2_PLACEMENT_3D('',#1272,#1273,#1274);
#1272 = CARTESIAN_POINT('',(112.5,-64.,0.));
#1273 = DIRECTION('',(-0.,0.,-1.));
#1274 = DIRECTION('',(-0.,-1.,0.));
#1275 = FACE_BOUND('',#1276,.F.);
#1276 = EDGE_LOOP('',(#1277));
#1277 = ORIENTED_EDGE('',*,*,#1278,.T.);
#1278 = EDGE_CURVE('',#1279,#1279,#1281,.T.);
#1279 = VERTEX_POINT('',#1280);
#1280 = CARTESIAN_POINT('',(118.,-66.5,0.));
#1281 = CIRCLE('',#1282,2.5);
#1282 = AXIS2_PLACEMENT_3D('',#1283,#1284,#1285);
#1283 = CARTESIAN_POINT('',(118.,-64.,0.));
#1284 = DIRECTION('',(-0.,0.,-1.));
#1285 = DIRECTION('',(-0.,-1.,0.));
#1286 = FACE_BOUND('',#1287,.F.);
#1287 = EDGE_LOOP('',(#1288));
#1288 = ORIENTED_EDGE('',*,*,#1289,.T.);
#1289 = EDGE_CURVE('',#1290,#1290,#1292,.T.);
#1290 = VERTEX_POINT('',#1291);
#1291 = CARTESIAN_POINT('',(123.5,-64.95,0.));
#1292 = CIRCLE('',#1293,0.95);
#1293 = AXIS2_PLACEMENT_3D('',#1294,#1295,#1296);
#1294 = CARTESIAN_POINT('',(123.5,-64.,0.));
#1295 = DIRECTION('',(-0.,0.,-1.));
#1296 = DIRECTION('',(-0.,-1.,0.));
#1297 = FACE_BOUND('',#1298,.F.);
#1298 = EDGE_LOOP('',(#1299));
#1299 = ORIENTED_EDGE('',*,*,#1300,.T.);
#1300 = EDGE_CURVE('',#1301,#1301,#1303,.T.);
#1301 = VERTEX_POINT('',#1302);
#1302 = CARTESIAN_POINT('',(123.,-61.75,0.));
#1303 = CIRCLE('',#1304,1.5);
#1304 = AXIS2_PLACEMENT_3D('',#1305,#1306,#1307);
#1305 = CARTESIAN_POINT('',(123.,-60.25,0.));
#1306 = DIRECTION('',(-0.,0.,-1.));
#1307 = DIRECTION('',(-0.,-1.,0.));
#1308 = FACE_BOUND('',#1309,.F.);
#1309 = EDGE_LOOP('',(#1310));
#1310 = ORIENTED_EDGE('',*,*,#1311,.T.);
#1311 = EDGE_CURVE('',#1312,#1312,#1314,.T.);
#1312 = VERTEX_POINT('',#1313);
#1313 = CARTESIAN_POINT('',(100.,-59.55,0.));
#1314 = CIRCLE('',#1315,1.5);
#1315 = AXIS2_PLACEMENT_3D('',#1316,#1317,#1318);
#1316 = CARTESIAN_POINT('',(100.,-58.05,0.));
#1317 = DIRECTION('',(-0.,0.,-1.));
#1318 = DIRECTION('',(-0.,-1.,0.));
#1319 = FACE_BOUND('',#1320,.F.);
#1320 = EDGE_LOOP('',(#1321));
#1321 = ORIENTED_EDGE('',*,*,#1322,.T.);
#1322 = EDGE_CURVE('',#1323,#1323,#1325,.T.);
#1323 = VERTEX_POINT('',#1324);
#1324 = CARTESIAN_POINT('',(118.,-59.55,0.));
#1325 = CIRCLE('',#1326,1.5);
#1326 = AXIS2_PLACEMENT_3D('',#1327,#1328,#1329);
#1327 = CARTESIAN_POINT('',(118.,-58.05,0.));
#1328 = DIRECTION('',(-0.,0.,-1.));
#1329 = DIRECTION('',(-0.,-1.,0.));
#1330 = FACE_BOUND('',#1331,.F.);
#1331 = EDGE_LOOP('',(#1332));
#1332 = ORIENTED_EDGE('',*,*,#1333,.T.);
#1333 = EDGE_CURVE('',#1334,#1334,#1336,.T.);
#1334 = VERTEX_POINT('',#1335);
#1335 = CARTESIAN_POINT('',(136.,-71.25,0.));
#1336 = CIRCLE('',#1337,1.5);
#1337 = AXIS2_PLACEMENT_3D('',#1338,#1339,#1340);
#1338 = CARTESIAN_POINT('',(136.,-69.75,0.));
#1339 = DIRECTION('',(-0.,0.,-1.));
#1340 = DIRECTION('',(-0.,-1.,0.));
#1341 = FACE_BOUND('',#1342,.F.);
#1342 = EDGE_LOOP('',(#1343));
#1343 = ORIENTED_EDGE('',*,*,#1344,.T.);
#1344 = EDGE_CURVE('',#1345,#1345,#1347,.T.);
#1345 = VERTEX_POINT('',#1346);
#1346 = CARTESIAN_POINT('',(131.,-63.65,0.));
#1347 = CIRCLE('',#1348,0.8);
#1348 = AXIS2_PLACEMENT_3D('',#1349,#1350,#1351);
#1349 = CARTESIAN_POINT('',(131.,-62.85,0.));
#1350 = DIRECTION('',(-0.,0.,-1.));
#1351 = DIRECTION('',(-0.,-1.,0.));
#1352 = FACE_BOUND('',#1353,.F.);
#1353 = EDGE_LOOP('',(#1354));
#1354 = ORIENTED_EDGE('',*,*,#1355,.T.);
#1355 = EDGE_CURVE('',#1356,#1356,#1358,.T.);
#1356 = VERTEX_POINT('',#1357);
#1357 = CARTESIAN_POINT('',(154.,-68.73,0.));
#1358 = CIRCLE('',#1359,1.5);
#1359 = AXIS2_PLACEMENT_3D('',#1360,#1361,#1362);
#1360 = CARTESIAN_POINT('',(154.,-67.23,0.));
#1361 = DIRECTION('',(-0.,0.,-1.));
#1362 = DIRECTION('',(-0.,-1.,0.));
#1363 = FACE_BOUND('',#1364,.F.);
#1364 = EDGE_LOOP('',(#1365));
#1365 = ORIENTED_EDGE('',*,*,#1366,.T.);
#1366 = EDGE_CURVE('',#1367,#1367,#1369,.T.);
#1367 = VERTEX_POINT('',#1368);
#1368 = CARTESIAN_POINT('',(149.,-61.13,0.));
#1369 = CIRCLE('',#1370,0.8);
#1370 = AXIS2_PLACEMENT_3D('',#1371,#1372,#1373);
#1371 = CARTESIAN_POINT('',(149.,-60.33,0.));
#1372 = DIRECTION('',(-0.,0.,-1.));
#1373 = DIRECTION('',(-0.,-1.,0.));
#1374 = FACE_BOUND('',#1375,.F.);
#1375 = EDGE_LOOP('',(#1376));
#1376 = ORIENTED_EDGE('',*,*,#1377,.T.);
#1377 = EDGE_CURVE('',#1378,#1378,#1380,.T.);
#1378 = VERTEX_POINT('',#1379);
#1379 = CARTESIAN_POINT('',(130.5,-58.65,0.));
#1380 = CIRCLE('',#1381,0.95);
#1381 = AXIS2_PLACEMENT_3D('',#1382,#1383,#1384);
#1382 = CARTESIAN_POINT('',(130.5,-57.7,0.));
#1383 = DIRECTION('',(-0.,0.,-1.));
#1384 = DIRECTION('',(-0.,-1.,0.));
#1385 = FACE_BOUND('',#1386,.F.);
#1386 = EDGE_LOOP('',(#1387));
#1387 = ORIENTED_EDGE('',*,*,#1388,.T.);
#1388 = EDGE_CURVE('',#1389,#1389,#1391,.T.);
#1389 = VERTEX_POINT('',#1390);
#1390 = CARTESIAN_POINT('',(136.,-60.2,0.));
#1391 = CIRCLE('',#1392,2.5);
#1392 = AXIS2_PLACEMENT_3D('',#1393,#1394,#1395);
#1393 = CARTESIAN_POINT('',(136.,-57.7,0.));
#1394 = DIRECTION('',(-0.,0.,-1.));
#1395 = DIRECTION('',(-0.,-1.,0.));
#1396 = FACE_BOUND('',#1397,.F.);
#1397 = EDGE_LOOP('',(#1398));
#1398 = ORIENTED_EDGE('',*,*,#1399,.T.);
#1399 = EDGE_CURVE('',#1400,#1400,#1402,.T.);
#1400 = VERTEX_POINT('',#1401);
#1401 = CARTESIAN_POINT('',(141.,-55.45,0.));
#1402 = CIRCLE('',#1403,1.5);
#1403 = AXIS2_PLACEMENT_3D('',#1404,#1405,#1406);
#1404 = CARTESIAN_POINT('',(141.,-53.95,0.));
#1405 = DIRECTION('',(-0.,0.,-1.));
#1406 = DIRECTION('',(-0.,-1.,0.));
#1407 = FACE_BOUND('',#1408,.F.);
#1408 = EDGE_LOOP('',(#1409));
#1409 = ORIENTED_EDGE('',*,*,#1410,.T.);
#1410 = EDGE_CURVE('',#1411,#1411,#1413,.T.);
#1411 = VERTEX_POINT('',#1412);
#1412 = CARTESIAN_POINT('',(136.,-53.25,0.));
#1413 = CIRCLE('',#1414,1.5);
#1414 = AXIS2_PLACEMENT_3D('',#1415,#1416,#1417);
#1415 = CARTESIAN_POINT('',(136.,-51.75,0.));
#1416 = DIRECTION('',(-0.,0.,-1.));
#1417 = DIRECTION('',(-0.,-1.,0.));
#1418 = FACE_BOUND('',#1419,.F.);
#1419 = EDGE_LOOP('',(#1420));
#1420 = ORIENTED_EDGE('',*,*,#1421,.T.);
#1421 = EDGE_CURVE('',#1422,#1422,#1424,.T.);
#1422 = VERTEX_POINT('',#1423);
#1423 = CARTESIAN_POINT('',(141.5,-58.65,0.));
#1424 = CIRCLE('',#1425,0.95);
#1425 = AXIS2_PLACEMENT_3D('',#1426,#1427,#1428);
#1426 = CARTESIAN_POINT('',(141.5,-57.7,0.));
#1427 = DIRECTION('',(-0.,0.,-1.));
#1428 = DIRECTION('',(-0.,-1.,0.));
#1429 = FACE_BOUND('',#1430,.F.);
#1430 = EDGE_LOOP('',(#1431));
#1431 = ORIENTED_EDGE('',*,*,#1432,.T.);
#1432 = EDGE_CURVE('',#1433,#1433,#1435,.T.);
#1433 = VERTEX_POINT('',#1434);
#1434 = CARTESIAN_POINT('',(148.5,-56.13,0.));
#1435 = CIRCLE('',#1436,0.95);
#1436 = AXIS2_PLACEMENT_3D('',#1437,#1438,#1439);
#1437 = CARTESIAN_POINT('',(148.5,-55.18,0.));
#1438 = DIRECTION('',(-0.,0.,-1.));
#1439 = DIRECTION('',(-0.,-1.,0.));
#1440 = FACE_BOUND('',#1441,.F.);
#1441 = EDGE_LOOP('',(#1442));
#1442 = ORIENTED_EDGE('',*,*,#1443,.T.);
#1443 = EDGE_CURVE('',#1444,#1444,#1446,.T.);
#1444 = VERTEX_POINT('',#1445);
#1445 = CARTESIAN_POINT('',(154.,-57.68,0.));
#1446 = CIRCLE('',#1447,2.5);
#1447 = AXIS2_PLACEMENT_3D('',#1448,#1449,#1450);
#1448 = CARTESIAN_POINT('',(154.,-55.18,0.));
#1449 = DIRECTION('',(-0.,0.,-1.));
#1450 = DIRECTION('',(-0.,-1.,0.));
#1451 = FACE_BOUND('',#1452,.F.);
#1452 = EDGE_LOOP('',(#1453));
#1453 = ORIENTED_EDGE('',*,*,#1454,.T.);
#1454 = EDGE_CURVE('',#1455,#1455,#1457,.T.);
#1455 = VERTEX_POINT('',#1456);
#1456 = CARTESIAN_POINT('',(154.,-50.73,0.));
#1457 = CIRCLE('',#1458,1.5);
#1458 = AXIS2_PLACEMENT_3D('',#1459,#1460,#1461);
#1459 = CARTESIAN_POINT('',(154.,-49.23,0.));
#1460 = DIRECTION('',(-0.,0.,-1.));
#1461 = DIRECTION('',(-0.,-1.,0.));
#1462 = FACE_BOUND('',#1463,.F.);
#1463 = EDGE_LOOP('',(#1464));
#1464 = ORIENTED_EDGE('',*,*,#1465,.T.);
#1465 = EDGE_CURVE('',#1466,#1466,#1468,.T.);
#1466 = VERTEX_POINT('',#1467);
#1467 = CARTESIAN_POINT('',(159.5,-92.13,0.));
#1468 = CIRCLE('',#1469,0.95);
#1469 = AXIS2_PLACEMENT_3D('',#1470,#1471,#1472);
#1470 = CARTESIAN_POINT('',(159.5,-91.18,0.));
#1471 = DIRECTION('',(-0.,0.,-1.));
#1472 = DIRECTION('',(-0.,-1.,0.));
#1473 = FACE_BOUND('',#1474,.F.);
#1474 = EDGE_LOOP('',(#1475));
#1475 = ORIENTED_EDGE('',*,*,#1476,.T.);
#1476 = EDGE_CURVE('',#1477,#1477,#1479,.T.);
#1477 = VERTEX_POINT('',#1478);
#1478 = CARTESIAN_POINT('',(159.,-88.93,0.));
#1479 = CIRCLE('',#1480,1.5);
#1480 = AXIS2_PLACEMENT_3D('',#1481,#1482,#1483);
#1481 = CARTESIAN_POINT('',(159.,-87.43,0.));
#1482 = DIRECTION('',(-0.,0.,-1.));
#1483 = DIRECTION('',(-0.,-1.,0.));
#1484 = FACE_BOUND('',#1485,.F.);
#1485 = EDGE_LOOP('',(#1486));
#1486 = ORIENTED_EDGE('',*,*,#1487,.T.);
#1487 = EDGE_CURVE('',#1488,#1488,#1490,.T.);
#1488 = VERTEX_POINT('',#1489);
#1489 = CARTESIAN_POINT('',(172.,-91.23,0.));
#1490 = CIRCLE('',#1491,1.5);
#1491 = AXIS2_PLACEMENT_3D('',#1492,#1493,#1494);
#1492 = CARTESIAN_POINT('',(172.,-89.73,0.));
#1493 = DIRECTION('',(-0.,0.,-1.));
#1494 = DIRECTION('',(-0.,-1.,0.));
#1495 = FACE_BOUND('',#1496,.F.);
#1496 = EDGE_LOOP('',(#1497));
#1497 = ORIENTED_EDGE('',*,*,#1498,.T.);
#1498 = EDGE_CURVE('',#1499,#1499,#1501,.T.);
#1499 = VERTEX_POINT('',#1500);
#1500 = CARTESIAN_POINT('',(167.,-83.63,0.));
#1501 = CIRCLE('',#1502,0.8);
#1502 = AXIS2_PLACEMENT_3D('',#1503,#1504,#1505);
#1503 = CARTESIAN_POINT('',(167.,-82.83,0.));
#1504 = DIRECTION('',(-0.,0.,-1.));
#1505 = DIRECTION('',(-0.,-1.,0.));
#1506 = FACE_BOUND('',#1507,.F.);
#1507 = EDGE_LOOP('',(#1508));
#1508 = ORIENTED_EDGE('',*,*,#1509,.T.);
#1509 = EDGE_CURVE('',#1510,#1510,#1512,.T.);
#1510 = VERTEX_POINT('',#1511);
#1511 = CARTESIAN_POINT('',(185.,-85.61,0.));
#1512 = CIRCLE('',#1513,0.8);
#1513 = AXIS2_PLACEMENT_3D('',#1514,#1515,#1516);
#1514 = CARTESIAN_POINT('',(185.,-84.81,0.));
#1515 = DIRECTION('',(-0.,0.,-1.));
#1516 = DIRECTION('',(-0.,-1.,0.));
#1517 = FACE_BOUND('',#1518,.F.);
#1518 = EDGE_LOOP('',(#1519));
#1519 = ORIENTED_EDGE('',*,*,#1520,.T.);
#1520 = EDGE_CURVE('',#1521,#1521,#1523,.T.);
#1521 = VERTEX_POINT('',#1522);
#1522 = CARTESIAN_POINT('',(166.5,-78.63,0.));
#1523 = CIRCLE('',#1524,0.95);
#1524 = AXIS2_PLACEMENT_3D('',#1525,#1526,#1527);
#1525 = CARTESIAN_POINT('',(166.5,-77.68,0.));
#1526 = DIRECTION('',(-0.,0.,-1.));
#1527 = DIRECTION('',(-0.,-1.,0.));
#1528 = FACE_BOUND('',#1529,.F.);
#1529 = EDGE_LOOP('',(#1530));
#1530 = ORIENTED_EDGE('',*,*,#1531,.T.);
#1531 = EDGE_CURVE('',#1532,#1532,#1534,.T.);
#1532 = VERTEX_POINT('',#1533);
#1533 = CARTESIAN_POINT('',(172.,-80.18,0.));
#1534 = CIRCLE('',#1535,2.5);
#1535 = AXIS2_PLACEMENT_3D('',#1536,#1537,#1538);
#1536 = CARTESIAN_POINT('',(172.,-77.68,0.));
#1537 = DIRECTION('',(-0.,0.,-1.));
#1538 = DIRECTION('',(-0.,-1.,0.));
#1539 = FACE_BOUND('',#1540,.F.);
#1540 = EDGE_LOOP('',(#1541));
#1541 = ORIENTED_EDGE('',*,*,#1542,.T.);
#1542 = EDGE_CURVE('',#1543,#1543,#1545,.T.);
#1543 = VERTEX_POINT('',#1544);
#1544 = CARTESIAN_POINT('',(159.5,-74.13,0.));
#1545 = CIRCLE('',#1546,0.95);
#1546 = AXIS2_PLACEMENT_3D('',#1547,#1548,#1549);
#1547 = CARTESIAN_POINT('',(159.5,-73.18,0.));
#1548 = DIRECTION('',(-0.,0.,-1.));
#1549 = DIRECTION('',(-0.,-1.,0.));
#1550 = FACE_BOUND('',#1551,.F.);
#1551 = EDGE_LOOP('',(#1552));
#1552 = ORIENTED_EDGE('',*,*,#1553,.T.);
#1553 = EDGE_CURVE('',#1554,#1554,#1556,.T.);
#1554 = VERTEX_POINT('',#1555);
#1555 = CARTESIAN_POINT('',(172.,-73.23,0.));
#1556 = CIRCLE('',#1557,1.5);
#1557 = AXIS2_PLACEMENT_3D('',#1558,#1559,#1560);
#1558 = CARTESIAN_POINT('',(172.,-71.73,0.));
#1559 = DIRECTION('',(-0.,0.,-1.));
#1560 = DIRECTION('',(-0.,-1.,0.));
#1561 = FACE_BOUND('',#1562,.F.);
#1562 = EDGE_LOOP('',(#1563));
#1563 = ORIENTED_EDGE('',*,*,#1564,.T.);
#1564 = EDGE_CURVE('',#1565,#1565,#1567,.T.);
#1565 = VERTEX_POINT('',#1566);
#1566 = CARTESIAN_POINT('',(177.5,-78.63,0.));
#1567 = CIRCLE('',#1568,0.95);
#1568 = AXIS2_PLACEMENT_3D('',#1569,#1570,#1571);
#1569 = CARTESIAN_POINT('',(177.5,-77.68,0.));
#1570 = DIRECTION('',(-0.,0.,-1.));
#1571 = DIRECTION('',(-0.,-1.,0.));
#1572 = FACE_BOUND('',#1573,.F.);
#1573 = EDGE_LOOP('',(#1574));
#1574 = ORIENTED_EDGE('',*,*,#1575,.T.);
#1575 = EDGE_CURVE('',#1576,#1576,#1578,.T.);
#1576 = VERTEX_POINT('',#1577);
#1577 = CARTESIAN_POINT('',(184.5,-80.61,0.));
#1578 = CIRCLE('',#1579,0.95);
#1579 = AXIS2_PLACEMENT_3D('',#1580,#1581,#1582);
#1580 = CARTESIAN_POINT('',(184.5,-79.66,0.));
#1581 = DIRECTION('',(-0.,0.,-1.));
#1582 = DIRECTION('',(-0.,-1.,0.));
#1583 = FACE_BOUND('',#1584,.F.);
#1584 = EDGE_LOOP('',(#1585));
#1585 = ORIENTED_EDGE('',*,*,#1586,.T.);
#1586 = EDGE_CURVE('',#1587,#1587,#1589,.T.);
#1587 = VERTEX_POINT('',#1588);
#1588 = CARTESIAN_POINT('',(177.,-75.43,0.));
#1589 = CIRCLE('',#1590,1.5);
#1590 = AXIS2_PLACEMENT_3D('',#1591,#1592,#1593);
#1591 = CARTESIAN_POINT('',(177.,-73.93,0.));
#1592 = DIRECTION('',(-0.,0.,-1.));
#1593 = DIRECTION('',(-0.,-1.,0.));
#1594 = FACE_BOUND('',#1595,.F.);
#1595 = EDGE_LOOP('',(#1596));
#1596 = ORIENTED_EDGE('',*,*,#1597,.T.);
#1597 = EDGE_CURVE('',#1598,#1598,#1600,.T.);
#1598 = VERTEX_POINT('',#1599);
#1599 = CARTESIAN_POINT('',(190.,-93.21,0.));
#1600 = CIRCLE('',#1601,1.5);
#1601 = AXIS2_PLACEMENT_3D('',#1602,#1603,#1604);
#1602 = CARTESIAN_POINT('',(190.,-91.71,0.));
#1603 = DIRECTION('',(-0.,0.,-1.));
#1604 = DIRECTION('',(-0.,-1.,0.));
#1605 = FACE_BOUND('',#1606,.F.);
#1606 = EDGE_LOOP('',(#1607));
#1607 = ORIENTED_EDGE('',*,*,#1608,.T.);
#1608 = EDGE_CURVE('',#1609,#1609,#1611,.T.);
#1609 = VERTEX_POINT('',#1610);
#1610 = CARTESIAN_POINT('',(219.925,-85.11,0.));
#1611 = CIRCLE('',#1612,0.45);
#1612 = AXIS2_PLACEMENT_3D('',#1613,#1614,#1615);
#1613 = CARTESIAN_POINT('',(219.925,-84.66,0.));
#1614 = DIRECTION('',(-0.,0.,-1.));
#1615 = DIRECTION('',(-0.,-1.,0.));
#1616 = FACE_BOUND('',#1617,.F.);
#1617 = EDGE_LOOP('',(#1618));
#1618 = ORIENTED_EDGE('',*,*,#1619,.T.);
#1619 = EDGE_CURVE('',#1620,#1620,#1622,.T.);
#1620 = VERTEX_POINT('',#1621);
#1621 = CARTESIAN_POINT('',(219.925,-82.11,0.));
#1622 = CIRCLE('',#1623,0.45);
#1623 = AXIS2_PLACEMENT_3D('',#1624,#1625,#1626);
#1624 = CARTESIAN_POINT('',(219.925,-81.66,0.));
#1625 = DIRECTION('',(-0.,0.,-1.));
#1626 = DIRECTION('',(-0.,-1.,0.));
#1627 = FACE_BOUND('',#1628,.F.);
#1628 = EDGE_LOOP('',(#1629));
#1629 = ORIENTED_EDGE('',*,*,#1630,.T.);
#1630 = EDGE_CURVE('',#1631,#1631,#1633,.T.);
#1631 = VERTEX_POINT('',#1632);
#1632 = CARTESIAN_POINT('',(190.,-82.16,0.));
#1633 = CIRCLE('',#1634,2.5);
#1634 = AXIS2_PLACEMENT_3D('',#1635,#1636,#1637);
#1635 = CARTESIAN_POINT('',(190.,-79.66,0.));
#1636 = DIRECTION('',(-0.,0.,-1.));
#1637 = DIRECTION('',(-0.,-1.,0.));
#1638 = FACE_BOUND('',#1639,.F.);
#1639 = EDGE_LOOP('',(#1640));
#1640 = ORIENTED_EDGE('',*,*,#1641,.T.);
#1641 = EDGE_CURVE('',#1642,#1642,#1644,.T.);
#1642 = VERTEX_POINT('',#1643);
#1643 = CARTESIAN_POINT('',(195.5,-80.61,0.));
#1644 = CIRCLE('',#1645,0.95);
#1645 = AXIS2_PLACEMENT_3D('',#1646,#1647,#1648);
#1646 = CARTESIAN_POINT('',(195.5,-79.66,0.));
#1647 = DIRECTION('',(-0.,0.,-1.));
#1648 = DIRECTION('',(-0.,-1.,0.));
#1649 = FACE_BOUND('',#1650,.F.);
#1650 = EDGE_LOOP('',(#1651));
#1651 = ORIENTED_EDGE('',*,*,#1652,.T.);
#1652 = EDGE_CURVE('',#1653,#1653,#1655,.T.);
#1653 = VERTEX_POINT('',#1654);
#1654 = CARTESIAN_POINT('',(195.,-77.41,0.));
#1655 = CIRCLE('',#1656,1.5);
#1656 = AXIS2_PLACEMENT_3D('',#1657,#1658,#1659);
#1657 = CARTESIAN_POINT('',(195.,-75.91,0.));
#1658 = DIRECTION('',(-0.,0.,-1.));
#1659 = DIRECTION('',(-0.,-1.,0.));
#1660 = FACE_BOUND('',#1661,.F.);
#1661 = EDGE_LOOP('',(#1662));
#1662 = ORIENTED_EDGE('',*,*,#1663,.T.);
#1663 = EDGE_CURVE('',#1664,#1664,#1666,.T.);
#1664 = VERTEX_POINT('',#1665);
#1665 = CARTESIAN_POINT('',(190.,-75.21,0.));
#1666 = CIRCLE('',#1667,1.5);
#1667 = AXIS2_PLACEMENT_3D('',#1668,#1669,#1670);
#1668 = CARTESIAN_POINT('',(190.,-73.71,0.));
#1669 = DIRECTION('',(-0.,0.,-1.));
#1670 = DIRECTION('',(-0.,-1.,0.));
#1671 = FACE_BOUND('',#1672,.F.);
#1672 = EDGE_LOOP('',(#1673));
#1673 = ORIENTED_EDGE('',*,*,#1674,.T.);
#1674 = EDGE_CURVE('',#1675,#1675,#1677,.T.);
#1675 = VERTEX_POINT('',#1676);
#1676 = CARTESIAN_POINT('',(209.,-74.535,0.));
#1677 = CIRCLE('',#1678,0.375);
#1678 = AXIS2_PLACEMENT_3D('',#1679,#1680,#1681);
#1679 = CARTESIAN_POINT('',(209.,-74.16,0.));
#1680 = DIRECTION('',(-0.,0.,-1.));
#1681 = DIRECTION('',(-0.,-1.,0.));
#1682 = FACE_BOUND('',#1683,.F.);
#1683 = EDGE_LOOP('',(#1684));
#1684 = ORIENTED_EDGE('',*,*,#1685,.T.);
#1685 = EDGE_CURVE('',#1686,#1686,#1688,.T.);
#1686 = VERTEX_POINT('',#1687);
#1687 = CARTESIAN_POINT('',(211.,-74.535,0.));
#1688 = CIRCLE('',#1689,0.375);
#1689 = AXIS2_PLACEMENT_3D('',#1690,#1691,#1692);
#1690 = CARTESIAN_POINT('',(211.,-74.16,0.));
#1691 = DIRECTION('',(-0.,0.,-1.));
#1692 = DIRECTION('',(-0.,-1.,0.));
#1693 = FACE_BOUND('',#1694,.F.);
#1694 = EDGE_LOOP('',(#1695));
#1695 = ORIENTED_EDGE('',*,*,#1696,.T.);
#1696 = EDGE_CURVE('',#1697,#1697,#1699,.T.);
#1697 = VERTEX_POINT('',#1698);
#1698 = CARTESIAN_POINT('',(159.,-70.93,0.));
#1699 = CIRCLE('',#1700,1.5);
#1700 = AXIS2_PLACEMENT_3D('',#1701,#1702,#1703);
#1701 = CARTESIAN_POINT('',(159.,-69.43,0.));
#1702 = DIRECTION('',(-0.,0.,-1.));
#1703 = DIRECTION('',(-0.,-1.,0.));
#1704 = FACE_BOUND('',#1705,.F.);
#1705 = EDGE_LOOP('',(#1706));
#1706 = ORIENTED_EDGE('',*,*,#1707,.T.);
#1707 = EDGE_CURVE('',#1708,#1708,#1710,.T.);
#1708 = VERTEX_POINT('',#1709);
#1709 = CARTESIAN_POINT('',(167.,-65.63,0.));
#1710 = CIRCLE('',#1711,0.8);
#1711 = AXIS2_PLACEMENT_3D('',#1712,#1713,#1714);
#1712 = CARTESIAN_POINT('',(167.,-64.83,0.));
#1713 = DIRECTION('',(-0.,0.,-1.));
#1714 = DIRECTION('',(-0.,-1.,0.));
#1715 = FACE_BOUND('',#1716,.F.);
#1716 = EDGE_LOOP('',(#1717));
#1717 = ORIENTED_EDGE('',*,*,#1718,.T.);
#1718 = EDGE_CURVE('',#1719,#1719,#1721,.T.);
#1719 = VERTEX_POINT('',#1720);
#1720 = CARTESIAN_POINT('',(166.5,-60.63,0.));
#1721 = CIRCLE('',#1722,0.95);
#1722 = AXIS2_PLACEMENT_3D('',#1723,#1724,#1725);
#1723 = CARTESIAN_POINT('',(166.5,-59.68,0.));
#1724 = DIRECTION('',(-0.,0.,-1.));
#1725 = DIRECTION('',(-0.,-1.,0.));
#1726 = FACE_BOUND('',#1727,.F.);
#1727 = EDGE_LOOP('',(#1728));
#1728 = ORIENTED_EDGE('',*,*,#1729,.T.);
#1729 = EDGE_CURVE('',#1730,#1730,#1732,.T.);
#1730 = VERTEX_POINT('',#1731);
#1731 = CARTESIAN_POINT('',(172.,-62.18,0.));
#1732 = CIRCLE('',#1733,2.5);
#1733 = AXIS2_PLACEMENT_3D('',#1734,#1735,#1736);
#1734 = CARTESIAN_POINT('',(172.,-59.68,0.));
#1735 = DIRECTION('',(-0.,0.,-1.));
#1736 = DIRECTION('',(-0.,-1.,0.));
#1737 = FACE_BOUND('',#1738,.F.);
#1738 = EDGE_LOOP('',(#1739));
#1739 = ORIENTED_EDGE('',*,*,#1740,.T.);
#1740 = EDGE_CURVE('',#1741,#1741,#1743,.T.);
#1741 = VERTEX_POINT('',#1742);
#1742 = CARTESIAN_POINT('',(185.,-67.61,0.));
#1743 = CIRCLE('',#1744,0.8);
#1744 = AXIS2_PLACEMENT_3D('',#1745,#1746,#1747);
#1745 = CARTESIAN_POINT('',(185.,-66.81,0.));
#1746 = DIRECTION('',(-0.,0.,-1.));
#1747 = DIRECTION('',(-0.,-1.,0.));
#1748 = FACE_BOUND('',#1749,.F.);
#1749 = EDGE_LOOP('',(#1750));
#1750 = ORIENTED_EDGE('',*,*,#1751,.T.);
#1751 = EDGE_CURVE('',#1752,#1752,#1754,.T.);
#1752 = VERTEX_POINT('',#1753);
#1753 = CARTESIAN_POINT('',(177.5,-60.63,0.));
#1754 = CIRCLE('',#1755,0.95);
#1755 = AXIS2_PLACEMENT_3D('',#1756,#1757,#1758);
#1756 = CARTESIAN_POINT('',(177.5,-59.68,0.));
#1757 = DIRECTION('',(-0.,0.,-1.));
#1758 = DIRECTION('',(-0.,-1.,0.));
#1759 = FACE_BOUND('',#1760,.F.);
#1760 = EDGE_LOOP('',(#1761));
#1761 = ORIENTED_EDGE('',*,*,#1762,.T.);
#1762 = EDGE_CURVE('',#1763,#1763,#1765,.T.);
#1763 = VERTEX_POINT('',#1764);
#1764 = CARTESIAN_POINT('',(184.5,-62.61,0.));
#1765 = CIRCLE('',#1766,0.95);
#1766 = AXIS2_PLACEMENT_3D('',#1767,#1768,#1769);
#1767 = CARTESIAN_POINT('',(184.5,-61.66,0.));
#1768 = DIRECTION('',(-0.,0.,-1.));
#1769 = DIRECTION('',(-0.,-1.,0.));
#1770 = FACE_BOUND('',#1771,.F.);
#1771 = EDGE_LOOP('',(#1772));
#1772 = ORIENTED_EDGE('',*,*,#1773,.T.);
#1773 = EDGE_CURVE('',#1774,#1774,#1776,.T.);
#1774 = VERTEX_POINT('',#1775);
#1775 = CARTESIAN_POINT('',(159.5,-56.13,0.));
#1776 = CIRCLE('',#1777,0.95);
#1777 = AXIS2_PLACEMENT_3D('',#1778,#1779,#1780);
#1778 = CARTESIAN_POINT('',(159.5,-55.18,0.));
#1779 = DIRECTION('',(-0.,0.,-1.));
#1780 = DIRECTION('',(-0.,-1.,0.));
#1781 = FACE_BOUND('',#1782,.F.);
#1782 = EDGE_LOOP('',(#1783));
#1783 = ORIENTED_EDGE('',*,*,#1784,.T.);
#1784 = EDGE_CURVE('',#1785,#1785,#1787,.T.);
#1785 = VERTEX_POINT('',#1786);
#1786 = CARTESIAN_POINT('',(172.,-55.23,0.));
#1787 = CIRCLE('',#1788,1.5);
#1788 = AXIS2_PLACEMENT_3D('',#1789,#1790,#1791);
#1789 = CARTESIAN_POINT('',(172.,-53.73,0.));
#1790 = DIRECTION('',(-0.,0.,-1.));
#1791 = DIRECTION('',(-0.,-1.,0.));
#1792 = FACE_BOUND('',#1793,.F.);
#1793 = EDGE_LOOP('',(#1794));
#1794 = ORIENTED_EDGE('',*,*,#1795,.T.);
#1795 = EDGE_CURVE('',#1796,#1796,#1798,.T.);
#1796 = VERTEX_POINT('',#1797);
#1797 = CARTESIAN_POINT('',(159.,-52.93,0.));
#1798 = CIRCLE('',#1799,1.5);
#1799 = AXIS2_PLACEMENT_3D('',#1800,#1801,#1802);
#1800 = CARTESIAN_POINT('',(159.,-51.43,0.));
#1801 = DIRECTION('',(-0.,0.,-1.));
#1802 = DIRECTION('',(-0.,-1.,0.));
#1803 = FACE_BOUND('',#1804,.F.);
#1804 = EDGE_LOOP('',(#1805));
#1805 = ORIENTED_EDGE('',*,*,#1806,.T.);
#1806 = EDGE_CURVE('',#1807,#1807,#1809,.T.);
#1807 = VERTEX_POINT('',#1808);
#1808 = CARTESIAN_POINT('',(177.,-57.43,0.));
#1809 = CIRCLE('',#1810,1.5);
#1810 = AXIS2_PLACEMENT_3D('',#1811,#1812,#1813);
#1811 = CARTESIAN_POINT('',(177.,-55.93,0.));
#1812 = DIRECTION('',(-0.,0.,-1.));
#1813 = DIRECTION('',(-0.,-1.,0.));
#1814 = FACE_BOUND('',#1815,.F.);
#1815 = EDGE_LOOP('',(#1816));
#1816 = ORIENTED_EDGE('',*,*,#1817,.T.);
#1817 = EDGE_CURVE('',#1818,#1818,#1820,.T.);
#1818 = VERTEX_POINT('',#1819);
#1819 = CARTESIAN_POINT('',(190.,-64.16,0.));
#1820 = CIRCLE('',#1821,2.5);
#1821 = AXIS2_PLACEMENT_3D('',#1822,#1823,#1824);
#1822 = CARTESIAN_POINT('',(190.,-61.66,0.));
#1823 = DIRECTION('',(-0.,0.,-1.));
#1824 = DIRECTION('',(-0.,-1.,0.));
#1825 = FACE_BOUND('',#1826,.F.);
#1826 = EDGE_LOOP('',(#1827));
#1827 = ORIENTED_EDGE('',*,*,#1828,.T.);
#1828 = EDGE_CURVE('',#1829,#1829,#1831,.T.);
#1829 = VERTEX_POINT('',#1830);
#1830 = CARTESIAN_POINT('',(195.5,-62.61,0.));
#1831 = CIRCLE('',#1832,0.95);
#1832 = AXIS2_PLACEMENT_3D('',#1833,#1834,#1835);
#1833 = CARTESIAN_POINT('',(195.5,-61.66,0.));
#1834 = DIRECTION('',(-0.,0.,-1.));
#1835 = DIRECTION('',(-0.,-1.,0.));
#1836 = FACE_BOUND('',#1837,.F.);
#1837 = EDGE_LOOP('',(#1838));
#1838 = ORIENTED_EDGE('',*,*,#1839,.T.);
#1839 = EDGE_CURVE('',#1840,#1840,#1842,.T.);
#1840 = VERTEX_POINT('',#1841);
#1841 = CARTESIAN_POINT('',(209.006,-66.078,0.));
#1842 = CIRCLE('',#1843,0.4);
#1843 = AXIS2_PLACEMENT_3D('',#1844,#1845,#1846);
#1844 = CARTESIAN_POINT('',(209.006,-65.678,0.));
#1845 = DIRECTION('',(-0.,0.,-1.));
#1846 = DIRECTION('',(-0.,-1.,0.));
#1847 = FACE_BOUND('',#1848,.F.);
#1848 = EDGE_LOOP('',(#1849));
#1849 = ORIENTED_EDGE('',*,*,#1850,.T.);
#1850 = EDGE_CURVE('',#1851,#1851,#1853,.T.);
#1851 = VERTEX_POINT('',#1852);
#1852 = CARTESIAN_POINT('',(211.006,-66.078,0.));
#1853 = CIRCLE('',#1854,0.4);
#1854 = AXIS2_PLACEMENT_3D('',#1855,#1856,#1857);
#1855 = CARTESIAN_POINT('',(211.006,-65.678,0.));
#1856 = DIRECTION('',(-0.,0.,-1.));
#1857 = DIRECTION('',(-0.,-1.,0.));
#1858 = FACE_BOUND('',#1859,.F.);
#1859 = EDGE_LOOP('',(#1860));
#1860 = ORIENTED_EDGE('',*,*,#1861,.T.);
#1861 = EDGE_CURVE('',#1862,#1862,#1864,.T.);
#1862 = VERTEX_POINT('',#1863);
#1863 = CARTESIAN_POINT('',(195.,-59.41,0.));
#1864 = CIRCLE('',#1865,1.5);
#1865 = AXIS2_PLACEMENT_3D('',#1866,#1867,#1868);
#1866 = CARTESIAN_POINT('',(195.,-57.91,0.));
#1867 = DIRECTION('',(-0.,0.,-1.));
#1868 = DIRECTION('',(-0.,-1.,0.));
#1869 = FACE_BOUND('',#1870,.F.);
#1870 = EDGE_LOOP('',(#1871));
#1871 = ORIENTED_EDGE('',*,*,#1872,.T.);
#1872 = EDGE_CURVE('',#1873,#1873,#1875,.T.);
#1873 = VERTEX_POINT('',#1874);
#1874 = CARTESIAN_POINT('',(190.,-57.21,0.));
#1875 = CIRCLE('',#1876,1.5);
#1876 = AXIS2_PLACEMENT_3D('',#1877,#1878,#1879);
#1877 = CARTESIAN_POINT('',(190.,-55.71,0.));
#1878 = DIRECTION('',(-0.,0.,-1.));
#1879 = DIRECTION('',(-0.,-1.,0.));
#1880 = PLANE('',#1881);
#1881 = AXIS2_PLACEMENT_3D('',#1882,#1883,#1884);
#1882 = CARTESIAN_POINT('',(0.,0.,0.));
#1883 = DIRECTION('',(0.,0.,1.));
#1884 = DIRECTION('',(1.,0.,-0.));
#1885 = ADVANCED_FACE('',(#1886,#2064,#2075,#2086,#2097,#2108,#2119,
    #2130,#2141,#2152,#2163,#2174,#2185,#2196,#2207,#2218,#2229,#2240,
    #2251,#2262,#2273,#2284,#2295,#2306,#2317,#2328,#2339,#2350,#2361,
    #2372,#2383,#2394,#2405,#2416,#2427,#2438,#2449,#2460,#2471,#2482,
    #2493,#2504,#2515,#2526,#2537,#2548,#2559,#2570,#2581,#2592,#2603,
    #2614,#2625,#2636,#2647,#2658,#2669,#2680,#2691,#2702,#2713,#2724,
    #2735,#2746,#2757,#2768,#2779,#2790,#2801,#2812,#2823,#2834,#2845,
    #2856,#2867,#2878,#2889,#2900,#2911,#2922,#2933,#2944,#2955,#2966,
    #2977,#2988,#2999,#3010,#3021,#3032,#3043,#3054,#3065,#3076,#3087,
    #3098,#3109,#3120,#3131,#3142,#3153,#3164,#3175,#3186,#3197,#3208,
    #3219,#3230,#3241,#3252,#3263,#3274,#3285,#3296,#3307,#3318,#3329,
    #3340,#3351,#3362,#3373,#3384,#3395,#3406,#3417,#3428,#3439,#3450,
    #3461,#3472,#3483,#3494,#3505,#3516,#3527,#3538,#3549,#3560,#3571,
    #3582,#3593,#3604,#3615),#3626,.T.);
#1886 = FACE_BOUND('',#1887,.T.);
#1887 = EDGE_LOOP('',(#1888,#1889,#1890,#1899,#1907,#1915,#1923,#1932,
    #1940,#1949,#1957,#1965,#1974,#1982,#1990,#1998,#2006,#2015,#2023,
    #2032,#2040,#2048,#2057,#2063));
#1888 = ORIENTED_EDGE('',*,*,#49,.F.);
#1889 = ORIENTED_EDGE('',*,*,#91,.F.);
#1890 = ORIENTED_EDGE('',*,*,#1891,.F.);
#1891 = EDGE_CURVE('',#1892,#84,#1894,.T.);
#1892 = VERTEX_POINT('',#1893);
#1893 = CARTESIAN_POINT('',(144.584057,-43.208975,1.51));
#1894 = CIRCLE('',#1895,3.000592725371);
#1895 = AXIS2_PLACEMENT_3D('',#1896,#1897,#1898);
#1896 = CARTESIAN_POINT('',(145.00004353786,-46.18059272505,1.51));
#1897 = DIRECTION('',(0.,0.,-1.));
#1898 = DIRECTION('',(-0.138634788504,0.990343574431,0.));
#1899 = ORIENTED_EDGE('',*,*,#1900,.F.);
#1900 = EDGE_CURVE('',#1901,#1892,#1903,.T.);
#1901 = VERTEX_POINT('',#1902);
#1902 = CARTESIAN_POINT('',(126.584057,-45.728975,1.51));
#1903 = LINE('',#1904,#1905);
#1904 = CARTESIAN_POINT('',(126.584057,-45.728975,1.51));
#1905 = VECTOR('',#1906,1.);
#1906 = DIRECTION('',(0.990341746674,0.138647844534,0.));
#1907 = ORIENTED_EDGE('',*,*,#1908,.F.);
#1908 = EDGE_CURVE('',#1909,#1901,#1911,.T.);
#1909 = VERTEX_POINT('',#1910);
#1910 = CARTESIAN_POINT('',(126.482859,-45.744909,1.51));
#1911 = LINE('',#1912,#1913);
#1912 = CARTESIAN_POINT('',(126.482859,-45.744909,1.51));
#1913 = VECTOR('',#1914,1.);
#1914 = DIRECTION('',(0.987829989806,0.155537491428,0.));
#1915 = ORIENTED_EDGE('',*,*,#1916,.F.);
#1916 = EDGE_CURVE('',#1917,#1909,#1919,.T.);
#1917 = VERTEX_POINT('',#1918);
#1918 = CARTESIAN_POINT('',(90.482859,-52.044909,1.51));
#1919 = LINE('',#1920,#1921);
#1920 = CARTESIAN_POINT('',(90.482859,-52.044909,1.51));
#1921 = VECTOR('',#1922,1.);
#1922 = DIRECTION('',(0.985030467156,0.172380331752,0.));
#1923 = ORIENTED_EDGE('',*,*,#1924,.F.);
#1924 = EDGE_CURVE('',#1925,#1917,#1927,.T.);
#1925 = VERTEX_POINT('',#1926);
#1926 = CARTESIAN_POINT('',(88.,-55.,1.51));
#1927 = CIRCLE('',#1928,2.999997522181);
#1928 = AXIS2_PLACEMENT_3D('',#1929,#1930,#1931);
#1929 = CARTESIAN_POINT('',(90.99999752218,-54.99999831878,1.51));
#1930 = DIRECTION('',(0.,0.,-1.));
#1931 = DIRECTION('',(-1.,-5.604071078037E-07,-0.));
#1932 = ORIENTED_EDGE('',*,*,#1933,.F.);
#1933 = EDGE_CURVE('',#1934,#1925,#1936,.T.);
#1934 = VERTEX_POINT('',#1935);
#1935 = CARTESIAN_POINT('',(88.,-109.,1.51));
#1936 = LINE('',#1937,#1938);
#1937 = CARTESIAN_POINT('',(88.,-109.,1.51));
#1938 = VECTOR('',#1939,1.);
#1939 = DIRECTION('',(0.,1.,0.));
#1940 = ORIENTED_EDGE('',*,*,#1941,.F.);
#1941 = EDGE_CURVE('',#1942,#1934,#1944,.T.);
#1942 = VERTEX_POINT('',#1943);
#1943 = CARTESIAN_POINT('',(91.,-112.,1.51));
#1944 = CIRCLE('',#1945,3.000001172987);
#1945 = AXIS2_PLACEMENT_3D('',#1946,#1947,#1948);
#1946 = CARTESIAN_POINT('',(91.000001172987,-108.999998827,1.51));
#1947 = DIRECTION('',(0.,0.,-1.));
#1948 = DIRECTION('',(-3.909953663434E-07,-1.,-0.));
#1949 = ORIENTED_EDGE('',*,*,#1950,.F.);
#1950 = EDGE_CURVE('',#1951,#1942,#1953,.T.);
#1951 = VERTEX_POINT('',#1952);
#1952 = CARTESIAN_POINT('',(108.28477,-112.,1.51));
#1953 = LINE('',#1954,#1955);
#1954 = CARTESIAN_POINT('',(108.28477,-112.,1.51));
#1955 = VECTOR('',#1956,1.);
#1956 = DIRECTION('',(-1.,0.,0.));
#1957 = ORIENTED_EDGE('',*,*,#1958,.F.);
#1958 = EDGE_CURVE('',#1959,#1951,#1961,.T.);
#1959 = VERTEX_POINT('',#1960);
#1960 = CARTESIAN_POINT('',(140.046473,-128.057306,1.51));
#1961 = LINE('',#1962,#1963);
#1962 = CARTESIAN_POINT('',(140.046473,-128.057306,1.51));
#1963 = VECTOR('',#1964,1.);
#1964 = DIRECTION('',(-0.892435200338,0.451175590207,0.));
#1965 = ORIENTED_EDGE('',*,*,#1966,.F.);
#1966 = EDGE_CURVE('',#1967,#1959,#1969,.T.);
#1967 = VERTEX_POINT('',#1968);
#1968 = CARTESIAN_POINT('',(141.4,-128.38,1.51));
#1969 = CIRCLE('',#1970,2.999991175286);
#1970 = AXIS2_PLACEMENT_3D('',#1971,#1972,#1973);
#1971 = CARTESIAN_POINT('',(141.39999687751,-125.3800088247,1.51));
#1972 = DIRECTION('',(0.,0.,-1.));
#1973 = DIRECTION('',(1.040830797381E-06,-0.999999999999,0.));
#1974 = ORIENTED_EDGE('',*,*,#1975,.F.);
#1975 = EDGE_CURVE('',#1976,#1967,#1978,.T.);
#1976 = VERTEX_POINT('',#1977);
#1977 = CARTESIAN_POINT('',(159.295238,-128.38,1.51));
#1978 = LINE('',#1979,#1980);
#1979 = CARTESIAN_POINT('',(159.295238,-128.38,1.51));
#1980 = VECTOR('',#1981,1.);
#1981 = DIRECTION('',(-1.,0.,0.));
#1982 = ORIENTED_EDGE('',*,*,#1983,.F.);
#1983 = EDGE_CURVE('',#1984,#1976,#1986,.T.);
#1984 = VERTEX_POINT('',#1985);
#1985 = CARTESIAN_POINT('',(159.405487,-128.387709,1.51));
#1986 = LINE('',#1987,#1988);
#1987 = CARTESIAN_POINT('',(159.405487,-128.387709,1.51));
#1988 = VECTOR('',#1989,1.);
#1989 = DIRECTION('',(-0.997564277611,6.975322239756E-02,0.));
#1990 = ORIENTED_EDGE('',*,*,#1991,.F.);
#1991 = EDGE_CURVE('',#1992,#1984,#1994,.T.);
#1992 = VERTEX_POINT('',#1993);
#1993 = CARTESIAN_POINT('',(176.816155,-130.834619,1.51));
#1994 = LINE('',#1995,#1996);
#1995 = CARTESIAN_POINT('',(176.816155,-130.834619,1.51));
#1996 = VECTOR('',#1997,1.);
#1997 = DIRECTION('',(-0.990268067279,0.139173111365,0.));
#1998 = ORIENTED_EDGE('',*,*,#1999,.F.);
#1999 = EDGE_CURVE('',#2000,#1992,#2002,.T.);
#2000 = VERTEX_POINT('',#2001);
#2001 = CARTESIAN_POINT('',(210.881785,-143.186501,1.51));
#2002 = LINE('',#2003,#2004);
#2003 = CARTESIAN_POINT('',(210.881785,-143.186501,1.51));
#2004 = VECTOR('',#2005,1.);
#2005 = DIRECTION('',(-0.940108730375,0.340874720496,0.));
#2006 = ORIENTED_EDGE('',*,*,#2007,.F.);
#2007 = EDGE_CURVE('',#2008,#2000,#2010,.T.);
#2008 = VERTEX_POINT('',#2009);
#2009 = CARTESIAN_POINT('',(214.645046,-141.586385,1.51));
#2010 = CIRCLE('',#2011,2.99995160822);
#2011 = AXIS2_PLACEMENT_3D('',#2012,#2013,#2014);
#2012 = CARTESIAN_POINT('',(211.904435539,-140.3662358481,1.51));
#2013 = DIRECTION('',(0.,0.,-1.));
#2014 = DIRECTION('',(0.91355155646,-0.406722944632,0.));
#2015 = ORIENTED_EDGE('',*,*,#2016,.F.);
#2016 = EDGE_CURVE('',#2017,#2008,#2019,.T.);
#2017 = VERTEX_POINT('',#2018);
#2018 = CARTESIAN_POINT('',(221.966305,-125.142567,1.51));
#2019 = LINE('',#2020,#2021);
#2020 = CARTESIAN_POINT('',(221.966305,-125.142567,1.51));
#2021 = VECTOR('',#2022,1.);
#2022 = DIRECTION('',(-0.406736621303,-0.913545467336,0.));
#2023 = ORIENTED_EDGE('',*,*,#2024,.F.);
#2024 = EDGE_CURVE('',#2025,#2017,#2027,.T.);
#2025 = VERTEX_POINT('',#2026);
#2026 = CARTESIAN_POINT('',(222.225473,-123.888101,1.51));
#2027 = CIRCLE('',#2028,2.999640438622);
#2028 = AXIS2_PLACEMENT_3D('',#2029,#2030,#2031);
#2029 = CARTESIAN_POINT('',(219.22602902332,-123.9224316252,1.51));
#2030 = DIRECTION('',(0.,0.,-1.));
#2031 = DIRECTION('',(0.999934504833,1.144491346877E-02,0.));
#2032 = ORIENTED_EDGE('',*,*,#2033,.F.);
#2033 = EDGE_CURVE('',#2034,#2025,#2036,.T.);
#2034 = VERTEX_POINT('',#2035);
#2035 = CARTESIAN_POINT('',(222.,-104.142874,1.51));
#2036 = LINE('',#2037,#2038);
#2037 = CARTESIAN_POINT('',(222.,-104.142874,1.51));
#2038 = VECTOR('',#2039,1.);
#2039 = DIRECTION('',(1.141836966625E-02,-0.999934808292,0.));
#2040 = ORIENTED_EDGE('',*,*,#2041,.F.);
#2041 = EDGE_CURVE('',#2042,#2034,#2044,.T.);
#2042 = VERTEX_POINT('',#2043);
#2043 = CARTESIAN_POINT('',(222.,-52.66,1.51));
#2044 = LINE('',#2045,#2046);
#2045 = CARTESIAN_POINT('',(222.,-52.66,1.51));
#2046 = VECTOR('',#2047,1.);
#2047 = DIRECTION('',(0.,-1.,0.));
#2048 = ORIENTED_EDGE('',*,*,#2049,.F.);
#2049 = EDGE_CURVE('',#2050,#2042,#2052,.T.);
#2050 = VERTEX_POINT('',#2051);
#2051 = CARTESIAN_POINT('',(219.156104,-49.664064,1.51));
#2052 = CIRCLE('',#2053,2.999999427614);
#2053 = AXIS2_PLACEMENT_3D('',#2054,#2055,#2056);
#2054 = CARTESIAN_POINT('',(219.00000057238,-52.65999929395,1.51));
#2055 = DIRECTION('',(0.,0.,-1.));
#2056 = DIRECTION('',(5.203448579918E-02,0.998645288522,0.));
#2057 = ORIENTED_EDGE('',*,*,#2058,.F.);
#2058 = EDGE_CURVE('',#114,#2050,#2059,.T.);
#2059 = LINE('',#2060,#2061);
#2060 = CARTESIAN_POINT('',(181.445993,-47.699169,1.51));
#2061 = VECTOR('',#2062,1.);
#2062 = DIRECTION('',(0.998645279016,-5.203466824883E-02,0.));
#2063 = ORIENTED_EDGE('',*,*,#113,.F.);
#2064 = FACE_BOUND('',#2065,.T.);
#2065 = EDGE_LOOP('',(#2066));
#2066 = ORIENTED_EDGE('',*,*,#2067,.T.);
#2067 = EDGE_CURVE('',#2068,#2068,#2070,.T.);
#2068 = VERTEX_POINT('',#2069);
#2069 = CARTESIAN_POINT('',(150.4,-122.83,1.51));
#2070 = CIRCLE('',#2071,0.95);
#2071 = AXIS2_PLACEMENT_3D('',#2072,#2073,#2074);
#2072 = CARTESIAN_POINT('',(150.4,-121.88,1.51));
#2073 = DIRECTION('',(-0.,0.,-1.));
#2074 = DIRECTION('',(2.991758887411E-14,-1.,-0.));
#2075 = FACE_BOUND('',#2076,.T.);
#2076 = EDGE_LOOP('',(#2077));
#2077 = ORIENTED_EDGE('',*,*,#2078,.T.);
#2078 = EDGE_CURVE('',#2079,#2079,#2081,.T.);
#2079 = VERTEX_POINT('',#2080);
#2080 = CARTESIAN_POINT('',(154.15,-122.88,1.51));
#2081 = CIRCLE('',#2082,1.5);
#2082 = AXIS2_PLACEMENT_3D('',#2083,#2084,#2085);
#2083 = CARTESIAN_POINT('',(154.15,-121.38,1.51));
#2084 = DIRECTION('',(-0.,0.,-1.));
#2085 = DIRECTION('',(-0.,-1.,0.));
#2086 = FACE_BOUND('',#2087,.T.);
#2087 = EDGE_LOOP('',(#2088));
#2088 = ORIENTED_EDGE('',*,*,#2089,.T.);
#2089 = EDGE_CURVE('',#2090,#2090,#2092,.T.);
#2090 = VERTEX_POINT('',#2091);
#2091 = CARTESIAN_POINT('',(150.4,-118.88,1.51));
#2092 = CIRCLE('',#2093,2.5);
#2093 = AXIS2_PLACEMENT_3D('',#2094,#2095,#2096);
#2094 = CARTESIAN_POINT('',(150.4,-116.38,1.51));
#2095 = DIRECTION('',(-0.,0.,-1.));
#2096 = DIRECTION('',(-0.,-1.,0.));
#2097 = FACE_BOUND('',#2098,.T.);
#2098 = EDGE_LOOP('',(#2099));
#2099 = ORIENTED_EDGE('',*,*,#2100,.T.);
#2100 = EDGE_CURVE('',#2101,#2101,#2103,.T.);
#2101 = VERTEX_POINT('',#2102);
#2102 = CARTESIAN_POINT('',(156.35,-117.88,1.51));
#2103 = CIRCLE('',#2104,1.5);
#2104 = AXIS2_PLACEMENT_3D('',#2105,#2106,#2107);
#2105 = CARTESIAN_POINT('',(156.35,-116.38,1.51));
#2106 = DIRECTION('',(-0.,0.,-1.));
#2107 = DIRECTION('',(-0.,-1.,0.));
#2108 = FACE_BOUND('',#2109,.T.);
#2109 = EDGE_LOOP('',(#2110));
#2110 = ORIENTED_EDGE('',*,*,#2111,.T.);
#2111 = EDGE_CURVE('',#2112,#2112,#2114,.T.);
#2112 = VERTEX_POINT('',#2113);
#2113 = CARTESIAN_POINT('',(95.,-105.95,1.51));
#2114 = CIRCLE('',#2115,0.8);
#2115 = AXIS2_PLACEMENT_3D('',#2116,#2117,#2118);
#2116 = CARTESIAN_POINT('',(95.,-105.15,1.51));
#2117 = DIRECTION('',(-0.,0.,-1.));
#2118 = DIRECTION('',(-0.,-1.,0.));
#2119 = FACE_BOUND('',#2120,.T.);
#2120 = EDGE_LOOP('',(#2121));
#2121 = ORIENTED_EDGE('',*,*,#2122,.T.);
#2122 = EDGE_CURVE('',#2123,#2123,#2125,.T.);
#2123 = VERTEX_POINT('',#2124);
#2124 = CARTESIAN_POINT('',(113.,-105.95,1.51));
#2125 = CIRCLE('',#2126,0.8);
#2126 = AXIS2_PLACEMENT_3D('',#2127,#2128,#2129);
#2127 = CARTESIAN_POINT('',(113.,-105.15,1.51));
#2128 = DIRECTION('',(-0.,0.,-1.));
#2129 = DIRECTION('',(-0.,-1.,0.));
#2130 = FACE_BOUND('',#2131,.T.);
#2131 = EDGE_LOOP('',(#2132));
#2132 = ORIENTED_EDGE('',*,*,#2133,.T.);
#2133 = EDGE_CURVE('',#2134,#2134,#2136,.T.);
#2134 = VERTEX_POINT('',#2135);
#2135 = CARTESIAN_POINT('',(94.5,-100.95,1.51));
#2136 = CIRCLE('',#2137,0.95);
#2137 = AXIS2_PLACEMENT_3D('',#2138,#2139,#2140);
#2138 = CARTESIAN_POINT('',(94.5,-100.,1.51));
#2139 = DIRECTION('',(-0.,0.,-1.));
#2140 = DIRECTION('',(-0.,-1.,0.));
#2141 = FACE_BOUND('',#2142,.T.);
#2142 = EDGE_LOOP('',(#2143));
#2143 = ORIENTED_EDGE('',*,*,#2144,.T.);
#2144 = EDGE_CURVE('',#2145,#2145,#2147,.T.);
#2145 = VERTEX_POINT('',#2146);
#2146 = CARTESIAN_POINT('',(100.,-102.5,1.51));
#2147 = CIRCLE('',#2148,2.5);
#2148 = AXIS2_PLACEMENT_3D('',#2149,#2150,#2151);
#2149 = CARTESIAN_POINT('',(100.,-100.,1.51));
#2150 = DIRECTION('',(-0.,0.,-1.));
#2151 = DIRECTION('',(-0.,-1.,0.));
#2152 = FACE_BOUND('',#2153,.T.);
#2153 = EDGE_LOOP('',(#2154));
#2154 = ORIENTED_EDGE('',*,*,#2155,.T.);
#2155 = EDGE_CURVE('',#2156,#2156,#2158,.T.);
#2156 = VERTEX_POINT('',#2157);
#2157 = CARTESIAN_POINT('',(105.5,-100.95,1.51));
#2158 = CIRCLE('',#2159,0.95);
#2159 = AXIS2_PLACEMENT_3D('',#2160,#2161,#2162);
#2160 = CARTESIAN_POINT('',(105.5,-100.,1.51));
#2161 = DIRECTION('',(-0.,0.,-1.));
#2162 = DIRECTION('',(-0.,-1.,0.));
#2163 = FACE_BOUND('',#2164,.T.);
#2164 = EDGE_LOOP('',(#2165));
#2165 = ORIENTED_EDGE('',*,*,#2166,.T.);
#2166 = EDGE_CURVE('',#2167,#2167,#2169,.T.);
#2167 = VERTEX_POINT('',#2168);
#2168 = CARTESIAN_POINT('',(100.,-95.55,1.51));
#2169 = CIRCLE('',#2170,1.5);
#2170 = AXIS2_PLACEMENT_3D('',#2171,#2172,#2173);
#2171 = CARTESIAN_POINT('',(100.,-94.05,1.51));
#2172 = DIRECTION('',(-0.,0.,-1.));
#2173 = DIRECTION('',(-0.,-1.,0.));
#2174 = FACE_BOUND('',#2175,.T.);
#2175 = EDGE_LOOP('',(#2176));
#2176 = ORIENTED_EDGE('',*,*,#2177,.T.);
#2177 = EDGE_CURVE('',#2178,#2178,#2180,.T.);
#2178 = VERTEX_POINT('',#2179);
#2179 = CARTESIAN_POINT('',(105.,-97.75,1.51));
#2180 = CIRCLE('',#2181,1.5);
#2181 = AXIS2_PLACEMENT_3D('',#2182,#2183,#2184);
#2182 = CARTESIAN_POINT('',(105.,-96.25,1.51));
#2183 = DIRECTION('',(-0.,0.,-1.));
#2184 = DIRECTION('',(-0.,-1.,0.));
#2185 = FACE_BOUND('',#2186,.T.);
#2186 = EDGE_LOOP('',(#2187));
#2187 = ORIENTED_EDGE('',*,*,#2188,.T.);
#2188 = EDGE_CURVE('',#2189,#2189,#2191,.T.);
#2189 = VERTEX_POINT('',#2190);
#2190 = CARTESIAN_POINT('',(112.5,-100.95,1.51));
#2191 = CIRCLE('',#2192,0.95);
#2192 = AXIS2_PLACEMENT_3D('',#2193,#2194,#2195);
#2193 = CARTESIAN_POINT('',(112.5,-100.,1.51));
#2194 = DIRECTION('',(-0.,0.,-1.));
#2195 = DIRECTION('',(-0.,-1.,0.));
#2196 = FACE_BOUND('',#2197,.T.);
#2197 = EDGE_LOOP('',(#2198));
#2198 = ORIENTED_EDGE('',*,*,#2199,.T.);
#2199 = EDGE_CURVE('',#2200,#2200,#2202,.T.);
#2200 = VERTEX_POINT('',#2201);
#2201 = CARTESIAN_POINT('',(118.,-102.5,1.51));
#2202 = CIRCLE('',#2203,2.5);
#2203 = AXIS2_PLACEMENT_3D('',#2204,#2205,#2206);
#2204 = CARTESIAN_POINT('',(118.,-100.,1.51));
#2205 = DIRECTION('',(-0.,0.,-1.));
#2206 = DIRECTION('',(-0.,-1.,0.));
#2207 = FACE_BOUND('',#2208,.T.);
#2208 = EDGE_LOOP('',(#2209));
#2209 = ORIENTED_EDGE('',*,*,#2210,.T.);
#2210 = EDGE_CURVE('',#2211,#2211,#2213,.T.);
#2211 = VERTEX_POINT('',#2212);
#2212 = CARTESIAN_POINT('',(123.5,-100.95,1.51));
#2213 = CIRCLE('',#2214,0.95);
#2214 = AXIS2_PLACEMENT_3D('',#2215,#2216,#2217);
#2215 = CARTESIAN_POINT('',(123.5,-100.,1.51));
#2216 = DIRECTION('',(-0.,0.,-1.));
#2217 = DIRECTION('',(-0.,-1.,0.));
#2218 = FACE_BOUND('',#2219,.T.);
#2219 = EDGE_LOOP('',(#2220));
#2220 = ORIENTED_EDGE('',*,*,#2221,.T.);
#2221 = EDGE_CURVE('',#2222,#2222,#2224,.T.);
#2222 = VERTEX_POINT('',#2223);
#2223 = CARTESIAN_POINT('',(123.,-97.75,1.51));
#2224 = CIRCLE('',#2225,1.5);
#2225 = AXIS2_PLACEMENT_3D('',#2226,#2227,#2228);
#2226 = CARTESIAN_POINT('',(123.,-96.25,1.51));
#2227 = DIRECTION('',(-0.,0.,-1.));
#2228 = DIRECTION('',(-0.,-1.,0.));
#2229 = FACE_BOUND('',#2230,.T.);
#2230 = EDGE_LOOP('',(#2231));
#2231 = ORIENTED_EDGE('',*,*,#2232,.T.);
#2232 = EDGE_CURVE('',#2233,#2233,#2235,.T.);
#2233 = VERTEX_POINT('',#2234);
#2234 = CARTESIAN_POINT('',(118.,-95.55,1.51));
#2235 = CIRCLE('',#2236,1.5);
#2236 = AXIS2_PLACEMENT_3D('',#2237,#2238,#2239);
#2237 = CARTESIAN_POINT('',(118.,-94.05,1.51));
#2238 = DIRECTION('',(-0.,0.,-1.));
#2239 = DIRECTION('',(-0.,-1.,0.));
#2240 = FACE_BOUND('',#2241,.T.);
#2241 = EDGE_LOOP('',(#2242));
#2242 = ORIENTED_EDGE('',*,*,#2243,.T.);
#2243 = EDGE_CURVE('',#2244,#2244,#2246,.T.);
#2244 = VERTEX_POINT('',#2245);
#2245 = CARTESIAN_POINT('',(145.25,-112.18,1.51));
#2246 = CIRCLE('',#2247,0.8);
#2247 = AXIS2_PLACEMENT_3D('',#2248,#2249,#2250);
#2248 = CARTESIAN_POINT('',(145.25,-111.38,1.51));
#2249 = DIRECTION('',(-0.,0.,-1.));
#2250 = DIRECTION('',(-0.,-1.,0.));
#2251 = FACE_BOUND('',#2252,.T.);
#2252 = EDGE_LOOP('',(#2253));
#2253 = ORIENTED_EDGE('',*,*,#2254,.T.);
#2254 = EDGE_CURVE('',#2255,#2255,#2257,.T.);
#2255 = VERTEX_POINT('',#2256);
#2256 = CARTESIAN_POINT('',(150.4,-111.83,1.51));
#2257 = CIRCLE('',#2258,0.95);
#2258 = AXIS2_PLACEMENT_3D('',#2259,#2260,#2261);
#2259 = CARTESIAN_POINT('',(150.4,-110.88,1.51));
#2260 = DIRECTION('',(-0.,0.,-1.));
#2261 = DIRECTION('',(2.991758887411E-14,-1.,-0.));
#2262 = FACE_BOUND('',#2263,.T.);
#2263 = EDGE_LOOP('',(#2264));
#2264 = ORIENTED_EDGE('',*,*,#2265,.T.);
#2265 = EDGE_CURVE('',#2266,#2266,#2268,.T.);
#2266 = VERTEX_POINT('',#2267);
#2267 = CARTESIAN_POINT('',(154.,-105.24,1.51));
#2268 = CIRCLE('',#2269,1.1);
#2269 = AXIS2_PLACEMENT_3D('',#2270,#2271,#2272);
#2270 = CARTESIAN_POINT('',(154.,-104.14,1.51));
#2271 = DIRECTION('',(-0.,0.,-1.));
#2272 = DIRECTION('',(-0.,-1.,0.));
#2273 = FACE_BOUND('',#2274,.T.);
#2274 = EDGE_LOOP('',(#2275));
#2275 = ORIENTED_EDGE('',*,*,#2276,.T.);
#2276 = EDGE_CURVE('',#2277,#2277,#2279,.T.);
#2277 = VERTEX_POINT('',#2278);
#2278 = CARTESIAN_POINT('',(131.,-99.65,1.51));
#2279 = CIRCLE('',#2280,0.8);
#2280 = AXIS2_PLACEMENT_3D('',#2281,#2282,#2283);
#2281 = CARTESIAN_POINT('',(131.,-98.85,1.51));
#2282 = DIRECTION('',(-0.,0.,-1.));
#2283 = DIRECTION('',(-0.,-1.,0.));
#2284 = FACE_BOUND('',#2285,.T.);
#2285 = EDGE_LOOP('',(#2286));
#2286 = ORIENTED_EDGE('',*,*,#2287,.T.);
#2287 = EDGE_CURVE('',#2288,#2288,#2290,.T.);
#2288 = VERTEX_POINT('',#2289);
#2289 = CARTESIAN_POINT('',(130.5,-94.65,1.51));
#2290 = CIRCLE('',#2291,0.95);
#2291 = AXIS2_PLACEMENT_3D('',#2292,#2293,#2294);
#2292 = CARTESIAN_POINT('',(130.5,-93.7,1.51));
#2293 = DIRECTION('',(-0.,0.,-1.));
#2294 = DIRECTION('',(-0.,-1.,0.));
#2295 = FACE_BOUND('',#2296,.T.);
#2296 = EDGE_LOOP('',(#2297));
#2297 = ORIENTED_EDGE('',*,*,#2298,.T.);
#2298 = EDGE_CURVE('',#2299,#2299,#2301,.T.);
#2299 = VERTEX_POINT('',#2300);
#2300 = CARTESIAN_POINT('',(136.,-96.2,1.51));
#2301 = CIRCLE('',#2302,2.5);
#2302 = AXIS2_PLACEMENT_3D('',#2303,#2304,#2305);
#2303 = CARTESIAN_POINT('',(136.,-93.7,1.51));
#2304 = DIRECTION('',(-0.,0.,-1.));
#2305 = DIRECTION('',(-0.,-1.,0.));
#2306 = FACE_BOUND('',#2307,.T.);
#2307 = EDGE_LOOP('',(#2308));
#2308 = ORIENTED_EDGE('',*,*,#2309,.T.);
#2309 = EDGE_CURVE('',#2310,#2310,#2312,.T.);
#2310 = VERTEX_POINT('',#2311);
#2311 = CARTESIAN_POINT('',(149.,-97.13,1.51));
#2312 = CIRCLE('',#2313,0.8);
#2313 = AXIS2_PLACEMENT_3D('',#2314,#2315,#2316);
#2314 = CARTESIAN_POINT('',(149.,-96.33,1.51));
#2315 = DIRECTION('',(-0.,0.,-1.));
#2316 = DIRECTION('',(-0.,-1.,0.));
#2317 = FACE_BOUND('',#2318,.T.);
#2318 = EDGE_LOOP('',(#2319));
#2319 = ORIENTED_EDGE('',*,*,#2320,.T.);
#2320 = EDGE_CURVE('',#2321,#2321,#2323,.T.);
#2321 = VERTEX_POINT('',#2322);
#2322 = CARTESIAN_POINT('',(141.5,-94.65,1.51));
#2323 = CIRCLE('',#2324,0.95);
#2324 = AXIS2_PLACEMENT_3D('',#2325,#2326,#2327);
#2325 = CARTESIAN_POINT('',(141.5,-93.7,1.51));
#2326 = DIRECTION('',(-0.,0.,-1.));
#2327 = DIRECTION('',(-0.,-1.,0.));
#2328 = FACE_BOUND('',#2329,.T.);
#2329 = EDGE_LOOP('',(#2330));
#2330 = ORIENTED_EDGE('',*,*,#2331,.T.);
#2331 = EDGE_CURVE('',#2332,#2332,#2334,.T.);
#2332 = VERTEX_POINT('',#2333);
#2333 = CARTESIAN_POINT('',(187.473195,-128.040339,1.51));
#2334 = CIRCLE('',#2335,0.95);
#2335 = AXIS2_PLACEMENT_3D('',#2336,#2337,#2338);
#2336 = CARTESIAN_POINT('',(187.473195,-127.090339,1.51));
#2337 = DIRECTION('',(-0.,0.,-1.));
#2338 = DIRECTION('',(2.991758887411E-14,-1.,-0.));
#2339 = FACE_BOUND('',#2340,.T.);
#2340 = EDGE_LOOP('',(#2341));
#2341 = ORIENTED_EDGE('',*,*,#2342,.T.);
#2342 = EDGE_CURVE('',#2343,#2343,#2345,.T.);
#2343 = VERTEX_POINT('',#2344);
#2344 = CARTESIAN_POINT('',(169.118748,-124.138974,1.51));
#2345 = CIRCLE('',#2346,0.95);
#2346 = AXIS2_PLACEMENT_3D('',#2347,#2348,#2349);
#2347 = CARTESIAN_POINT('',(169.118748,-123.188974,1.51));
#2348 = DIRECTION('',(-0.,0.,-1.));
#2349 = DIRECTION('',(2.991758887411E-14,-1.,-0.));
#2350 = FACE_BOUND('',#2351,.T.);
#2351 = EDGE_LOOP('',(#2352));
#2352 = ORIENTED_EDGE('',*,*,#2353,.T.);
#2353 = EDGE_CURVE('',#2354,#2354,#2356,.T.);
#2354 = VERTEX_POINT('',#2355);
#2355 = CARTESIAN_POINT('',(169.8842,-120.2425,1.51));
#2356 = CIRCLE('',#2357,2.5);
#2357 = AXIS2_PLACEMENT_3D('',#2358,#2359,#2360);
#2358 = CARTESIAN_POINT('',(169.8842,-117.7425,1.51));
#2359 = DIRECTION('',(-0.,0.,-1.));
#2360 = DIRECTION('',(-0.,-1.,0.));
#2361 = FACE_BOUND('',#2362,.T.);
#2362 = EDGE_LOOP('',(#2363));
#2363 = ORIENTED_EDGE('',*,*,#2364,.T.);
#2364 = EDGE_CURVE('',#2365,#2365,#2367,.T.);
#2365 = VERTEX_POINT('',#2366);
#2366 = CARTESIAN_POINT('',(172.90184,-124.715738,1.51));
#2367 = CIRCLE('',#2368,1.5);
#2368 = AXIS2_PLACEMENT_3D('',#2369,#2370,#2371);
#2369 = CARTESIAN_POINT('',(172.90184,-123.215738,1.51));
#2370 = DIRECTION('',(-0.,0.,-1.));
#2371 = DIRECTION('',(-0.,-1.,0.));
#2372 = FACE_BOUND('',#2373,.T.);
#2373 = EDGE_LOOP('',(#2374));
#2374 = ORIENTED_EDGE('',*,*,#2375,.T.);
#2375 = EDGE_CURVE('',#2376,#2376,#2378,.T.);
#2376 = VERTEX_POINT('',#2377);
#2377 = CARTESIAN_POINT('',(175.776295,-120.07058,1.51));
#2378 = CIRCLE('',#2379,1.5);
#2379 = AXIS2_PLACEMENT_3D('',#2380,#2381,#2382);
#2380 = CARTESIAN_POINT('',(175.776295,-118.57058,1.51));
#2381 = DIRECTION('',(-0.,0.,-1.));
#2382 = DIRECTION('',(-0.,-1.,0.));
#2383 = FACE_BOUND('',#2384,.T.);
#2384 = EDGE_LOOP('',(#2385));
#2385 = ORIENTED_EDGE('',*,*,#2386,.T.);
#2386 = EDGE_CURVE('',#2387,#2387,#2389,.T.);
#2387 = VERTEX_POINT('',#2388);
#2388 = CARTESIAN_POINT('',(185.416889,-116.377559,1.51));
#2389 = CIRCLE('',#2390,0.8);
#2390 = AXIS2_PLACEMENT_3D('',#2391,#2392,#2393);
#2391 = CARTESIAN_POINT('',(185.416889,-115.577559,1.51));
#2392 = DIRECTION('',(-0.,0.,-1.));
#2393 = DIRECTION('',(-0.,-1.,0.));
#2394 = FACE_BOUND('',#2395,.T.);
#2395 = EDGE_LOOP('',(#2396));
#2396 = ORIENTED_EDGE('',*,*,#2397,.T.);
#2397 = EDGE_CURVE('',#2398,#2398,#2400,.T.);
#2398 = VERTEX_POINT('',#2399);
#2399 = CARTESIAN_POINT('',(191.215746,-129.143349,1.51));
#2400 = CIRCLE('',#2401,1.5);
#2401 = AXIS2_PLACEMENT_3D('',#2402,#2403,#2404);
#2402 = CARTESIAN_POINT('',(191.215746,-127.643349,1.51));
#2403 = DIRECTION('',(-0.,0.,-1.));
#2404 = DIRECTION('',(-0.,-1.,0.));
#2405 = FACE_BOUND('',#2406,.T.);
#2406 = EDGE_LOOP('',(#2407));
#2407 = ORIENTED_EDGE('',*,*,#2408,.T.);
#2408 = EDGE_CURVE('',#2409,#2409,#2411,.T.);
#2409 = VERTEX_POINT('',#2410);
#2410 = CARTESIAN_POINT('',(205.106048,-134.4581,1.51));
#2411 = CIRCLE('',#2412,0.95);
#2412 = AXIS2_PLACEMENT_3D('',#2413,#2414,#2415);
#2413 = CARTESIAN_POINT('',(205.106048,-133.5081,1.51));
#2414 = DIRECTION('',(-0.,0.,-1.));
#2415 = DIRECTION('',(-0.,-1.,0.));
#2416 = FACE_BOUND('',#2417,.T.);
#2417 = EDGE_LOOP('',(#2418));
#2418 = ORIENTED_EDGE('',*,*,#2419,.T.);
#2419 = EDGE_CURVE('',#2420,#2420,#2422,.T.);
#2420 = VERTEX_POINT('',#2421);
#2421 = CARTESIAN_POINT('',(208.735212,-136.07659,1.51));
#2422 = CIRCLE('',#2423,1.5);
#2423 = AXIS2_PLACEMENT_3D('',#2424,#2425,#2426);
#2424 = CARTESIAN_POINT('',(208.735212,-134.57659,1.51));
#2425 = DIRECTION('',(-0.,0.,-1.));
#2426 = DIRECTION('',(-0.,-1.,0.));
#2427 = FACE_BOUND('',#2428,.T.);
#2428 = EDGE_LOOP('',(#2429));
#2429 = ORIENTED_EDGE('',*,*,#2430,.T.);
#2430 = EDGE_CURVE('',#2431,#2431,#2433,.T.);
#2431 = VERTEX_POINT('',#2432);
#2432 = CARTESIAN_POINT('',(212.778695,-132.403683,1.51));
#2433 = CIRCLE('',#2434,1.5);
#2434 = AXIS2_PLACEMENT_3D('',#2435,#2436,#2437);
#2435 = CARTESIAN_POINT('',(212.778695,-130.903683,1.51));
#2436 = DIRECTION('',(-0.,0.,-1.));
#2437 = DIRECTION('',(-0.,-1.,0.));
#2438 = FACE_BOUND('',#2439,.T.);
#2439 = EDGE_LOOP('',(#2440));
#2440 = ORIENTED_EDGE('',*,*,#2441,.T.);
#2441 = EDGE_CURVE('',#2442,#2442,#2444,.T.);
#2442 = VERTEX_POINT('',#2443);
#2443 = CARTESIAN_POINT('',(207.3431,-130.9836,1.51));
#2444 = CIRCLE('',#2445,2.5);
#2445 = AXIS2_PLACEMENT_3D('',#2446,#2447,#2448);
#2446 = CARTESIAN_POINT('',(207.3431,-128.4836,1.51));
#2447 = DIRECTION('',(-0.,0.,-1.));
#2448 = DIRECTION('',(-0.,-1.,0.));
#2449 = FACE_BOUND('',#2450,.T.);
#2450 = EDGE_LOOP('',(#2451));
#2451 = ORIENTED_EDGE('',*,*,#2452,.T.);
#2452 = EDGE_CURVE('',#2453,#2453,#2455,.T.);
#2453 = VERTEX_POINT('',#2454);
#2454 = CARTESIAN_POINT('',(194.708707,-124.943442,1.51));
#2455 = CIRCLE('',#2456,1.5);
#2456 = AXIS2_PLACEMENT_3D('',#2457,#2458,#2459);
#2457 = CARTESIAN_POINT('',(194.708707,-123.443442,1.51));
#2458 = DIRECTION('',(-0.,0.,-1.));
#2459 = DIRECTION('',(-0.,-1.,0.));
#2460 = FACE_BOUND('',#2461,.T.);
#2461 = EDGE_LOOP('',(#2462));
#2462 = ORIENTED_EDGE('',*,*,#2463,.T.);
#2463 = EDGE_CURVE('',#2464,#2464,#2466,.T.);
#2464 = VERTEX_POINT('',#2465);
#2465 = CARTESIAN_POINT('',(188.9892,-124.3034,1.51));
#2466 = CIRCLE('',#2467,2.5);
#2467 = AXIS2_PLACEMENT_3D('',#2468,#2469,#2470);
#2468 = CARTESIAN_POINT('',(188.9892,-121.8034,1.51));
#2469 = DIRECTION('',(-0.,0.,-1.));
#2470 = DIRECTION('',(-0.,-1.,0.));
#2471 = FACE_BOUND('',#2472,.T.);
#2472 = EDGE_LOOP('',(#2473));
#2473 = ORIENTED_EDGE('',*,*,#2474,.T.);
#2474 = EDGE_CURVE('',#2475,#2475,#2477,.T.);
#2475 = VERTEX_POINT('',#2476);
#2476 = CARTESIAN_POINT('',(190.505205,-117.466461,1.51));
#2477 = CIRCLE('',#2478,0.95);
#2478 = AXIS2_PLACEMENT_3D('',#2479,#2480,#2481);
#2479 = CARTESIAN_POINT('',(190.505205,-116.516461,1.51));
#2480 = DIRECTION('',(-0.,0.,-1.));
#2481 = DIRECTION('',(-0.,-1.,0.));
#2482 = FACE_BOUND('',#2483,.T.);
#2483 = EDGE_LOOP('',(#2484));
#2484 = ORIENTED_EDGE('',*,*,#2485,.T.);
#2485 = EDGE_CURVE('',#2486,#2486,#2488,.T.);
#2486 = VERTEX_POINT('',#2487);
#2487 = CARTESIAN_POINT('',(209.580152,-124.4091,1.51));
#2488 = CIRCLE('',#2489,0.95);
#2489 = AXIS2_PLACEMENT_3D('',#2490,#2491,#2492);
#2490 = CARTESIAN_POINT('',(209.580152,-123.4591,1.51));
#2491 = DIRECTION('',(-0.,0.,-1.));
#2492 = DIRECTION('',(-0.,-1.,0.));
#2493 = FACE_BOUND('',#2494,.T.);
#2494 = EDGE_LOOP('',(#2495));
#2495 = ORIENTED_EDGE('',*,*,#2496,.T.);
#2496 = EDGE_CURVE('',#2497,#2497,#2499,.T.);
#2497 = VERTEX_POINT('',#2498);
#2498 = CARTESIAN_POINT('',(204.672024,-122.621179,1.51));
#2499 = CIRCLE('',#2500,0.8);
#2500 = AXIS2_PLACEMENT_3D('',#2501,#2502,#2503);
#2501 = CARTESIAN_POINT('',(204.672024,-121.821179,1.51));
#2502 = DIRECTION('',(-0.,0.,-1.));
#2503 = DIRECTION('',(-3.552713678801E-14,-1.,0.));
#2504 = FACE_BOUND('',#2505,.T.);
#2505 = EDGE_LOOP('',(#2506));
#2506 = ORIENTED_EDGE('',*,*,#2507,.T.);
#2507 = EDGE_CURVE('',#2508,#2508,#2510,.T.);
#2508 = VERTEX_POINT('',#2509);
#2509 = CARTESIAN_POINT('',(165.480185,-112.874418,1.51));
#2510 = CIRCLE('',#2511,0.8);
#2511 = AXIS2_PLACEMENT_3D('',#2512,#2513,#2514);
#2512 = CARTESIAN_POINT('',(165.480185,-112.074418,1.51));
#2513 = DIRECTION('',(-0.,0.,-1.));
#2514 = DIRECTION('',(-0.,-1.,0.));
#2515 = FACE_BOUND('',#2516,.T.);
#2516 = EDGE_LOOP('',(#2517));
#2517 = ORIENTED_EDGE('',*,*,#2518,.T.);
#2518 = EDGE_CURVE('',#2519,#2519,#2521,.T.);
#2519 = VERTEX_POINT('',#2520);
#2520 = CARTESIAN_POINT('',(170.649652,-113.246026,1.51));
#2521 = CIRCLE('',#2522,0.95);
#2522 = AXIS2_PLACEMENT_3D('',#2523,#2524,#2525);
#2523 = CARTESIAN_POINT('',(170.649652,-112.296026,1.51));
#2524 = DIRECTION('',(-0.,0.,-1.));
#2525 = DIRECTION('',(-0.,-1.,0.));
#2526 = FACE_BOUND('',#2527,.T.);
#2527 = EDGE_LOOP('',(#2528));
#2528 = ORIENTED_EDGE('',*,*,#2529,.T.);
#2529 = EDGE_CURVE('',#2530,#2530,#2532,.T.);
#2530 = VERTEX_POINT('',#2531);
#2531 = CARTESIAN_POINT('',(167.,-101.63,1.51));
#2532 = CIRCLE('',#2533,0.8);
#2533 = AXIS2_PLACEMENT_3D('',#2534,#2535,#2536);
#2534 = CARTESIAN_POINT('',(167.,-100.83,1.51));
#2535 = DIRECTION('',(-0.,0.,-1.));
#2536 = DIRECTION('',(-0.,-1.,0.));
#2537 = FACE_BOUND('',#2538,.T.);
#2538 = EDGE_LOOP('',(#2539));
#2539 = ORIENTED_EDGE('',*,*,#2540,.T.);
#2540 = EDGE_CURVE('',#2541,#2541,#2543,.T.);
#2541 = VERTEX_POINT('',#2542);
#2542 = CARTESIAN_POINT('',(166.5,-96.63,1.51));
#2543 = CIRCLE('',#2544,0.95);
#2544 = AXIS2_PLACEMENT_3D('',#2545,#2546,#2547);
#2545 = CARTESIAN_POINT('',(166.5,-95.68,1.51));
#2546 = DIRECTION('',(-0.,0.,-1.));
#2547 = DIRECTION('',(-0.,-1.,0.));
#2548 = FACE_BOUND('',#2549,.T.);
#2549 = EDGE_LOOP('',(#2550));
#2550 = ORIENTED_EDGE('',*,*,#2551,.T.);
#2551 = EDGE_CURVE('',#2552,#2552,#2554,.T.);
#2552 = VERTEX_POINT('',#2553);
#2553 = CARTESIAN_POINT('',(172.,-98.18,1.51));
#2554 = CIRCLE('',#2555,2.5);
#2555 = AXIS2_PLACEMENT_3D('',#2556,#2557,#2558);
#2556 = CARTESIAN_POINT('',(172.,-95.68,1.51));
#2557 = DIRECTION('',(-0.,0.,-1.));
#2558 = DIRECTION('',(-0.,-1.,0.));
#2559 = FACE_BOUND('',#2560,.T.);
#2560 = EDGE_LOOP('',(#2561));
#2561 = ORIENTED_EDGE('',*,*,#2562,.T.);
#2562 = EDGE_CURVE('',#2563,#2563,#2565,.T.);
#2563 = VERTEX_POINT('',#2564);
#2564 = CARTESIAN_POINT('',(185.,-103.61,1.51));
#2565 = CIRCLE('',#2566,0.8);
#2566 = AXIS2_PLACEMENT_3D('',#2567,#2568,#2569);
#2567 = CARTESIAN_POINT('',(185.,-102.81,1.51));
#2568 = DIRECTION('',(-0.,0.,-1.));
#2569 = DIRECTION('',(-0.,-1.,0.));
#2570 = FACE_BOUND('',#2571,.T.);
#2571 = EDGE_LOOP('',(#2572));
#2572 = ORIENTED_EDGE('',*,*,#2573,.T.);
#2573 = EDGE_CURVE('',#2574,#2574,#2576,.T.);
#2574 = VERTEX_POINT('',#2575);
#2575 = CARTESIAN_POINT('',(184.5,-98.61,1.51));
#2576 = CIRCLE('',#2577,0.95);
#2577 = AXIS2_PLACEMENT_3D('',#2578,#2579,#2580);
#2578 = CARTESIAN_POINT('',(184.5,-97.66,1.51));
#2579 = DIRECTION('',(-0.,0.,-1.));
#2580 = DIRECTION('',(-0.,-1.,0.));
#2581 = FACE_BOUND('',#2582,.T.);
#2582 = EDGE_LOOP('',(#2583));
#2583 = ORIENTED_EDGE('',*,*,#2584,.T.);
#2584 = EDGE_CURVE('',#2585,#2585,#2587,.T.);
#2585 = VERTEX_POINT('',#2586);
#2586 = CARTESIAN_POINT('',(177.5,-96.63,1.51));
#2587 = CIRCLE('',#2588,0.95);
#2588 = AXIS2_PLACEMENT_3D('',#2589,#2590,#2591);
#2589 = CARTESIAN_POINT('',(177.5,-95.68,1.51));
#2590 = DIRECTION('',(-0.,0.,-1.));
#2591 = DIRECTION('',(-0.,-1.,0.));
#2592 = FACE_BOUND('',#2593,.T.);
#2593 = EDGE_LOOP('',(#2594));
#2594 = ORIENTED_EDGE('',*,*,#2595,.T.);
#2595 = EDGE_CURVE('',#2596,#2596,#2598,.T.);
#2596 = VERTEX_POINT('',#2597);
#2597 = CARTESIAN_POINT('',(177.,-93.43,1.51));
#2598 = CIRCLE('',#2599,1.5);
#2599 = AXIS2_PLACEMENT_3D('',#2600,#2601,#2602);
#2600 = CARTESIAN_POINT('',(177.,-91.93,1.51));
#2601 = DIRECTION('',(-0.,0.,-1.));
#2602 = DIRECTION('',(-0.,-1.,0.));
#2603 = FACE_BOUND('',#2604,.T.);
#2604 = EDGE_LOOP('',(#2605));
#2605 = ORIENTED_EDGE('',*,*,#2606,.T.);
#2606 = EDGE_CURVE('',#2607,#2607,#2609,.T.);
#2607 = VERTEX_POINT('',#2608);
#2608 = CARTESIAN_POINT('',(190.,-111.72,1.51));
#2609 = CIRCLE('',#2610,1.1);
#2610 = AXIS2_PLACEMENT_3D('',#2611,#2612,#2613);
#2611 = CARTESIAN_POINT('',(190.,-110.62,1.51));
#2612 = DIRECTION('',(-0.,0.,-1.));
#2613 = DIRECTION('',(-0.,-1.,0.));
#2614 = FACE_BOUND('',#2615,.T.);
#2615 = EDGE_LOOP('',(#2616));
#2616 = ORIENTED_EDGE('',*,*,#2617,.T.);
#2617 = EDGE_CURVE('',#2618,#2618,#2620,.T.);
#2618 = VERTEX_POINT('',#2619);
#2619 = CARTESIAN_POINT('',(190.,-100.16,1.51));
#2620 = CIRCLE('',#2621,2.5);
#2621 = AXIS2_PLACEMENT_3D('',#2622,#2623,#2624);
#2622 = CARTESIAN_POINT('',(190.,-97.66,1.51));
#2623 = DIRECTION('',(-0.,0.,-1.));
#2624 = DIRECTION('',(-0.,-1.,0.));
#2625 = FACE_BOUND('',#2626,.T.);
#2626 = EDGE_LOOP('',(#2627));
#2627 = ORIENTED_EDGE('',*,*,#2628,.T.);
#2628 = EDGE_CURVE('',#2629,#2629,#2631,.T.);
#2629 = VERTEX_POINT('',#2630);
#2630 = CARTESIAN_POINT('',(195.5,-98.61,1.51));
#2631 = CIRCLE('',#2632,0.95);
#2632 = AXIS2_PLACEMENT_3D('',#2633,#2634,#2635);
#2633 = CARTESIAN_POINT('',(195.5,-97.66,1.51));
#2634 = DIRECTION('',(-0.,0.,-1.));
#2635 = DIRECTION('',(-0.,-1.,0.));
#2636 = FACE_BOUND('',#2637,.T.);
#2637 = EDGE_LOOP('',(#2638));
#2638 = ORIENTED_EDGE('',*,*,#2639,.T.);
#2639 = EDGE_CURVE('',#2640,#2640,#2642,.T.);
#2640 = VERTEX_POINT('',#2641);
#2641 = CARTESIAN_POINT('',(195.,-95.41,1.51));
#2642 = CIRCLE('',#2643,1.5);
#2643 = AXIS2_PLACEMENT_3D('',#2644,#2645,#2646);
#2644 = CARTESIAN_POINT('',(195.,-93.91,1.51));
#2645 = DIRECTION('',(-0.,0.,-1.));
#2646 = DIRECTION('',(-0.,-1.,0.));
#2647 = FACE_BOUND('',#2648,.T.);
#2648 = EDGE_LOOP('',(#2649));
#2649 = ORIENTED_EDGE('',*,*,#2650,.T.);
#2650 = EDGE_CURVE('',#2651,#2651,#2653,.T.);
#2651 = VERTEX_POINT('',#2652);
#2652 = CARTESIAN_POINT('',(95.,-87.95,1.51));
#2653 = CIRCLE('',#2654,0.8);
#2654 = AXIS2_PLACEMENT_3D('',#2655,#2656,#2657);
#2655 = CARTESIAN_POINT('',(95.,-87.15,1.51));
#2656 = DIRECTION('',(-0.,0.,-1.));
#2657 = DIRECTION('',(-0.,-1.,0.));
#2658 = FACE_BOUND('',#2659,.T.);
#2659 = EDGE_LOOP('',(#2660));
#2660 = ORIENTED_EDGE('',*,*,#2661,.T.);
#2661 = EDGE_CURVE('',#2662,#2662,#2664,.T.);
#2662 = VERTEX_POINT('',#2663);
#2663 = CARTESIAN_POINT('',(109.,-92.1,1.51));
#2664 = CIRCLE('',#2665,1.1);
#2665 = AXIS2_PLACEMENT_3D('',#2666,#2667,#2668);
#2666 = CARTESIAN_POINT('',(109.,-91.,1.51));
#2667 = DIRECTION('',(-0.,0.,-1.));
#2668 = DIRECTION('',(-0.,-1.,0.));
#2669 = FACE_BOUND('',#2670,.T.);
#2670 = EDGE_LOOP('',(#2671));
#2671 = ORIENTED_EDGE('',*,*,#2672,.T.);
#2672 = EDGE_CURVE('',#2673,#2673,#2675,.T.);
#2673 = VERTEX_POINT('',#2674);
#2674 = CARTESIAN_POINT('',(94.5,-82.95,1.51));
#2675 = CIRCLE('',#2676,0.95);
#2676 = AXIS2_PLACEMENT_3D('',#2677,#2678,#2679);
#2677 = CARTESIAN_POINT('',(94.5,-82.,1.51));
#2678 = DIRECTION('',(-0.,0.,-1.));
#2679 = DIRECTION('',(-0.,-1.,0.));
#2680 = FACE_BOUND('',#2681,.T.);
#2681 = EDGE_LOOP('',(#2682));
#2682 = ORIENTED_EDGE('',*,*,#2683,.T.);
#2683 = EDGE_CURVE('',#2684,#2684,#2686,.T.);
#2684 = VERTEX_POINT('',#2685);
#2685 = CARTESIAN_POINT('',(100.,-84.5,1.51));
#2686 = CIRCLE('',#2687,2.5);
#2687 = AXIS2_PLACEMENT_3D('',#2688,#2689,#2690);
#2688 = CARTESIAN_POINT('',(100.,-82.,1.51));
#2689 = DIRECTION('',(-0.,0.,-1.));
#2690 = DIRECTION('',(-0.,-1.,0.));
#2691 = FACE_BOUND('',#2692,.T.);
#2692 = EDGE_LOOP('',(#2693));
#2693 = ORIENTED_EDGE('',*,*,#2694,.T.);
#2694 = EDGE_CURVE('',#2695,#2695,#2697,.T.);
#2695 = VERTEX_POINT('',#2696);
#2696 = CARTESIAN_POINT('',(105.5,-82.95,1.51));
#2697 = CIRCLE('',#2698,0.95);
#2698 = AXIS2_PLACEMENT_3D('',#2699,#2700,#2701);
#2699 = CARTESIAN_POINT('',(105.5,-82.,1.51));
#2700 = DIRECTION('',(-0.,0.,-1.));
#2701 = DIRECTION('',(-0.,-1.,0.));
#2702 = FACE_BOUND('',#2703,.T.);
#2703 = EDGE_LOOP('',(#2704));
#2704 = ORIENTED_EDGE('',*,*,#2705,.T.);
#2705 = EDGE_CURVE('',#2706,#2706,#2708,.T.);
#2706 = VERTEX_POINT('',#2707);
#2707 = CARTESIAN_POINT('',(113.,-87.95,1.51));
#2708 = CIRCLE('',#2709,0.8);
#2709 = AXIS2_PLACEMENT_3D('',#2710,#2711,#2712);
#2710 = CARTESIAN_POINT('',(113.,-87.15,1.51));
#2711 = DIRECTION('',(-0.,0.,-1.));
#2712 = DIRECTION('',(-0.,-1.,0.));
#2713 = FACE_BOUND('',#2714,.T.);
#2714 = EDGE_LOOP('',(#2715));
#2715 = ORIENTED_EDGE('',*,*,#2716,.T.);
#2716 = EDGE_CURVE('',#2717,#2717,#2719,.T.);
#2717 = VERTEX_POINT('',#2718);
#2718 = CARTESIAN_POINT('',(112.5,-82.95,1.51));
#2719 = CIRCLE('',#2720,0.95);
#2720 = AXIS2_PLACEMENT_3D('',#2721,#2722,#2723);
#2721 = CARTESIAN_POINT('',(112.5,-82.,1.51));
#2722 = DIRECTION('',(-0.,0.,-1.));
#2723 = DIRECTION('',(-0.,-1.,0.));
#2724 = FACE_BOUND('',#2725,.T.);
#2725 = EDGE_LOOP('',(#2726));
#2726 = ORIENTED_EDGE('',*,*,#2727,.T.);
#2727 = EDGE_CURVE('',#2728,#2728,#2730,.T.);
#2728 = VERTEX_POINT('',#2729);
#2729 = CARTESIAN_POINT('',(118.,-84.5,1.51));
#2730 = CIRCLE('',#2731,2.5);
#2731 = AXIS2_PLACEMENT_3D('',#2732,#2733,#2734);
#2732 = CARTESIAN_POINT('',(118.,-82.,1.51));
#2733 = DIRECTION('',(-0.,0.,-1.));
#2734 = DIRECTION('',(-0.,-1.,0.));
#2735 = FACE_BOUND('',#2736,.T.);
#2736 = EDGE_LOOP('',(#2737));
#2737 = ORIENTED_EDGE('',*,*,#2738,.T.);
#2738 = EDGE_CURVE('',#2739,#2739,#2741,.T.);
#2739 = VERTEX_POINT('',#2740);
#2740 = CARTESIAN_POINT('',(123.5,-82.95,1.51));
#2741 = CIRCLE('',#2742,0.95);
#2742 = AXIS2_PLACEMENT_3D('',#2743,#2744,#2745);
#2743 = CARTESIAN_POINT('',(123.5,-82.,1.51));
#2744 = DIRECTION('',(-0.,0.,-1.));
#2745 = DIRECTION('',(-0.,-1.,0.));
#2746 = FACE_BOUND('',#2747,.T.);
#2747 = EDGE_LOOP('',(#2748));
#2748 = ORIENTED_EDGE('',*,*,#2749,.T.);
#2749 = EDGE_CURVE('',#2750,#2750,#2752,.T.);
#2750 = VERTEX_POINT('',#2751);
#2751 = CARTESIAN_POINT('',(100.,-77.55,1.51));
#2752 = CIRCLE('',#2753,1.5);
#2753 = AXIS2_PLACEMENT_3D('',#2754,#2755,#2756);
#2754 = CARTESIAN_POINT('',(100.,-76.05,1.51));
#2755 = DIRECTION('',(-0.,0.,-1.));
#2756 = DIRECTION('',(-0.,-1.,0.));
#2757 = FACE_BOUND('',#2758,.T.);
#2758 = EDGE_LOOP('',(#2759));
#2759 = ORIENTED_EDGE('',*,*,#2760,.T.);
#2760 = EDGE_CURVE('',#2761,#2761,#2763,.T.);
#2761 = VERTEX_POINT('',#2762);
#2762 = CARTESIAN_POINT('',(105.,-79.75,1.51));
#2763 = CIRCLE('',#2764,1.5);
#2764 = AXIS2_PLACEMENT_3D('',#2765,#2766,#2767);
#2765 = CARTESIAN_POINT('',(105.,-78.25,1.51));
#2766 = DIRECTION('',(-0.,0.,-1.));
#2767 = DIRECTION('',(-0.,-1.,0.));
#2768 = FACE_BOUND('',#2769,.T.);
#2769 = EDGE_LOOP('',(#2770));
#2770 = ORIENTED_EDGE('',*,*,#2771,.T.);
#2771 = EDGE_CURVE('',#2772,#2772,#2774,.T.);
#2772 = VERTEX_POINT('',#2773);
#2773 = CARTESIAN_POINT('',(109.,-74.1,1.51));
#2774 = CIRCLE('',#2775,1.1);
#2775 = AXIS2_PLACEMENT_3D('',#2776,#2777,#2778);
#2776 = CARTESIAN_POINT('',(109.,-73.,1.51));
#2777 = DIRECTION('',(-0.,0.,-1.));
#2778 = DIRECTION('',(-0.,-1.,0.));
#2779 = FACE_BOUND('',#2780,.T.);
#2780 = EDGE_LOOP('',(#2781));
#2781 = ORIENTED_EDGE('',*,*,#2782,.T.);
#2782 = EDGE_CURVE('',#2783,#2783,#2785,.T.);
#2783 = VERTEX_POINT('',#2784);
#2784 = CARTESIAN_POINT('',(123.,-79.75,1.51));
#2785 = CIRCLE('',#2786,1.5);
#2786 = AXIS2_PLACEMENT_3D('',#2787,#2788,#2789);
#2787 = CARTESIAN_POINT('',(123.,-78.25,1.51));
#2788 = DIRECTION('',(-0.,0.,-1.));
#2789 = DIRECTION('',(-0.,-1.,0.));
#2790 = FACE_BOUND('',#2791,.T.);
#2791 = EDGE_LOOP('',(#2792));
#2792 = ORIENTED_EDGE('',*,*,#2793,.T.);
#2793 = EDGE_CURVE('',#2794,#2794,#2796,.T.);
#2794 = VERTEX_POINT('',#2795);
#2795 = CARTESIAN_POINT('',(118.,-77.55,1.51));
#2796 = CIRCLE('',#2797,1.5);
#2797 = AXIS2_PLACEMENT_3D('',#2798,#2799,#2800);
#2798 = CARTESIAN_POINT('',(118.,-76.05,1.51));
#2799 = DIRECTION('',(-0.,0.,-1.));
#2800 = DIRECTION('',(-0.,-1.,0.));
#2801 = FACE_BOUND('',#2802,.T.);
#2802 = EDGE_LOOP('',(#2803));
#2803 = ORIENTED_EDGE('',*,*,#2804,.T.);
#2804 = EDGE_CURVE('',#2805,#2805,#2807,.T.);
#2805 = VERTEX_POINT('',#2806);
#2806 = CARTESIAN_POINT('',(141.,-91.45,1.51));
#2807 = CIRCLE('',#2808,1.5);
#2808 = AXIS2_PLACEMENT_3D('',#2809,#2810,#2811);
#2809 = CARTESIAN_POINT('',(141.,-89.95,1.51));
#2810 = DIRECTION('',(-0.,0.,-1.));
#2811 = DIRECTION('',(-0.,-1.,0.));
#2812 = FACE_BOUND('',#2813,.T.);
#2813 = EDGE_LOOP('',(#2814));
#2814 = ORIENTED_EDGE('',*,*,#2815,.T.);
#2815 = EDGE_CURVE('',#2816,#2816,#2818,.T.);
#2816 = VERTEX_POINT('',#2817);
#2817 = CARTESIAN_POINT('',(136.,-89.25,1.51));
#2818 = CIRCLE('',#2819,1.5);
#2819 = AXIS2_PLACEMENT_3D('',#2820,#2821,#2822);
#2820 = CARTESIAN_POINT('',(136.,-87.75,1.51));
#2821 = DIRECTION('',(-0.,0.,-1.));
#2822 = DIRECTION('',(-0.,-1.,0.));
#2823 = FACE_BOUND('',#2824,.T.);
#2824 = EDGE_LOOP('',(#2825));
#2825 = ORIENTED_EDGE('',*,*,#2826,.T.);
#2826 = EDGE_CURVE('',#2827,#2827,#2829,.T.);
#2827 = VERTEX_POINT('',#2828);
#2828 = CARTESIAN_POINT('',(148.5,-92.13,1.51));
#2829 = CIRCLE('',#2830,0.95);
#2830 = AXIS2_PLACEMENT_3D('',#2831,#2832,#2833);
#2831 = CARTESIAN_POINT('',(148.5,-91.18,1.51));
#2832 = DIRECTION('',(-0.,0.,-1.));
#2833 = DIRECTION('',(-0.,-1.,0.));
#2834 = FACE_BOUND('',#2835,.T.);
#2835 = EDGE_LOOP('',(#2836));
#2836 = ORIENTED_EDGE('',*,*,#2837,.T.);
#2837 = EDGE_CURVE('',#2838,#2838,#2840,.T.);
#2838 = VERTEX_POINT('',#2839);
#2839 = CARTESIAN_POINT('',(154.,-93.68,1.51));
#2840 = CIRCLE('',#2841,2.5);
#2841 = AXIS2_PLACEMENT_3D('',#2842,#2843,#2844);
#2842 = CARTESIAN_POINT('',(154.,-91.18,1.51));
#2843 = DIRECTION('',(-0.,0.,-1.));
#2844 = DIRECTION('',(-0.,-1.,0.));
#2845 = FACE_BOUND('',#2846,.T.);
#2846 = EDGE_LOOP('',(#2847));
#2847 = ORIENTED_EDGE('',*,*,#2848,.T.);
#2848 = EDGE_CURVE('',#2849,#2849,#2851,.T.);
#2849 = VERTEX_POINT('',#2850);
#2850 = CARTESIAN_POINT('',(154.,-86.73,1.51));
#2851 = CIRCLE('',#2852,1.5);
#2852 = AXIS2_PLACEMENT_3D('',#2853,#2854,#2855);
#2853 = CARTESIAN_POINT('',(154.,-85.23,1.51));
#2854 = DIRECTION('',(-0.,0.,-1.));
#2855 = DIRECTION('',(-0.,-1.,0.));
#2856 = FACE_BOUND('',#2857,.T.);
#2857 = EDGE_LOOP('',(#2858));
#2858 = ORIENTED_EDGE('',*,*,#2859,.T.);
#2859 = EDGE_CURVE('',#2860,#2860,#2862,.T.);
#2860 = VERTEX_POINT('',#2861);
#2861 = CARTESIAN_POINT('',(131.,-81.65,1.51));
#2862 = CIRCLE('',#2863,0.8);
#2863 = AXIS2_PLACEMENT_3D('',#2864,#2865,#2866);
#2864 = CARTESIAN_POINT('',(131.,-80.85,1.51));
#2865 = DIRECTION('',(-0.,0.,-1.));
#2866 = DIRECTION('',(-0.,-1.,0.));
#2867 = FACE_BOUND('',#2868,.T.);
#2868 = EDGE_LOOP('',(#2869));
#2869 = ORIENTED_EDGE('',*,*,#2870,.T.);
#2870 = EDGE_CURVE('',#2871,#2871,#2873,.T.);
#2871 = VERTEX_POINT('',#2872);
#2872 = CARTESIAN_POINT('',(130.5,-76.65,1.51));
#2873 = CIRCLE('',#2874,0.95);
#2874 = AXIS2_PLACEMENT_3D('',#2875,#2876,#2877);
#2875 = CARTESIAN_POINT('',(130.5,-75.7,1.51));
#2876 = DIRECTION('',(-0.,0.,-1.));
#2877 = DIRECTION('',(-0.,-1.,0.));
#2878 = FACE_BOUND('',#2879,.T.);
#2879 = EDGE_LOOP('',(#2880));
#2880 = ORIENTED_EDGE('',*,*,#2881,.T.);
#2881 = EDGE_CURVE('',#2882,#2882,#2884,.T.);
#2882 = VERTEX_POINT('',#2883);
#2883 = CARTESIAN_POINT('',(136.,-78.2,1.51));
#2884 = CIRCLE('',#2885,2.5);
#2885 = AXIS2_PLACEMENT_3D('',#2886,#2887,#2888);
#2886 = CARTESIAN_POINT('',(136.,-75.7,1.51));
#2887 = DIRECTION('',(-0.,0.,-1.));
#2888 = DIRECTION('',(-0.,-1.,0.));
#2889 = FACE_BOUND('',#2890,.T.);
#2890 = EDGE_LOOP('',(#2891));
#2891 = ORIENTED_EDGE('',*,*,#2892,.T.);
#2892 = EDGE_CURVE('',#2893,#2893,#2895,.T.);
#2893 = VERTEX_POINT('',#2894);
#2894 = CARTESIAN_POINT('',(141.,-73.45,1.51));
#2895 = CIRCLE('',#2896,1.5);
#2896 = AXIS2_PLACEMENT_3D('',#2897,#2898,#2899);
#2897 = CARTESIAN_POINT('',(141.,-71.95,1.51));
#2898 = DIRECTION('',(-0.,0.,-1.));
#2899 = DIRECTION('',(-0.,-1.,0.));
#2900 = FACE_BOUND('',#2901,.T.);
#2901 = EDGE_LOOP('',(#2902));
#2902 = ORIENTED_EDGE('',*,*,#2903,.T.);
#2903 = EDGE_CURVE('',#2904,#2904,#2906,.T.);
#2904 = VERTEX_POINT('',#2905);
#2905 = CARTESIAN_POINT('',(149.,-79.13,1.51));
#2906 = CIRCLE('',#2907,0.8);
#2907 = AXIS2_PLACEMENT_3D('',#2908,#2909,#2910);
#2908 = CARTESIAN_POINT('',(149.,-78.33,1.51));
#2909 = DIRECTION('',(-0.,0.,-1.));
#2910 = DIRECTION('',(-0.,-1.,0.));
#2911 = FACE_BOUND('',#2912,.T.);
#2912 = EDGE_LOOP('',(#2913));
#2913 = ORIENTED_EDGE('',*,*,#2914,.T.);
#2914 = EDGE_CURVE('',#2915,#2915,#2917,.T.);
#2915 = VERTEX_POINT('',#2916);
#2916 = CARTESIAN_POINT('',(141.5,-76.65,1.51));
#2917 = CIRCLE('',#2918,0.95);
#2918 = AXIS2_PLACEMENT_3D('',#2919,#2920,#2921);
#2919 = CARTESIAN_POINT('',(141.5,-75.7,1.51));
#2920 = DIRECTION('',(-0.,0.,-1.));
#2921 = DIRECTION('',(-0.,-1.,0.));
#2922 = FACE_BOUND('',#2923,.T.);
#2923 = EDGE_LOOP('',(#2924));
#2924 = ORIENTED_EDGE('',*,*,#2925,.T.);
#2925 = EDGE_CURVE('',#2926,#2926,#2928,.T.);
#2926 = VERTEX_POINT('',#2927);
#2927 = CARTESIAN_POINT('',(148.5,-74.13,1.51));
#2928 = CIRCLE('',#2929,0.95);
#2929 = AXIS2_PLACEMENT_3D('',#2930,#2931,#2932);
#2930 = CARTESIAN_POINT('',(148.5,-73.18,1.51));
#2931 = DIRECTION('',(-0.,0.,-1.));
#2932 = DIRECTION('',(-0.,-1.,0.));
#2933 = FACE_BOUND('',#2934,.T.);
#2934 = EDGE_LOOP('',(#2935));
#2935 = ORIENTED_EDGE('',*,*,#2936,.T.);
#2936 = EDGE_CURVE('',#2937,#2937,#2939,.T.);
#2937 = VERTEX_POINT('',#2938);
#2938 = CARTESIAN_POINT('',(154.,-75.68,1.51));
#2939 = CIRCLE('',#2940,2.5);
#2940 = AXIS2_PLACEMENT_3D('',#2941,#2942,#2943);
#2941 = CARTESIAN_POINT('',(154.,-73.18,1.51));
#2942 = DIRECTION('',(-0.,0.,-1.));
#2943 = DIRECTION('',(-0.,-1.,0.));
#2944 = FACE_BOUND('',#2945,.T.);
#2945 = EDGE_LOOP('',(#2946));
#2946 = ORIENTED_EDGE('',*,*,#2947,.T.);
#2947 = EDGE_CURVE('',#2948,#2948,#2950,.T.);
#2948 = VERTEX_POINT('',#2949);
#2949 = CARTESIAN_POINT('',(95.,-69.95,1.51));
#2950 = CIRCLE('',#2951,0.8);
#2951 = AXIS2_PLACEMENT_3D('',#2952,#2953,#2954);
#2952 = CARTESIAN_POINT('',(95.,-69.15,1.51));
#2953 = DIRECTION('',(-0.,0.,-1.));
#2954 = DIRECTION('',(-0.,-1.,0.));
#2955 = FACE_BOUND('',#2956,.T.);
#2956 = EDGE_LOOP('',(#2957));
#2957 = ORIENTED_EDGE('',*,*,#2958,.T.);
#2958 = EDGE_CURVE('',#2959,#2959,#2961,.T.);
#2959 = VERTEX_POINT('',#2960);
#2960 = CARTESIAN_POINT('',(94.5,-64.95,1.51));
#2961 = CIRCLE('',#2962,0.95);
#2962 = AXIS2_PLACEMENT_3D('',#2963,#2964,#2965);
#2963 = CARTESIAN_POINT('',(94.5,-64.,1.51));
#2964 = DIRECTION('',(-0.,0.,-1.));
#2965 = DIRECTION('',(-0.,-1.,0.));
#2966 = FACE_BOUND('',#2967,.T.);
#2967 = EDGE_LOOP('',(#2968));
#2968 = ORIENTED_EDGE('',*,*,#2969,.T.);
#2969 = EDGE_CURVE('',#2970,#2970,#2972,.T.);
#2970 = VERTEX_POINT('',#2971);
#2971 = CARTESIAN_POINT('',(100.,-66.5,1.51));
#2972 = CIRCLE('',#2973,2.5);
#2973 = AXIS2_PLACEMENT_3D('',#2974,#2975,#2976);
#2974 = CARTESIAN_POINT('',(100.,-64.,1.51));
#2975 = DIRECTION('',(-0.,0.,-1.));
#2976 = DIRECTION('',(-0.,-1.,0.));
#2977 = FACE_BOUND('',#2978,.T.);
#2978 = EDGE_LOOP('',(#2979));
#2979 = ORIENTED_EDGE('',*,*,#2980,.T.);
#2980 = EDGE_CURVE('',#2981,#2981,#2983,.T.);
#2981 = VERTEX_POINT('',#2982);
#2982 = CARTESIAN_POINT('',(105.5,-64.95,1.51));
#2983 = CIRCLE('',#2984,0.95);
#2984 = AXIS2_PLACEMENT_3D('',#2985,#2986,#2987);
#2985 = CARTESIAN_POINT('',(105.5,-64.,1.51));
#2986 = DIRECTION('',(-0.,0.,-1.));
#2987 = DIRECTION('',(-0.,-1.,0.));
#2988 = FACE_BOUND('',#2989,.T.);
#2989 = EDGE_LOOP('',(#2990));
#2990 = ORIENTED_EDGE('',*,*,#2991,.T.);
#2991 = EDGE_CURVE('',#2992,#2992,#2994,.T.);
#2992 = VERTEX_POINT('',#2993);
#2993 = CARTESIAN_POINT('',(105.,-61.75,1.51));
#2994 = CIRCLE('',#2995,1.5);
#2995 = AXIS2_PLACEMENT_3D('',#2996,#2997,#2998);
#2996 = CARTESIAN_POINT('',(105.,-60.25,1.51));
#2997 = DIRECTION('',(-0.,0.,-1.));
#2998 = DIRECTION('',(-0.,-1.,0.));
#2999 = FACE_BOUND('',#3000,.T.);
#3000 = EDGE_LOOP('',(#3001));
#3001 = ORIENTED_EDGE('',*,*,#3002,.T.);
#3002 = EDGE_CURVE('',#3003,#3003,#3005,.T.);
#3003 = VERTEX_POINT('',#3004);
#3004 = CARTESIAN_POINT('',(113.,-69.95,1.51));
#3005 = CIRCLE('',#3006,0.8);
#3006 = AXIS2_PLACEMENT_3D('',#3007,#3008,#3009);
#3007 = CARTESIAN_POINT('',(113.,-69.15,1.51));
#3008 = DIRECTION('',(-0.,0.,-1.));
#3009 = DIRECTION('',(-0.,-1.,0.));
#3010 = FACE_BOUND('',#3011,.T.);
#3011 = EDGE_LOOP('',(#3012));
#3012 = ORIENTED_EDGE('',*,*,#3013,.T.);
#3013 = EDGE_CURVE('',#3014,#3014,#3016,.T.);
#3014 = VERTEX_POINT('',#3015);
#3015 = CARTESIAN_POINT('',(112.5,-64.95,1.51));
#3016 = CIRCLE('',#3017,0.95);
#3017 = AXIS2_PLACEMENT_3D('',#3018,#3019,#3020);
#3018 = CARTESIAN_POINT('',(112.5,-64.,1.51));
#3019 = DIRECTION('',(-0.,0.,-1.));
#3020 = DIRECTION('',(-0.,-1.,0.));
#3021 = FACE_BOUND('',#3022,.T.);
#3022 = EDGE_LOOP('',(#3023));
#3023 = ORIENTED_EDGE('',*,*,#3024,.T.);
#3024 = EDGE_CURVE('',#3025,#3025,#3027,.T.);
#3025 = VERTEX_POINT('',#3026);
#3026 = CARTESIAN_POINT('',(118.,-66.5,1.51));
#3027 = CIRCLE('',#3028,2.5);
#3028 = AXIS2_PLACEMENT_3D('',#3029,#3030,#3031);
#3029 = CARTESIAN_POINT('',(118.,-64.,1.51));
#3030 = DIRECTION('',(-0.,0.,-1.));
#3031 = DIRECTION('',(-0.,-1.,0.));
#3032 = FACE_BOUND('',#3033,.T.);
#3033 = EDGE_LOOP('',(#3034));
#3034 = ORIENTED_EDGE('',*,*,#3035,.T.);
#3035 = EDGE_CURVE('',#3036,#3036,#3038,.T.);
#3036 = VERTEX_POINT('',#3037);
#3037 = CARTESIAN_POINT('',(123.5,-64.95,1.51));
#3038 = CIRCLE('',#3039,0.95);
#3039 = AXIS2_PLACEMENT_3D('',#3040,#3041,#3042);
#3040 = CARTESIAN_POINT('',(123.5,-64.,1.51));
#3041 = DIRECTION('',(-0.,0.,-1.));
#3042 = DIRECTION('',(-0.,-1.,0.));
#3043 = FACE_BOUND('',#3044,.T.);
#3044 = EDGE_LOOP('',(#3045));
#3045 = ORIENTED_EDGE('',*,*,#3046,.T.);
#3046 = EDGE_CURVE('',#3047,#3047,#3049,.T.);
#3047 = VERTEX_POINT('',#3048);
#3048 = CARTESIAN_POINT('',(123.,-61.75,1.51));
#3049 = CIRCLE('',#3050,1.5);
#3050 = AXIS2_PLACEMENT_3D('',#3051,#3052,#3053);
#3051 = CARTESIAN_POINT('',(123.,-60.25,1.51));
#3052 = DIRECTION('',(-0.,0.,-1.));
#3053 = DIRECTION('',(-0.,-1.,0.));
#3054 = FACE_BOUND('',#3055,.T.);
#3055 = EDGE_LOOP('',(#3056));
#3056 = ORIENTED_EDGE('',*,*,#3057,.T.);
#3057 = EDGE_CURVE('',#3058,#3058,#3060,.T.);
#3058 = VERTEX_POINT('',#3059);
#3059 = CARTESIAN_POINT('',(100.,-59.55,1.51));
#3060 = CIRCLE('',#3061,1.5);
#3061 = AXIS2_PLACEMENT_3D('',#3062,#3063,#3064);
#3062 = CARTESIAN_POINT('',(100.,-58.05,1.51));
#3063 = DIRECTION('',(-0.,0.,-1.));
#3064 = DIRECTION('',(-0.,-1.,0.));
#3065 = FACE_BOUND('',#3066,.T.);
#3066 = EDGE_LOOP('',(#3067));
#3067 = ORIENTED_EDGE('',*,*,#3068,.T.);
#3068 = EDGE_CURVE('',#3069,#3069,#3071,.T.);
#3069 = VERTEX_POINT('',#3070);
#3070 = CARTESIAN_POINT('',(118.,-59.55,1.51));
#3071 = CIRCLE('',#3072,1.5);
#3072 = AXIS2_PLACEMENT_3D('',#3073,#3074,#3075);
#3073 = CARTESIAN_POINT('',(118.,-58.05,1.51));
#3074 = DIRECTION('',(-0.,0.,-1.));
#3075 = DIRECTION('',(-0.,-1.,0.));
#3076 = FACE_BOUND('',#3077,.T.);
#3077 = EDGE_LOOP('',(#3078));
#3078 = ORIENTED_EDGE('',*,*,#3079,.T.);
#3079 = EDGE_CURVE('',#3080,#3080,#3082,.T.);
#3080 = VERTEX_POINT('',#3081);
#3081 = CARTESIAN_POINT('',(136.,-71.25,1.51));
#3082 = CIRCLE('',#3083,1.5);
#3083 = AXIS2_PLACEMENT_3D('',#3084,#3085,#3086);
#3084 = CARTESIAN_POINT('',(136.,-69.75,1.51));
#3085 = DIRECTION('',(-0.,0.,-1.));
#3086 = DIRECTION('',(-0.,-1.,0.));
#3087 = FACE_BOUND('',#3088,.T.);
#3088 = EDGE_LOOP('',(#3089));
#3089 = ORIENTED_EDGE('',*,*,#3090,.T.);
#3090 = EDGE_CURVE('',#3091,#3091,#3093,.T.);
#3091 = VERTEX_POINT('',#3092);
#3092 = CARTESIAN_POINT('',(131.,-63.65,1.51));
#3093 = CIRCLE('',#3094,0.8);
#3094 = AXIS2_PLACEMENT_3D('',#3095,#3096,#3097);
#3095 = CARTESIAN_POINT('',(131.,-62.85,1.51));
#3096 = DIRECTION('',(-0.,0.,-1.));
#3097 = DIRECTION('',(-0.,-1.,0.));
#3098 = FACE_BOUND('',#3099,.T.);
#3099 = EDGE_LOOP('',(#3100));
#3100 = ORIENTED_EDGE('',*,*,#3101,.T.);
#3101 = EDGE_CURVE('',#3102,#3102,#3104,.T.);
#3102 = VERTEX_POINT('',#3103);
#3103 = CARTESIAN_POINT('',(154.,-68.73,1.51));
#3104 = CIRCLE('',#3105,1.5);
#3105 = AXIS2_PLACEMENT_3D('',#3106,#3107,#3108);
#3106 = CARTESIAN_POINT('',(154.,-67.23,1.51));
#3107 = DIRECTION('',(-0.,0.,-1.));
#3108 = DIRECTION('',(-0.,-1.,0.));
#3109 = FACE_BOUND('',#3110,.T.);
#3110 = EDGE_LOOP('',(#3111));
#3111 = ORIENTED_EDGE('',*,*,#3112,.T.);
#3112 = EDGE_CURVE('',#3113,#3113,#3115,.T.);
#3113 = VERTEX_POINT('',#3114);
#3114 = CARTESIAN_POINT('',(149.,-61.13,1.51));
#3115 = CIRCLE('',#3116,0.8);
#3116 = AXIS2_PLACEMENT_3D('',#3117,#3118,#3119);
#3117 = CARTESIAN_POINT('',(149.,-60.33,1.51));
#3118 = DIRECTION('',(-0.,0.,-1.));
#3119 = DIRECTION('',(-0.,-1.,0.));
#3120 = FACE_BOUND('',#3121,.T.);
#3121 = EDGE_LOOP('',(#3122));
#3122 = ORIENTED_EDGE('',*,*,#3123,.T.);
#3123 = EDGE_CURVE('',#3124,#3124,#3126,.T.);
#3124 = VERTEX_POINT('',#3125);
#3125 = CARTESIAN_POINT('',(130.5,-58.65,1.51));
#3126 = CIRCLE('',#3127,0.95);
#3127 = AXIS2_PLACEMENT_3D('',#3128,#3129,#3130);
#3128 = CARTESIAN_POINT('',(130.5,-57.7,1.51));
#3129 = DIRECTION('',(-0.,0.,-1.));
#3130 = DIRECTION('',(-0.,-1.,0.));
#3131 = FACE_BOUND('',#3132,.T.);
#3132 = EDGE_LOOP('',(#3133));
#3133 = ORIENTED_EDGE('',*,*,#3134,.T.);
#3134 = EDGE_CURVE('',#3135,#3135,#3137,.T.);
#3135 = VERTEX_POINT('',#3136);
#3136 = CARTESIAN_POINT('',(136.,-60.2,1.51));
#3137 = CIRCLE('',#3138,2.5);
#3138 = AXIS2_PLACEMENT_3D('',#3139,#3140,#3141);
#3139 = CARTESIAN_POINT('',(136.,-57.7,1.51));
#3140 = DIRECTION('',(-0.,0.,-1.));
#3141 = DIRECTION('',(-0.,-1.,0.));
#3142 = FACE_BOUND('',#3143,.T.);
#3143 = EDGE_LOOP('',(#3144));
#3144 = ORIENTED_EDGE('',*,*,#3145,.T.);
#3145 = EDGE_CURVE('',#3146,#3146,#3148,.T.);
#3146 = VERTEX_POINT('',#3147);
#3147 = CARTESIAN_POINT('',(141.,-55.45,1.51));
#3148 = CIRCLE('',#3149,1.5);
#3149 = AXIS2_PLACEMENT_3D('',#3150,#3151,#3152);
#3150 = CARTESIAN_POINT('',(141.,-53.95,1.51));
#3151 = DIRECTION('',(-0.,0.,-1.));
#3152 = DIRECTION('',(-0.,-1.,0.));
#3153 = FACE_BOUND('',#3154,.T.);
#3154 = EDGE_LOOP('',(#3155));
#3155 = ORIENTED_EDGE('',*,*,#3156,.T.);
#3156 = EDGE_CURVE('',#3157,#3157,#3159,.T.);
#3157 = VERTEX_POINT('',#3158);
#3158 = CARTESIAN_POINT('',(136.,-53.25,1.51));
#3159 = CIRCLE('',#3160,1.5);
#3160 = AXIS2_PLACEMENT_3D('',#3161,#3162,#3163);
#3161 = CARTESIAN_POINT('',(136.,-51.75,1.51));
#3162 = DIRECTION('',(-0.,0.,-1.));
#3163 = DIRECTION('',(-0.,-1.,0.));
#3164 = FACE_BOUND('',#3165,.T.);
#3165 = EDGE_LOOP('',(#3166));
#3166 = ORIENTED_EDGE('',*,*,#3167,.T.);
#3167 = EDGE_CURVE('',#3168,#3168,#3170,.T.);
#3168 = VERTEX_POINT('',#3169);
#3169 = CARTESIAN_POINT('',(141.5,-58.65,1.51));
#3170 = CIRCLE('',#3171,0.95);
#3171 = AXIS2_PLACEMENT_3D('',#3172,#3173,#3174);
#3172 = CARTESIAN_POINT('',(141.5,-57.7,1.51));
#3173 = DIRECTION('',(-0.,0.,-1.));
#3174 = DIRECTION('',(-0.,-1.,0.));
#3175 = FACE_BOUND('',#3176,.T.);
#3176 = EDGE_LOOP('',(#3177));
#3177 = ORIENTED_EDGE('',*,*,#3178,.T.);
#3178 = EDGE_CURVE('',#3179,#3179,#3181,.T.);
#3179 = VERTEX_POINT('',#3180);
#3180 = CARTESIAN_POINT('',(148.5,-56.13,1.51));
#3181 = CIRCLE('',#3182,0.95);
#3182 = AXIS2_PLACEMENT_3D('',#3183,#3184,#3185);
#3183 = CARTESIAN_POINT('',(148.5,-55.18,1.51));
#3184 = DIRECTION('',(-0.,0.,-1.));
#3185 = DIRECTION('',(-0.,-1.,0.));
#3186 = FACE_BOUND('',#3187,.T.);
#3187 = EDGE_LOOP('',(#3188));
#3188 = ORIENTED_EDGE('',*,*,#3189,.T.);
#3189 = EDGE_CURVE('',#3190,#3190,#3192,.T.);
#3190 = VERTEX_POINT('',#3191);
#3191 = CARTESIAN_POINT('',(154.,-57.68,1.51));
#3192 = CIRCLE('',#3193,2.5);
#3193 = AXIS2_PLACEMENT_3D('',#3194,#3195,#3196);
#3194 = CARTESIAN_POINT('',(154.,-55.18,1.51));
#3195 = DIRECTION('',(-0.,0.,-1.));
#3196 = DIRECTION('',(-0.,-1.,0.));
#3197 = FACE_BOUND('',#3198,.T.);
#3198 = EDGE_LOOP('',(#3199));
#3199 = ORIENTED_EDGE('',*,*,#3200,.T.);
#3200 = EDGE_CURVE('',#3201,#3201,#3203,.T.);
#3201 = VERTEX_POINT('',#3202);
#3202 = CARTESIAN_POINT('',(154.,-50.73,1.51));
#3203 = CIRCLE('',#3204,1.5);
#3204 = AXIS2_PLACEMENT_3D('',#3205,#3206,#3207);
#3205 = CARTESIAN_POINT('',(154.,-49.23,1.51));
#3206 = DIRECTION('',(-0.,0.,-1.));
#3207 = DIRECTION('',(-0.,-1.,0.));
#3208 = FACE_BOUND('',#3209,.T.);
#3209 = EDGE_LOOP('',(#3210));
#3210 = ORIENTED_EDGE('',*,*,#3211,.T.);
#3211 = EDGE_CURVE('',#3212,#3212,#3214,.T.);
#3212 = VERTEX_POINT('',#3213);
#3213 = CARTESIAN_POINT('',(159.5,-92.13,1.51));
#3214 = CIRCLE('',#3215,0.95);
#3215 = AXIS2_PLACEMENT_3D('',#3216,#3217,#3218);
#3216 = CARTESIAN_POINT('',(159.5,-91.18,1.51));
#3217 = DIRECTION('',(-0.,0.,-1.));
#3218 = DIRECTION('',(-0.,-1.,0.));
#3219 = FACE_BOUND('',#3220,.T.);
#3220 = EDGE_LOOP('',(#3221));
#3221 = ORIENTED_EDGE('',*,*,#3222,.T.);
#3222 = EDGE_CURVE('',#3223,#3223,#3225,.T.);
#3223 = VERTEX_POINT('',#3224);
#3224 = CARTESIAN_POINT('',(159.,-88.93,1.51));
#3225 = CIRCLE('',#3226,1.5);
#3226 = AXIS2_PLACEMENT_3D('',#3227,#3228,#3229);
#3227 = CARTESIAN_POINT('',(159.,-87.43,1.51));
#3228 = DIRECTION('',(-0.,0.,-1.));
#3229 = DIRECTION('',(-0.,-1.,0.));
#3230 = FACE_BOUND('',#3231,.T.);
#3231 = EDGE_LOOP('',(#3232));
#3232 = ORIENTED_EDGE('',*,*,#3233,.T.);
#3233 = EDGE_CURVE('',#3234,#3234,#3236,.T.);
#3234 = VERTEX_POINT('',#3235);
#3235 = CARTESIAN_POINT('',(172.,-91.23,1.51));
#3236 = CIRCLE('',#3237,1.5);
#3237 = AXIS2_PLACEMENT_3D('',#3238,#3239,#3240);
#3238 = CARTESIAN_POINT('',(172.,-89.73,1.51));
#3239 = DIRECTION('',(-0.,0.,-1.));
#3240 = DIRECTION('',(-0.,-1.,0.));
#3241 = FACE_BOUND('',#3242,.T.);
#3242 = EDGE_LOOP('',(#3243));
#3243 = ORIENTED_EDGE('',*,*,#3244,.T.);
#3244 = EDGE_CURVE('',#3245,#3245,#3247,.T.);
#3245 = VERTEX_POINT('',#3246);
#3246 = CARTESIAN_POINT('',(167.,-83.63,1.51));
#3247 = CIRCLE('',#3248,0.8);
#3248 = AXIS2_PLACEMENT_3D('',#3249,#3250,#3251);
#3249 = CARTESIAN_POINT('',(167.,-82.83,1.51));
#3250 = DIRECTION('',(-0.,0.,-1.));
#3251 = DIRECTION('',(-0.,-1.,0.));
#3252 = FACE_BOUND('',#3253,.T.);
#3253 = EDGE_LOOP('',(#3254));
#3254 = ORIENTED_EDGE('',*,*,#3255,.T.);
#3255 = EDGE_CURVE('',#3256,#3256,#3258,.T.);
#3256 = VERTEX_POINT('',#3257);
#3257 = CARTESIAN_POINT('',(185.,-85.61,1.51));
#3258 = CIRCLE('',#3259,0.8);
#3259 = AXIS2_PLACEMENT_3D('',#3260,#3261,#3262);
#3260 = CARTESIAN_POINT('',(185.,-84.81,1.51));
#3261 = DIRECTION('',(-0.,0.,-1.));
#3262 = DIRECTION('',(-0.,-1.,0.));
#3263 = FACE_BOUND('',#3264,.T.);
#3264 = EDGE_LOOP('',(#3265));
#3265 = ORIENTED_EDGE('',*,*,#3266,.T.);
#3266 = EDGE_CURVE('',#3267,#3267,#3269,.T.);
#3267 = VERTEX_POINT('',#3268);
#3268 = CARTESIAN_POINT('',(166.5,-78.63,1.51));
#3269 = CIRCLE('',#3270,0.95);
#3270 = AXIS2_PLACEMENT_3D('',#3271,#3272,#3273);
#3271 = CARTESIAN_POINT('',(166.5,-77.68,1.51));
#3272 = DIRECTION('',(-0.,0.,-1.));
#3273 = DIRECTION('',(-0.,-1.,0.));
#3274 = FACE_BOUND('',#3275,.T.);
#3275 = EDGE_LOOP('',(#3276));
#3276 = ORIENTED_EDGE('',*,*,#3277,.T.);
#3277 = EDGE_CURVE('',#3278,#3278,#3280,.T.);
#3278 = VERTEX_POINT('',#3279);
#3279 = CARTESIAN_POINT('',(172.,-80.18,1.51));
#3280 = CIRCLE('',#3281,2.5);
#3281 = AXIS2_PLACEMENT_3D('',#3282,#3283,#3284);
#3282 = CARTESIAN_POINT('',(172.,-77.68,1.51));
#3283 = DIRECTION('',(-0.,0.,-1.));
#3284 = DIRECTION('',(-0.,-1.,0.));
#3285 = FACE_BOUND('',#3286,.T.);
#3286 = EDGE_LOOP('',(#3287));
#3287 = ORIENTED_EDGE('',*,*,#3288,.T.);
#3288 = EDGE_CURVE('',#3289,#3289,#3291,.T.);
#3289 = VERTEX_POINT('',#3290);
#3290 = CARTESIAN_POINT('',(159.5,-74.13,1.51));
#3291 = CIRCLE('',#3292,0.95);
#3292 = AXIS2_PLACEMENT_3D('',#3293,#3294,#3295);
#3293 = CARTESIAN_POINT('',(159.5,-73.18,1.51));
#3294 = DIRECTION('',(-0.,0.,-1.));
#3295 = DIRECTION('',(-0.,-1.,0.));
#3296 = FACE_BOUND('',#3297,.T.);
#3297 = EDGE_LOOP('',(#3298));
#3298 = ORIENTED_EDGE('',*,*,#3299,.T.);
#3299 = EDGE_CURVE('',#3300,#3300,#3302,.T.);
#3300 = VERTEX_POINT('',#3301);
#3301 = CARTESIAN_POINT('',(172.,-73.23,1.51));
#3302 = CIRCLE('',#3303,1.5);
#3303 = AXIS2_PLACEMENT_3D('',#3304,#3305,#3306);
#3304 = CARTESIAN_POINT('',(172.,-71.73,1.51));
#3305 = DIRECTION('',(-0.,0.,-1.));
#3306 = DIRECTION('',(-0.,-1.,0.));
#3307 = FACE_BOUND('',#3308,.T.);
#3308 = EDGE_LOOP('',(#3309));
#3309 = ORIENTED_EDGE('',*,*,#3310,.T.);
#3310 = EDGE_CURVE('',#3311,#3311,#3313,.T.);
#3311 = VERTEX_POINT('',#3312);
#3312 = CARTESIAN_POINT('',(177.5,-78.63,1.51));
#3313 = CIRCLE('',#3314,0.95);
#3314 = AXIS2_PLACEMENT_3D('',#3315,#3316,#3317);
#3315 = CARTESIAN_POINT('',(177.5,-77.68,1.51));
#3316 = DIRECTION('',(-0.,0.,-1.));
#3317 = DIRECTION('',(-0.,-1.,0.));
#3318 = FACE_BOUND('',#3319,.T.);
#3319 = EDGE_LOOP('',(#3320));
#3320 = ORIENTED_EDGE('',*,*,#3321,.T.);
#3321 = EDGE_CURVE('',#3322,#3322,#3324,.T.);
#3322 = VERTEX_POINT('',#3323);
#3323 = CARTESIAN_POINT('',(184.5,-80.61,1.51));
#3324 = CIRCLE('',#3325,0.95);
#3325 = AXIS2_PLACEMENT_3D('',#3326,#3327,#3328);
#3326 = CARTESIAN_POINT('',(184.5,-79.66,1.51));
#3327 = DIRECTION('',(-0.,0.,-1.));
#3328 = DIRECTION('',(-0.,-1.,0.));
#3329 = FACE_BOUND('',#3330,.T.);
#3330 = EDGE_LOOP('',(#3331));
#3331 = ORIENTED_EDGE('',*,*,#3332,.T.);
#3332 = EDGE_CURVE('',#3333,#3333,#3335,.T.);
#3333 = VERTEX_POINT('',#3334);
#3334 = CARTESIAN_POINT('',(177.,-75.43,1.51));
#3335 = CIRCLE('',#3336,1.5);
#3336 = AXIS2_PLACEMENT_3D('',#3337,#3338,#3339);
#3337 = CARTESIAN_POINT('',(177.,-73.93,1.51));
#3338 = DIRECTION('',(-0.,0.,-1.));
#3339 = DIRECTION('',(-0.,-1.,0.));
#3340 = FACE_BOUND('',#3341,.T.);
#3341 = EDGE_LOOP('',(#3342));
#3342 = ORIENTED_EDGE('',*,*,#3343,.T.);
#3343 = EDGE_CURVE('',#3344,#3344,#3346,.T.);
#3344 = VERTEX_POINT('',#3345);
#3345 = CARTESIAN_POINT('',(190.,-93.21,1.51));
#3346 = CIRCLE('',#3347,1.5);
#3347 = AXIS2_PLACEMENT_3D('',#3348,#3349,#3350);
#3348 = CARTESIAN_POINT('',(190.,-91.71,1.51));
#3349 = DIRECTION('',(-0.,0.,-1.));
#3350 = DIRECTION('',(-0.,-1.,0.));
#3351 = FACE_BOUND('',#3352,.T.);
#3352 = EDGE_LOOP('',(#3353));
#3353 = ORIENTED_EDGE('',*,*,#3354,.T.);
#3354 = EDGE_CURVE('',#3355,#3355,#3357,.T.);
#3355 = VERTEX_POINT('',#3356);
#3356 = CARTESIAN_POINT('',(219.925,-85.11,1.51));
#3357 = CIRCLE('',#3358,0.45);
#3358 = AXIS2_PLACEMENT_3D('',#3359,#3360,#3361);
#3359 = CARTESIAN_POINT('',(219.925,-84.66,1.51));
#3360 = DIRECTION('',(-0.,0.,-1.));
#3361 = DIRECTION('',(-0.,-1.,0.));
#3362 = FACE_BOUND('',#3363,.T.);
#3363 = EDGE_LOOP('',(#3364));
#3364 = ORIENTED_EDGE('',*,*,#3365,.T.);
#3365 = EDGE_CURVE('',#3366,#3366,#3368,.T.);
#3366 = VERTEX_POINT('',#3367);
#3367 = CARTESIAN_POINT('',(219.925,-82.11,1.51));
#3368 = CIRCLE('',#3369,0.45);
#3369 = AXIS2_PLACEMENT_3D('',#3370,#3371,#3372);
#3370 = CARTESIAN_POINT('',(219.925,-81.66,1.51));
#3371 = DIRECTION('',(-0.,0.,-1.));
#3372 = DIRECTION('',(-0.,-1.,0.));
#3373 = FACE_BOUND('',#3374,.T.);
#3374 = EDGE_LOOP('',(#3375));
#3375 = ORIENTED_EDGE('',*,*,#3376,.T.);
#3376 = EDGE_CURVE('',#3377,#3377,#3379,.T.);
#3377 = VERTEX_POINT('',#3378);
#3378 = CARTESIAN_POINT('',(190.,-82.16,1.51));
#3379 = CIRCLE('',#3380,2.5);
#3380 = AXIS2_PLACEMENT_3D('',#3381,#3382,#3383);
#3381 = CARTESIAN_POINT('',(190.,-79.66,1.51));
#3382 = DIRECTION('',(-0.,0.,-1.));
#3383 = DIRECTION('',(-0.,-1.,0.));
#3384 = FACE_BOUND('',#3385,.T.);
#3385 = EDGE_LOOP('',(#3386));
#3386 = ORIENTED_EDGE('',*,*,#3387,.T.);
#3387 = EDGE_CURVE('',#3388,#3388,#3390,.T.);
#3388 = VERTEX_POINT('',#3389);
#3389 = CARTESIAN_POINT('',(195.5,-80.61,1.51));
#3390 = CIRCLE('',#3391,0.95);
#3391 = AXIS2_PLACEMENT_3D('',#3392,#3393,#3394);
#3392 = CARTESIAN_POINT('',(195.5,-79.66,1.51));
#3393 = DIRECTION('',(-0.,0.,-1.));
#3394 = DIRECTION('',(-0.,-1.,0.));
#3395 = FACE_BOUND('',#3396,.T.);
#3396 = EDGE_LOOP('',(#3397));
#3397 = ORIENTED_EDGE('',*,*,#3398,.T.);
#3398 = EDGE_CURVE('',#3399,#3399,#3401,.T.);
#3399 = VERTEX_POINT('',#3400);
#3400 = CARTESIAN_POINT('',(195.,-77.41,1.51));
#3401 = CIRCLE('',#3402,1.5);
#3402 = AXIS2_PLACEMENT_3D('',#3403,#3404,#3405);
#3403 = CARTESIAN_POINT('',(195.,-75.91,1.51));
#3404 = DIRECTION('',(-0.,0.,-1.));
#3405 = DIRECTION('',(-0.,-1.,0.));
#3406 = FACE_BOUND('',#3407,.T.);
#3407 = EDGE_LOOP('',(#3408));
#3408 = ORIENTED_EDGE('',*,*,#3409,.T.);
#3409 = EDGE_CURVE('',#3410,#3410,#3412,.T.);
#3410 = VERTEX_POINT('',#3411);
#3411 = CARTESIAN_POINT('',(190.,-75.21,1.51));
#3412 = CIRCLE('',#3413,1.5);
#3413 = AXIS2_PLACEMENT_3D('',#3414,#3415,#3416);
#3414 = CARTESIAN_POINT('',(190.,-73.71,1.51));
#3415 = DIRECTION('',(-0.,0.,-1.));
#3416 = DIRECTION('',(-0.,-1.,0.));
#3417 = FACE_BOUND('',#3418,.T.);
#3418 = EDGE_LOOP('',(#3419));
#3419 = ORIENTED_EDGE('',*,*,#3420,.T.);
#3420 = EDGE_CURVE('',#3421,#3421,#3423,.T.);
#3421 = VERTEX_POINT('',#3422);
#3422 = CARTESIAN_POINT('',(209.,-74.535,1.51));
#3423 = CIRCLE('',#3424,0.375);
#3424 = AXIS2_PLACEMENT_3D('',#3425,#3426,#3427);
#3425 = CARTESIAN_POINT('',(209.,-74.16,1.51));
#3426 = DIRECTION('',(-0.,0.,-1.));
#3427 = DIRECTION('',(-0.,-1.,0.));
#3428 = FACE_BOUND('',#3429,.T.);
#3429 = EDGE_LOOP('',(#3430));
#3430 = ORIENTED_EDGE('',*,*,#3431,.T.);
#3431 = EDGE_CURVE('',#3432,#3432,#3434,.T.);
#3432 = VERTEX_POINT('',#3433);
#3433 = CARTESIAN_POINT('',(211.,-74.535,1.51));
#3434 = CIRCLE('',#3435,0.375);
#3435 = AXIS2_PLACEMENT_3D('',#3436,#3437,#3438);
#3436 = CARTESIAN_POINT('',(211.,-74.16,1.51));
#3437 = DIRECTION('',(-0.,0.,-1.));
#3438 = DIRECTION('',(-0.,-1.,0.));
#3439 = FACE_BOUND('',#3440,.T.);
#3440 = EDGE_LOOP('',(#3441));
#3441 = ORIENTED_EDGE('',*,*,#3442,.T.);
#3442 = EDGE_CURVE('',#3443,#3443,#3445,.T.);
#3443 = VERTEX_POINT('',#3444);
#3444 = CARTESIAN_POINT('',(159.,-70.93,1.51));
#3445 = CIRCLE('',#3446,1.5);
#3446 = AXIS2_PLACEMENT_3D('',#3447,#3448,#3449);
#3447 = CARTESIAN_POINT('',(159.,-69.43,1.51));
#3448 = DIRECTION('',(-0.,0.,-1.));
#3449 = DIRECTION('',(-0.,-1.,0.));
#3450 = FACE_BOUND('',#3451,.T.);
#3451 = EDGE_LOOP('',(#3452));
#3452 = ORIENTED_EDGE('',*,*,#3453,.T.);
#3453 = EDGE_CURVE('',#3454,#3454,#3456,.T.);
#3454 = VERTEX_POINT('',#3455);
#3455 = CARTESIAN_POINT('',(167.,-65.63,1.51));
#3456 = CIRCLE('',#3457,0.8);
#3457 = AXIS2_PLACEMENT_3D('',#3458,#3459,#3460);
#3458 = CARTESIAN_POINT('',(167.,-64.83,1.51));
#3459 = DIRECTION('',(-0.,0.,-1.));
#3460 = DIRECTION('',(-0.,-1.,0.));
#3461 = FACE_BOUND('',#3462,.T.);
#3462 = EDGE_LOOP('',(#3463));
#3463 = ORIENTED_EDGE('',*,*,#3464,.T.);
#3464 = EDGE_CURVE('',#3465,#3465,#3467,.T.);
#3465 = VERTEX_POINT('',#3466);
#3466 = CARTESIAN_POINT('',(166.5,-60.63,1.51));
#3467 = CIRCLE('',#3468,0.95);
#3468 = AXIS2_PLACEMENT_3D('',#3469,#3470,#3471);
#3469 = CARTESIAN_POINT('',(166.5,-59.68,1.51));
#3470 = DIRECTION('',(-0.,0.,-1.));
#3471 = DIRECTION('',(-0.,-1.,0.));
#3472 = FACE_BOUND('',#3473,.T.);
#3473 = EDGE_LOOP('',(#3474));
#3474 = ORIENTED_EDGE('',*,*,#3475,.T.);
#3475 = EDGE_CURVE('',#3476,#3476,#3478,.T.);
#3476 = VERTEX_POINT('',#3477);
#3477 = CARTESIAN_POINT('',(172.,-62.18,1.51));
#3478 = CIRCLE('',#3479,2.5);
#3479 = AXIS2_PLACEMENT_3D('',#3480,#3481,#3482);
#3480 = CARTESIAN_POINT('',(172.,-59.68,1.51));
#3481 = DIRECTION('',(-0.,0.,-1.));
#3482 = DIRECTION('',(-0.,-1.,0.));
#3483 = FACE_BOUND('',#3484,.T.);
#3484 = EDGE_LOOP('',(#3485));
#3485 = ORIENTED_EDGE('',*,*,#3486,.T.);
#3486 = EDGE_CURVE('',#3487,#3487,#3489,.T.);
#3487 = VERTEX_POINT('',#3488);
#3488 = CARTESIAN_POINT('',(185.,-67.61,1.51));
#3489 = CIRCLE('',#3490,0.8);
#3490 = AXIS2_PLACEMENT_3D('',#3491,#3492,#3493);
#3491 = CARTESIAN_POINT('',(185.,-66.81,1.51));
#3492 = DIRECTION('',(-0.,0.,-1.));
#3493 = DIRECTION('',(-0.,-1.,0.));
#3494 = FACE_BOUND('',#3495,.T.);
#3495 = EDGE_LOOP('',(#3496));
#3496 = ORIENTED_EDGE('',*,*,#3497,.T.);
#3497 = EDGE_CURVE('',#3498,#3498,#3500,.T.);
#3498 = VERTEX_POINT('',#3499);
#3499 = CARTESIAN_POINT('',(177.5,-60.63,1.51));
#3500 = CIRCLE('',#3501,0.95);
#3501 = AXIS2_PLACEMENT_3D('',#3502,#3503,#3504);
#3502 = CARTESIAN_POINT('',(177.5,-59.68,1.51));
#3503 = DIRECTION('',(-0.,0.,-1.));
#3504 = DIRECTION('',(-0.,-1.,0.));
#3505 = FACE_BOUND('',#3506,.T.);
#3506 = EDGE_LOOP('',(#3507));
#3507 = ORIENTED_EDGE('',*,*,#3508,.T.);
#3508 = EDGE_CURVE('',#3509,#3509,#3511,.T.);
#3509 = VERTEX_POINT('',#3510);
#3510 = CARTESIAN_POINT('',(184.5,-62.61,1.51));
#3511 = CIRCLE('',#3512,0.95);
#3512 = AXIS2_PLACEMENT_3D('',#3513,#3514,#3515);
#3513 = CARTESIAN_POINT('',(184.5,-61.66,1.51));
#3514 = DIRECTION('',(-0.,0.,-1.));
#3515 = DIRECTION('',(-0.,-1.,0.));
#3516 = FACE_BOUND('',#3517,.T.);
#3517 = EDGE_LOOP('',(#3518));
#3518 = ORIENTED_EDGE('',*,*,#3519,.T.);
#3519 = EDGE_CURVE('',#3520,#3520,#3522,.T.);
#3520 = VERTEX_POINT('',#3521);
#3521 = CARTESIAN_POINT('',(159.5,-56.13,1.51));
#3522 = CIRCLE('',#3523,0.95);
#3523 = AXIS2_PLACEMENT_3D('',#3524,#3525,#3526);
#3524 = CARTESIAN_POINT('',(159.5,-55.18,1.51));
#3525 = DIRECTION('',(-0.,0.,-1.));
#3526 = DIRECTION('',(-0.,-1.,0.));
#3527 = FACE_BOUND('',#3528,.T.);
#3528 = EDGE_LOOP('',(#3529));
#3529 = ORIENTED_EDGE('',*,*,#3530,.T.);
#3530 = EDGE_CURVE('',#3531,#3531,#3533,.T.);
#3531 = VERTEX_POINT('',#3532);
#3532 = CARTESIAN_POINT('',(172.,-55.23,1.51));
#3533 = CIRCLE('',#3534,1.5);
#3534 = AXIS2_PLACEMENT_3D('',#3535,#3536,#3537);
#3535 = CARTESIAN_POINT('',(172.,-53.73,1.51));
#3536 = DIRECTION('',(-0.,0.,-1.));
#3537 = DIRECTION('',(-0.,-1.,0.));
#3538 = FACE_BOUND('',#3539,.T.);
#3539 = EDGE_LOOP('',(#3540));
#3540 = ORIENTED_EDGE('',*,*,#3541,.T.);
#3541 = EDGE_CURVE('',#3542,#3542,#3544,.T.);
#3542 = VERTEX_POINT('',#3543);
#3543 = CARTESIAN_POINT('',(159.,-52.93,1.51));
#3544 = CIRCLE('',#3545,1.5);
#3545 = AXIS2_PLACEMENT_3D('',#3546,#3547,#3548);
#3546 = CARTESIAN_POINT('',(159.,-51.43,1.51));
#3547 = DIRECTION('',(-0.,0.,-1.));
#3548 = DIRECTION('',(-0.,-1.,0.));
#3549 = FACE_BOUND('',#3550,.T.);
#3550 = EDGE_LOOP('',(#3551));
#3551 = ORIENTED_EDGE('',*,*,#3552,.T.);
#3552 = EDGE_CURVE('',#3553,#3553,#3555,.T.);
#3553 = VERTEX_POINT('',#3554);
#3554 = CARTESIAN_POINT('',(177.,-57.43,1.51));
#3555 = CIRCLE('',#3556,1.5);
#3556 = AXIS2_PLACEMENT_3D('',#3557,#3558,#3559);
#3557 = CARTESIAN_POINT('',(177.,-55.93,1.51));
#3558 = DIRECTION('',(-0.,0.,-1.));
#3559 = DIRECTION('',(-0.,-1.,0.));
#3560 = FACE_BOUND('',#3561,.T.);
#3561 = EDGE_LOOP('',(#3562));
#3562 = ORIENTED_EDGE('',*,*,#3563,.T.);
#3563 = EDGE_CURVE('',#3564,#3564,#3566,.T.);
#3564 = VERTEX_POINT('',#3565);
#3565 = CARTESIAN_POINT('',(190.,-64.16,1.51));
#3566 = CIRCLE('',#3567,2.5);
#3567 = AXIS2_PLACEMENT_3D('',#3568,#3569,#3570);
#3568 = CARTESIAN_POINT('',(190.,-61.66,1.51));
#3569 = DIRECTION('',(-0.,0.,-1.));
#3570 = DIRECTION('',(-0.,-1.,0.));
#3571 = FACE_BOUND('',#3572,.T.);
#3572 = EDGE_LOOP('',(#3573));
#3573 = ORIENTED_EDGE('',*,*,#3574,.T.);
#3574 = EDGE_CURVE('',#3575,#3575,#3577,.T.);
#3575 = VERTEX_POINT('',#3576);
#3576 = CARTESIAN_POINT('',(195.5,-62.61,1.51));
#3577 = CIRCLE('',#3578,0.95);
#3578 = AXIS2_PLACEMENT_3D('',#3579,#3580,#3581);
#3579 = CARTESIAN_POINT('',(195.5,-61.66,1.51));
#3580 = DIRECTION('',(-0.,0.,-1.));
#3581 = DIRECTION('',(-0.,-1.,0.));
#3582 = FACE_BOUND('',#3583,.T.);
#3583 = EDGE_LOOP('',(#3584));
#3584 = ORIENTED_EDGE('',*,*,#3585,.T.);
#3585 = EDGE_CURVE('',#3586,#3586,#3588,.T.);
#3586 = VERTEX_POINT('',#3587);
#3587 = CARTESIAN_POINT('',(209.006,-66.078,1.51));
#3588 = CIRCLE('',#3589,0.4);
#3589 = AXIS2_PLACEMENT_3D('',#3590,#3591,#3592);
#3590 = CARTESIAN_POINT('',(209.006,-65.678,1.51));
#3591 = DIRECTION('',(-0.,0.,-1.));
#3592 = DIRECTION('',(-0.,-1.,0.));
#3593 = FACE_BOUND('',#3594,.T.);
#3594 = EDGE_LOOP('',(#3595));
#3595 = ORIENTED_EDGE('',*,*,#3596,.T.);
#3596 = EDGE_CURVE('',#3597,#3597,#3599,.T.);
#3597 = VERTEX_POINT('',#3598);
#3598 = CARTESIAN_POINT('',(211.006,-66.078,1.51));
#3599 = CIRCLE('',#3600,0.4);
#3600 = AXIS2_PLACEMENT_3D('',#3601,#3602,#3603);
#3601 = CARTESIAN_POINT('',(211.006,-65.678,1.51));
#3602 = DIRECTION('',(-0.,0.,-1.));
#3603 = DIRECTION('',(-0.,-1.,0.));
#3604 = FACE_BOUND('',#3605,.T.);
#3605 = EDGE_LOOP('',(#3606));
#3606 = ORIENTED_EDGE('',*,*,#3607,.T.);
#3607 = EDGE_CURVE('',#3608,#3608,#3610,.T.);
#3608 = VERTEX_POINT('',#3609);
#3609 = CARTESIAN_POINT('',(195.,-59.41,1.51));
#3610 = CIRCLE('',#3611,1.5);
#3611 = AXIS2_PLACEMENT_3D('',#3612,#3613,#3614);
#3612 = CARTESIAN_POINT('',(195.,-57.91,1.51));
#3613 = DIRECTION('',(-0.,0.,-1.));
#3614 = DIRECTION('',(-0.,-1.,0.));
#3615 = FACE_BOUND('',#3616,.T.);
#3616 = EDGE_LOOP('',(#3617));
#3617 = ORIENTED_EDGE('',*,*,#3618,.T.);
#3618 = EDGE_CURVE('',#3619,#3619,#3621,.T.);
#3619 = VERTEX_POINT('',#3620);
#3620 = CARTESIAN_POINT('',(190.,-57.21,1.51));
#3621 = CIRCLE('',#3622,1.5);
#3622 = AXIS2_PLACEMENT_3D('',#3623,#3624,#3625);
#3623 = CARTESIAN_POINT('',(190.,-55.71,1.51));
#3624 = DIRECTION('',(-0.,0.,-1.));
#3625 = DIRECTION('',(-0.,-1.,0.));
#3626 = PLANE('',#3627);
#3627 = AXIS2_PLACEMENT_3D('',#3628,#3629,#3630);
#3628 = CARTESIAN_POINT('',(0.,0.,1.51));
#3629 = DIRECTION('',(0.,0.,1.));
#3630 = DIRECTION('',(1.,0.,-0.));
#3631 = ADVANCED_FACE('',(#3632),#3643,.T.);
#3632 = FACE_BOUND('',#3633,.T.);
#3633 = EDGE_LOOP('',(#3634,#3640,#3641,#3642));
#3634 = ORIENTED_EDGE('',*,*,#3635,.T.);
#3635 = EDGE_CURVE('',#146,#1892,#3636,.T.);
#3636 = LINE('',#3637,#3638);
#3637 = CARTESIAN_POINT('',(144.584057,-43.208975,0.));
#3638 = VECTOR('',#3639,1.);
#3639 = DIRECTION('',(0.,0.,1.));
#3640 = ORIENTED_EDGE('',*,*,#1891,.T.);
#3641 = ORIENTED_EDGE('',*,*,#81,.F.);
#3642 = ORIENTED_EDGE('',*,*,#145,.F.);
#3643 = CYLINDRICAL_SURFACE('',#3644,3.000592725371);
#3644 = AXIS2_PLACEMENT_3D('',#3645,#3646,#3647);
#3645 = CARTESIAN_POINT('',(145.00004353786,-46.18059272505,0.));
#3646 = DIRECTION('',(0.,0.,-1.));
#3647 = DIRECTION('',(-0.138634788504,0.990343574431,0.));
#3648 = ADVANCED_FACE('',(#3649),#3660,.T.);
#3649 = FACE_BOUND('',#3650,.T.);
#3650 = EDGE_LOOP('',(#3651,#3652,#3653,#3659));
#3651 = ORIENTED_EDGE('',*,*,#121,.T.);
#3652 = ORIENTED_EDGE('',*,*,#2058,.T.);
#3653 = ORIENTED_EDGE('',*,*,#3654,.F.);
#3654 = EDGE_CURVE('',#304,#2050,#3655,.T.);
#3655 = LINE('',#3656,#3657);
#3656 = CARTESIAN_POINT('',(219.156104,-49.664064,0.));
#3657 = VECTOR('',#3658,1.);
#3658 = DIRECTION('',(0.,0.,1.));
#3659 = ORIENTED_EDGE('',*,*,#312,.F.);
#3660 = PLANE('',#3661);
#3661 = AXIS2_PLACEMENT_3D('',#3662,#3663,#3664);
#3662 = CARTESIAN_POINT('',(181.445993,-47.699169,0.));
#3663 = DIRECTION('',(5.203466824883E-02,0.998645279016,-0.));
#3664 = DIRECTION('',(0.998645279016,-5.203466824883E-02,0.));
#3665 = ADVANCED_FACE('',(#3666),#3677,.T.);
#3666 = FACE_BOUND('',#3667,.T.);
#3667 = EDGE_LOOP('',(#3668,#3674,#3675,#3676));
#3668 = ORIENTED_EDGE('',*,*,#3669,.T.);
#3669 = EDGE_CURVE('',#155,#1901,#3670,.T.);
#3670 = LINE('',#3671,#3672);
#3671 = CARTESIAN_POINT('',(126.584057,-45.728975,0.));
#3672 = VECTOR('',#3673,1.);
#3673 = DIRECTION('',(0.,0.,1.));
#3674 = ORIENTED_EDGE('',*,*,#1900,.T.);
#3675 = ORIENTED_EDGE('',*,*,#3635,.F.);
#3676 = ORIENTED_EDGE('',*,*,#154,.F.);
#3677 = PLANE('',#3678);
#3678 = AXIS2_PLACEMENT_3D('',#3679,#3680,#3681);
#3679 = CARTESIAN_POINT('',(126.584057,-45.728975,0.));
#3680 = DIRECTION('',(-0.138647844534,0.990341746674,0.));
#3681 = DIRECTION('',(0.990341746674,0.138647844534,0.));
#3682 = ADVANCED_FACE('',(#3683),#3694,.T.);
#3683 = FACE_BOUND('',#3684,.T.);
#3684 = EDGE_LOOP('',(#3685,#3686,#3687,#3693));
#3685 = ORIENTED_EDGE('',*,*,#3654,.T.);
#3686 = ORIENTED_EDGE('',*,*,#2049,.T.);
#3687 = ORIENTED_EDGE('',*,*,#3688,.F.);
#3688 = EDGE_CURVE('',#296,#2042,#3689,.T.);
#3689 = LINE('',#3690,#3691);
#3690 = CARTESIAN_POINT('',(222.,-52.66,0.));
#3691 = VECTOR('',#3692,1.);
#3692 = DIRECTION('',(0.,0.,1.));
#3693 = ORIENTED_EDGE('',*,*,#303,.F.);
#3694 = CYLINDRICAL_SURFACE('',#3695,2.999999427614);
#3695 = AXIS2_PLACEMENT_3D('',#3696,#3697,#3698);
#3696 = CARTESIAN_POINT('',(219.00000057238,-52.65999929395,0.));
#3697 = DIRECTION('',(0.,0.,-1.));
#3698 = DIRECTION('',(5.203448579918E-02,0.998645288522,0.));
#3699 = ADVANCED_FACE('',(#3700),#3711,.T.);
#3700 = FACE_BOUND('',#3701,.T.);
#3701 = EDGE_LOOP('',(#3702,#3708,#3709,#3710));
#3702 = ORIENTED_EDGE('',*,*,#3703,.T.);
#3703 = EDGE_CURVE('',#163,#1909,#3704,.T.);
#3704 = LINE('',#3705,#3706);
#3705 = CARTESIAN_POINT('',(126.482859,-45.744909,0.));
#3706 = VECTOR('',#3707,1.);
#3707 = DIRECTION('',(0.,0.,1.));
#3708 = ORIENTED_EDGE('',*,*,#1908,.T.);
#3709 = ORIENTED_EDGE('',*,*,#3669,.F.);
#3710 = ORIENTED_EDGE('',*,*,#162,.F.);
#3711 = PLANE('',#3712);
#3712 = AXIS2_PLACEMENT_3D('',#3713,#3714,#3715);
#3713 = CARTESIAN_POINT('',(126.482859,-45.744909,0.));
#3714 = DIRECTION('',(-0.155537491428,0.987829989806,0.));
#3715 = DIRECTION('',(0.987829989806,0.155537491428,0.));
#3716 = ADVANCED_FACE('',(#3717),#3728,.T.);
#3717 = FACE_BOUND('',#3718,.T.);
#3718 = EDGE_LOOP('',(#3719,#3720,#3721,#3727));
#3719 = ORIENTED_EDGE('',*,*,#3688,.T.);
#3720 = ORIENTED_EDGE('',*,*,#2041,.T.);
#3721 = ORIENTED_EDGE('',*,*,#3722,.F.);
#3722 = EDGE_CURVE('',#288,#2034,#3723,.T.);
#3723 = LINE('',#3724,#3725);
#3724 = CARTESIAN_POINT('',(222.,-104.142874,0.));
#3725 = VECTOR('',#3726,1.);
#3726 = DIRECTION('',(0.,0.,1.));
#3727 = ORIENTED_EDGE('',*,*,#295,.F.);
#3728 = PLANE('',#3729);
#3729 = AXIS2_PLACEMENT_3D('',#3730,#3731,#3732);
#3730 = CARTESIAN_POINT('',(222.,-52.66,0.));
#3731 = DIRECTION('',(1.,0.,-0.));
#3732 = DIRECTION('',(0.,-1.,0.));
#3733 = ADVANCED_FACE('',(#3734),#3745,.T.);
#3734 = FACE_BOUND('',#3735,.T.);
#3735 = EDGE_LOOP('',(#3736,#3742,#3743,#3744));
#3736 = ORIENTED_EDGE('',*,*,#3737,.T.);
#3737 = EDGE_CURVE('',#171,#1917,#3738,.T.);
#3738 = LINE('',#3739,#3740);
#3739 = CARTESIAN_POINT('',(90.482859,-52.044909,0.));
#3740 = VECTOR('',#3741,1.);
#3741 = DIRECTION('',(0.,0.,1.));
#3742 = ORIENTED_EDGE('',*,*,#1916,.T.);
#3743 = ORIENTED_EDGE('',*,*,#3703,.F.);
#3744 = ORIENTED_EDGE('',*,*,#170,.F.);
#3745 = PLANE('',#3746);
#3746 = AXIS2_PLACEMENT_3D('',#3747,#3748,#3749);
#3747 = CARTESIAN_POINT('',(90.482859,-52.044909,0.));
#3748 = DIRECTION('',(-0.172380331752,0.985030467156,0.));
#3749 = DIRECTION('',(0.985030467156,0.172380331752,0.));
#3750 = ADVANCED_FACE('',(#3751),#3762,.T.);
#3751 = FACE_BOUND('',#3752,.T.);
#3752 = EDGE_LOOP('',(#3753,#3754,#3755,#3761));
#3753 = ORIENTED_EDGE('',*,*,#3722,.T.);
#3754 = ORIENTED_EDGE('',*,*,#2033,.T.);
#3755 = ORIENTED_EDGE('',*,*,#3756,.F.);
#3756 = EDGE_CURVE('',#279,#2025,#3757,.T.);
#3757 = LINE('',#3758,#3759);
#3758 = CARTESIAN_POINT('',(222.225473,-123.888101,0.));
#3759 = VECTOR('',#3760,1.);
#3760 = DIRECTION('',(0.,0.,1.));
#3761 = ORIENTED_EDGE('',*,*,#287,.F.);
#3762 = PLANE('',#3763);
#3763 = AXIS2_PLACEMENT_3D('',#3764,#3765,#3766);
#3764 = CARTESIAN_POINT('',(222.,-104.142874,0.));
#3765 = DIRECTION('',(0.999934808292,1.141836966625E-02,-0.));
#3766 = DIRECTION('',(1.141836966625E-02,-0.999934808292,0.));
#3767 = ADVANCED_FACE('',(#3768),#3779,.T.);
#3768 = FACE_BOUND('',#3769,.T.);
#3769 = EDGE_LOOP('',(#3770,#3776,#3777,#3778));
#3770 = ORIENTED_EDGE('',*,*,#3771,.T.);
#3771 = EDGE_CURVE('',#179,#1925,#3772,.T.);
#3772 = LINE('',#3773,#3774);
#3773 = CARTESIAN_POINT('',(88.,-55.,0.));
#3774 = VECTOR('',#3775,1.);
#3775 = DIRECTION('',(0.,0.,1.));
#3776 = ORIENTED_EDGE('',*,*,#1924,.T.);
#3777 = ORIENTED_EDGE('',*,*,#3737,.F.);
#3778 = ORIENTED_EDGE('',*,*,#178,.F.);
#3779 = CYLINDRICAL_SURFACE('',#3780,2.999997522181);
#3780 = AXIS2_PLACEMENT_3D('',#3781,#3782,#3783);
#3781 = CARTESIAN_POINT('',(90.99999752218,-54.99999831878,0.));
#3782 = DIRECTION('',(0.,0.,-1.));
#3783 = DIRECTION('',(-1.,-5.604071078037E-07,-0.));
#3784 = ADVANCED_FACE('',(#3785),#3796,.T.);
#3785 = FACE_BOUND('',#3786,.T.);
#3786 = EDGE_LOOP('',(#3787,#3788,#3789,#3795));
#3787 = ORIENTED_EDGE('',*,*,#3756,.T.);
#3788 = ORIENTED_EDGE('',*,*,#2024,.T.);
#3789 = ORIENTED_EDGE('',*,*,#3790,.F.);
#3790 = EDGE_CURVE('',#271,#2017,#3791,.T.);
#3791 = LINE('',#3792,#3793);
#3792 = CARTESIAN_POINT('',(221.966305,-125.142567,0.));
#3793 = VECTOR('',#3794,1.);
#3794 = DIRECTION('',(0.,0.,1.));
#3795 = ORIENTED_EDGE('',*,*,#278,.F.);
#3796 = CYLINDRICAL_SURFACE('',#3797,2.999640438622);
#3797 = AXIS2_PLACEMENT_3D('',#3798,#3799,#3800);
#3798 = CARTESIAN_POINT('',(219.22602902332,-123.9224316252,0.));
#3799 = DIRECTION('',(0.,0.,-1.));
#3800 = DIRECTION('',(0.999934504833,1.144491346877E-02,0.));
#3801 = ADVANCED_FACE('',(#3802),#3813,.T.);
#3802 = FACE_BOUND('',#3803,.T.);
#3803 = EDGE_LOOP('',(#3804,#3810,#3811,#3812));
#3804 = ORIENTED_EDGE('',*,*,#3805,.T.);
#3805 = EDGE_CURVE('',#188,#1934,#3806,.T.);
#3806 = LINE('',#3807,#3808);
#3807 = CARTESIAN_POINT('',(88.,-109.,0.));
#3808 = VECTOR('',#3809,1.);
#3809 = DIRECTION('',(0.,0.,1.));
#3810 = ORIENTED_EDGE('',*,*,#1933,.T.);
#3811 = ORIENTED_EDGE('',*,*,#3771,.F.);
#3812 = ORIENTED_EDGE('',*,*,#187,.F.);
#3813 = PLANE('',#3814);
#3814 = AXIS2_PLACEMENT_3D('',#3815,#3816,#3817);
#3815 = CARTESIAN_POINT('',(88.,-109.,0.));
#3816 = DIRECTION('',(-1.,0.,0.));
#3817 = DIRECTION('',(0.,1.,0.));
#3818 = ADVANCED_FACE('',(#3819),#3830,.T.);
#3819 = FACE_BOUND('',#3820,.T.);
#3820 = EDGE_LOOP('',(#3821,#3822,#3823,#3829));
#3821 = ORIENTED_EDGE('',*,*,#3790,.T.);
#3822 = ORIENTED_EDGE('',*,*,#2016,.T.);
#3823 = ORIENTED_EDGE('',*,*,#3824,.F.);
#3824 = EDGE_CURVE('',#262,#2008,#3825,.T.);
#3825 = LINE('',#3826,#3827);
#3826 = CARTESIAN_POINT('',(214.645046,-141.586385,0.));
#3827 = VECTOR('',#3828,1.);
#3828 = DIRECTION('',(0.,0.,1.));
#3829 = ORIENTED_EDGE('',*,*,#270,.F.);
#3830 = PLANE('',#3831);
#3831 = AXIS2_PLACEMENT_3D('',#3832,#3833,#3834);
#3832 = CARTESIAN_POINT('',(221.966305,-125.142567,0.));
#3833 = DIRECTION('',(0.913545467336,-0.406736621303,0.));
#3834 = DIRECTION('',(-0.406736621303,-0.913545467336,0.));
#3835 = ADVANCED_FACE('',(#3836),#3847,.T.);
#3836 = FACE_BOUND('',#3837,.T.);
#3837 = EDGE_LOOP('',(#3838,#3844,#3845,#3846));
#3838 = ORIENTED_EDGE('',*,*,#3839,.T.);
#3839 = EDGE_CURVE('',#196,#1942,#3840,.T.);
#3840 = LINE('',#3841,#3842);
#3841 = CARTESIAN_POINT('',(91.,-112.,0.));
#3842 = VECTOR('',#3843,1.);
#3843 = DIRECTION('',(0.,0.,1.));
#3844 = ORIENTED_EDGE('',*,*,#1941,.T.);
#3845 = ORIENTED_EDGE('',*,*,#3805,.F.);
#3846 = ORIENTED_EDGE('',*,*,#195,.F.);
#3847 = CYLINDRICAL_SURFACE('',#3848,3.000001172987);
#3848 = AXIS2_PLACEMENT_3D('',#3849,#3850,#3851);
#3849 = CARTESIAN_POINT('',(91.000001172987,-108.999998827,0.));
#3850 = DIRECTION('',(0.,0.,-1.));
#3851 = DIRECTION('',(-3.909953663434E-07,-1.,-0.));
#3852 = ADVANCED_FACE('',(#3853),#3864,.T.);
#3853 = FACE_BOUND('',#3854,.T.);
#3854 = EDGE_LOOP('',(#3855,#3856,#3857,#3863));
#3855 = ORIENTED_EDGE('',*,*,#3824,.T.);
#3856 = ORIENTED_EDGE('',*,*,#2007,.T.);
#3857 = ORIENTED_EDGE('',*,*,#3858,.F.);
#3858 = EDGE_CURVE('',#254,#2000,#3859,.T.);
#3859 = LINE('',#3860,#3861);
#3860 = CARTESIAN_POINT('',(210.881785,-143.186501,0.));
#3861 = VECTOR('',#3862,1.);
#3862 = DIRECTION('',(0.,0.,1.));
#3863 = ORIENTED_EDGE('',*,*,#261,.F.);
#3864 = CYLINDRICAL_SURFACE('',#3865,2.99995160822);
#3865 = AXIS2_PLACEMENT_3D('',#3866,#3867,#3868);
#3866 = CARTESIAN_POINT('',(211.904435539,-140.3662358481,0.));
#3867 = DIRECTION('',(0.,0.,-1.));
#3868 = DIRECTION('',(0.91355155646,-0.406722944632,0.));
#3869 = ADVANCED_FACE('',(#3870),#3881,.T.);
#3870 = FACE_BOUND('',#3871,.T.);
#3871 = EDGE_LOOP('',(#3872,#3878,#3879,#3880));
#3872 = ORIENTED_EDGE('',*,*,#3873,.T.);
#3873 = EDGE_CURVE('',#205,#1951,#3874,.T.);
#3874 = LINE('',#3875,#3876);
#3875 = CARTESIAN_POINT('',(108.28477,-112.,0.));
#3876 = VECTOR('',#3877,1.);
#3877 = DIRECTION('',(0.,0.,1.));
#3878 = ORIENTED_EDGE('',*,*,#1950,.T.);
#3879 = ORIENTED_EDGE('',*,*,#3839,.F.);
#3880 = ORIENTED_EDGE('',*,*,#204,.F.);
#3881 = PLANE('',#3882);
#3882 = AXIS2_PLACEMENT_3D('',#3883,#3884,#3885);
#3883 = CARTESIAN_POINT('',(108.28477,-112.,0.));
#3884 = DIRECTION('',(0.,-1.,0.));
#3885 = DIRECTION('',(-1.,0.,0.));
#3886 = ADVANCED_FACE('',(#3887),#3898,.T.);
#3887 = FACE_BOUND('',#3888,.T.);
#3888 = EDGE_LOOP('',(#3889,#3890,#3891,#3897));
#3889 = ORIENTED_EDGE('',*,*,#3858,.T.);
#3890 = ORIENTED_EDGE('',*,*,#1999,.T.);
#3891 = ORIENTED_EDGE('',*,*,#3892,.F.);
#3892 = EDGE_CURVE('',#246,#1992,#3893,.T.);
#3893 = LINE('',#3894,#3895);
#3894 = CARTESIAN_POINT('',(176.816155,-130.834619,0.));
#3895 = VECTOR('',#3896,1.);
#3896 = DIRECTION('',(0.,0.,1.));
#3897 = ORIENTED_EDGE('',*,*,#253,.F.);
#3898 = PLANE('',#3899);
#3899 = AXIS2_PLACEMENT_3D('',#3900,#3901,#3902);
#3900 = CARTESIAN_POINT('',(210.881785,-143.186501,0.));
#3901 = DIRECTION('',(-0.340874720496,-0.940108730375,0.));
#3902 = DIRECTION('',(-0.940108730375,0.340874720496,0.));
#3903 = ADVANCED_FACE('',(#3904),#3915,.T.);
#3904 = FACE_BOUND('',#3905,.T.);
#3905 = EDGE_LOOP('',(#3906,#3912,#3913,#3914));
#3906 = ORIENTED_EDGE('',*,*,#3907,.T.);
#3907 = EDGE_CURVE('',#213,#1959,#3908,.T.);
#3908 = LINE('',#3909,#3910);
#3909 = CARTESIAN_POINT('',(140.046473,-128.057306,0.));
#3910 = VECTOR('',#3911,1.);
#3911 = DIRECTION('',(0.,0.,1.));
#3912 = ORIENTED_EDGE('',*,*,#1958,.T.);
#3913 = ORIENTED_EDGE('',*,*,#3873,.F.);
#3914 = ORIENTED_EDGE('',*,*,#212,.F.);
#3915 = PLANE('',#3916);
#3916 = AXIS2_PLACEMENT_3D('',#3917,#3918,#3919);
#3917 = CARTESIAN_POINT('',(140.046473,-128.057306,0.));
#3918 = DIRECTION('',(-0.451175590207,-0.892435200338,0.));
#3919 = DIRECTION('',(-0.892435200338,0.451175590207,0.));
#3920 = ADVANCED_FACE('',(#3921),#3932,.T.);
#3921 = FACE_BOUND('',#3922,.T.);
#3922 = EDGE_LOOP('',(#3923,#3924,#3925,#3931));
#3923 = ORIENTED_EDGE('',*,*,#3892,.T.);
#3924 = ORIENTED_EDGE('',*,*,#1991,.T.);
#3925 = ORIENTED_EDGE('',*,*,#3926,.F.);
#3926 = EDGE_CURVE('',#238,#1984,#3927,.T.);
#3927 = LINE('',#3928,#3929);
#3928 = CARTESIAN_POINT('',(159.405487,-128.387709,0.));
#3929 = VECTOR('',#3930,1.);
#3930 = DIRECTION('',(0.,0.,1.));
#3931 = ORIENTED_EDGE('',*,*,#245,.F.);
#3932 = PLANE('',#3933);
#3933 = AXIS2_PLACEMENT_3D('',#3934,#3935,#3936);
#3934 = CARTESIAN_POINT('',(176.816155,-130.834619,0.));
#3935 = DIRECTION('',(-0.139173111365,-0.990268067279,0.));
#3936 = DIRECTION('',(-0.990268067279,0.139173111365,0.));
#3937 = ADVANCED_FACE('',(#3938),#3949,.T.);
#3938 = FACE_BOUND('',#3939,.T.);
#3939 = EDGE_LOOP('',(#3940,#3946,#3947,#3948));
#3940 = ORIENTED_EDGE('',*,*,#3941,.T.);
#3941 = EDGE_CURVE('',#221,#1967,#3942,.T.);
#3942 = LINE('',#3943,#3944);
#3943 = CARTESIAN_POINT('',(141.4,-128.38,0.));
#3944 = VECTOR('',#3945,1.);
#3945 = DIRECTION('',(0.,0.,1.));
#3946 = ORIENTED_EDGE('',*,*,#1966,.T.);
#3947 = ORIENTED_EDGE('',*,*,#3907,.F.);
#3948 = ORIENTED_EDGE('',*,*,#220,.F.);
#3949 = CYLINDRICAL_SURFACE('',#3950,2.999991175286);
#3950 = AXIS2_PLACEMENT_3D('',#3951,#3952,#3953);
#3951 = CARTESIAN_POINT('',(141.39999687751,-125.3800088247,0.));
#3952 = DIRECTION('',(0.,0.,-1.));
#3953 = DIRECTION('',(1.040830797381E-06,-0.999999999999,0.));
#3954 = ADVANCED_FACE('',(#3955),#3966,.T.);
#3955 = FACE_BOUND('',#3956,.T.);
#3956 = EDGE_LOOP('',(#3957,#3958,#3959,#3965));
#3957 = ORIENTED_EDGE('',*,*,#3926,.T.);
#3958 = ORIENTED_EDGE('',*,*,#1983,.T.);
#3959 = ORIENTED_EDGE('',*,*,#3960,.F.);
#3960 = EDGE_CURVE('',#230,#1976,#3961,.T.);
#3961 = LINE('',#3962,#3963);
#3962 = CARTESIAN_POINT('',(159.295238,-128.38,0.));
#3963 = VECTOR('',#3964,1.);
#3964 = DIRECTION('',(0.,0.,1.));
#3965 = ORIENTED_EDGE('',*,*,#237,.F.);
#3966 = PLANE('',#3967);
#3967 = AXIS2_PLACEMENT_3D('',#3968,#3969,#3970);
#3968 = CARTESIAN_POINT('',(159.405487,-128.387709,0.));
#3969 = DIRECTION('',(-6.975322239756E-02,-0.997564277611,0.));
#3970 = DIRECTION('',(-0.997564277611,6.975322239756E-02,0.));
#3971 = ADVANCED_FACE('',(#3972),#3978,.T.);
#3972 = FACE_BOUND('',#3973,.T.);
#3973 = EDGE_LOOP('',(#3974,#3975,#3976,#3977));
#3974 = ORIENTED_EDGE('',*,*,#3960,.T.);
#3975 = ORIENTED_EDGE('',*,*,#1975,.T.);
#3976 = ORIENTED_EDGE('',*,*,#3941,.F.);
#3977 = ORIENTED_EDGE('',*,*,#229,.F.);
#3978 = PLANE('',#3979);
#3979 = AXIS2_PLACEMENT_3D('',#3980,#3981,#3982);
#3980 = CARTESIAN_POINT('',(159.295238,-128.38,0.));
#3981 = DIRECTION('',(0.,-1.,0.));
#3982 = DIRECTION('',(-1.,0.,0.));
#3983 = ADVANCED_FACE('',(#3984),#3995,.F.);
#3984 = FACE_BOUND('',#3985,.T.);
#3985 = EDGE_LOOP('',(#3986,#3987,#3993,#3994));
#3986 = ORIENTED_EDGE('',*,*,#321,.T.);
#3987 = ORIENTED_EDGE('',*,*,#3988,.T.);
#3988 = EDGE_CURVE('',#322,#2068,#3989,.T.);
#3989 = LINE('',#3990,#3991);
#3990 = CARTESIAN_POINT('',(150.4,-122.83,-4.6E-02));
#3991 = VECTOR('',#3992,1.);
#3992 = DIRECTION('',(0.,0.,1.));
#3993 = ORIENTED_EDGE('',*,*,#2067,.F.);
#3994 = ORIENTED_EDGE('',*,*,#3988,.F.);
#3995 = CYLINDRICAL_SURFACE('',#3996,0.95);
#3996 = AXIS2_PLACEMENT_3D('',#3997,#3998,#3999);
#3997 = CARTESIAN_POINT('',(150.4,-121.88,-4.6E-02));
#3998 = DIRECTION('',(-0.,0.,-1.));
#3999 = DIRECTION('',(2.991758887411E-14,-1.,-0.));
#4000 = ADVANCED_FACE('',(#4001),#4012,.F.);
#4001 = FACE_BOUND('',#4002,.T.);
#4002 = EDGE_LOOP('',(#4003,#4004,#4010,#4011));
#4003 = ORIENTED_EDGE('',*,*,#332,.T.);
#4004 = ORIENTED_EDGE('',*,*,#4005,.T.);
#4005 = EDGE_CURVE('',#333,#2079,#4006,.T.);
#4006 = LINE('',#4007,#4008);
#4007 = CARTESIAN_POINT('',(154.15,-122.88,-4.6E-02));
#4008 = VECTOR('',#4009,1.);
#4009 = DIRECTION('',(0.,0.,1.));
#4010 = ORIENTED_EDGE('',*,*,#2078,.F.);
#4011 = ORIENTED_EDGE('',*,*,#4005,.F.);
#4012 = CYLINDRICAL_SURFACE('',#4013,1.5);
#4013 = AXIS2_PLACEMENT_3D('',#4014,#4015,#4016);
#4014 = CARTESIAN_POINT('',(154.15,-121.38,-4.6E-02));
#4015 = DIRECTION('',(-0.,-0.,-1.));
#4016 = DIRECTION('',(-0.,-1.,0.));
#4017 = ADVANCED_FACE('',(#4018),#4029,.F.);
#4018 = FACE_BOUND('',#4019,.T.);
#4019 = EDGE_LOOP('',(#4020,#4021,#4027,#4028));
#4020 = ORIENTED_EDGE('',*,*,#343,.T.);
#4021 = ORIENTED_EDGE('',*,*,#4022,.T.);
#4022 = EDGE_CURVE('',#344,#2090,#4023,.T.);
#4023 = LINE('',#4024,#4025);
#4024 = CARTESIAN_POINT('',(150.4,-118.88,-4.6E-02));
#4025 = VECTOR('',#4026,1.);
#4026 = DIRECTION('',(0.,0.,1.));
#4027 = ORIENTED_EDGE('',*,*,#2089,.F.);
#4028 = ORIENTED_EDGE('',*,*,#4022,.F.);
#4029 = CYLINDRICAL_SURFACE('',#4030,2.5);
#4030 = AXIS2_PLACEMENT_3D('',#4031,#4032,#4033);
#4031 = CARTESIAN_POINT('',(150.4,-116.38,-4.6E-02));
#4032 = DIRECTION('',(-0.,-0.,-1.));
#4033 = DIRECTION('',(-0.,-1.,0.));
#4034 = ADVANCED_FACE('',(#4035),#4046,.F.);
#4035 = FACE_BOUND('',#4036,.T.);
#4036 = EDGE_LOOP('',(#4037,#4038,#4044,#4045));
#4037 = ORIENTED_EDGE('',*,*,#354,.T.);
#4038 = ORIENTED_EDGE('',*,*,#4039,.T.);
#4039 = EDGE_CURVE('',#355,#2101,#4040,.T.);
#4040 = LINE('',#4041,#4042);
#4041 = CARTESIAN_POINT('',(156.35,-117.88,-4.6E-02));
#4042 = VECTOR('',#4043,1.);
#4043 = DIRECTION('',(0.,0.,1.));
#4044 = ORIENTED_EDGE('',*,*,#2100,.F.);
#4045 = ORIENTED_EDGE('',*,*,#4039,.F.);
#4046 = CYLINDRICAL_SURFACE('',#4047,1.5);
#4047 = AXIS2_PLACEMENT_3D('',#4048,#4049,#4050);
#4048 = CARTESIAN_POINT('',(156.35,-116.38,-4.6E-02));
#4049 = DIRECTION('',(-0.,-0.,-1.));
#4050 = DIRECTION('',(-0.,-1.,0.));
#4051 = ADVANCED_FACE('',(#4052),#4063,.F.);
#4052 = FACE_BOUND('',#4053,.T.);
#4053 = EDGE_LOOP('',(#4054,#4055,#4061,#4062));
#4054 = ORIENTED_EDGE('',*,*,#365,.T.);
#4055 = ORIENTED_EDGE('',*,*,#4056,.T.);
#4056 = EDGE_CURVE('',#366,#2112,#4057,.T.);
#4057 = LINE('',#4058,#4059);
#4058 = CARTESIAN_POINT('',(95.,-105.95,-4.6E-02));
#4059 = VECTOR('',#4060,1.);
#4060 = DIRECTION('',(0.,0.,1.));
#4061 = ORIENTED_EDGE('',*,*,#2111,.F.);
#4062 = ORIENTED_EDGE('',*,*,#4056,.F.);
#4063 = CYLINDRICAL_SURFACE('',#4064,0.8);
#4064 = AXIS2_PLACEMENT_3D('',#4065,#4066,#4067);
#4065 = CARTESIAN_POINT('',(95.,-105.15,-4.6E-02));
#4066 = DIRECTION('',(-0.,-0.,-1.));
#4067 = DIRECTION('',(-0.,-1.,0.));
#4068 = ADVANCED_FACE('',(#4069),#4080,.F.);
#4069 = FACE_BOUND('',#4070,.T.);
#4070 = EDGE_LOOP('',(#4071,#4072,#4078,#4079));
#4071 = ORIENTED_EDGE('',*,*,#376,.T.);
#4072 = ORIENTED_EDGE('',*,*,#4073,.T.);
#4073 = EDGE_CURVE('',#377,#2123,#4074,.T.);
#4074 = LINE('',#4075,#4076);
#4075 = CARTESIAN_POINT('',(113.,-105.95,-4.6E-02));
#4076 = VECTOR('',#4077,1.);
#4077 = DIRECTION('',(0.,0.,1.));
#4078 = ORIENTED_EDGE('',*,*,#2122,.F.);
#4079 = ORIENTED_EDGE('',*,*,#4073,.F.);
#4080 = CYLINDRICAL_SURFACE('',#4081,0.8);
#4081 = AXIS2_PLACEMENT_3D('',#4082,#4083,#4084);
#4082 = CARTESIAN_POINT('',(113.,-105.15,-4.6E-02));
#4083 = DIRECTION('',(-0.,-0.,-1.));
#4084 = DIRECTION('',(-0.,-1.,0.));
#4085 = ADVANCED_FACE('',(#4086),#4097,.F.);
#4086 = FACE_BOUND('',#4087,.T.);
#4087 = EDGE_LOOP('',(#4088,#4089,#4095,#4096));
#4088 = ORIENTED_EDGE('',*,*,#387,.T.);
#4089 = ORIENTED_EDGE('',*,*,#4090,.T.);
#4090 = EDGE_CURVE('',#388,#2134,#4091,.T.);
#4091 = LINE('',#4092,#4093);
#4092 = CARTESIAN_POINT('',(94.5,-100.95,-4.6E-02));
#4093 = VECTOR('',#4094,1.);
#4094 = DIRECTION('',(0.,0.,1.));
#4095 = ORIENTED_EDGE('',*,*,#2133,.F.);
#4096 = ORIENTED_EDGE('',*,*,#4090,.F.);
#4097 = CYLINDRICAL_SURFACE('',#4098,0.95);
#4098 = AXIS2_PLACEMENT_3D('',#4099,#4100,#4101);
#4099 = CARTESIAN_POINT('',(94.5,-100.,-4.6E-02));
#4100 = DIRECTION('',(-0.,-0.,-1.));
#4101 = DIRECTION('',(-0.,-1.,0.));
#4102 = ADVANCED_FACE('',(#4103),#4114,.F.);
#4103 = FACE_BOUND('',#4104,.T.);
#4104 = EDGE_LOOP('',(#4105,#4106,#4112,#4113));
#4105 = ORIENTED_EDGE('',*,*,#398,.T.);
#4106 = ORIENTED_EDGE('',*,*,#4107,.T.);
#4107 = EDGE_CURVE('',#399,#2145,#4108,.T.);
#4108 = LINE('',#4109,#4110);
#4109 = CARTESIAN_POINT('',(100.,-102.5,-4.6E-02));
#4110 = VECTOR('',#4111,1.);
#4111 = DIRECTION('',(0.,0.,1.));
#4112 = ORIENTED_EDGE('',*,*,#2144,.F.);
#4113 = ORIENTED_EDGE('',*,*,#4107,.F.);
#4114 = CYLINDRICAL_SURFACE('',#4115,2.5);
#4115 = AXIS2_PLACEMENT_3D('',#4116,#4117,#4118);
#4116 = CARTESIAN_POINT('',(100.,-100.,-4.6E-02));
#4117 = DIRECTION('',(-0.,-0.,-1.));
#4118 = DIRECTION('',(-0.,-1.,0.));
#4119 = ADVANCED_FACE('',(#4120),#4131,.F.);
#4120 = FACE_BOUND('',#4121,.T.);
#4121 = EDGE_LOOP('',(#4122,#4123,#4129,#4130));
#4122 = ORIENTED_EDGE('',*,*,#409,.T.);
#4123 = ORIENTED_EDGE('',*,*,#4124,.T.);
#4124 = EDGE_CURVE('',#410,#2156,#4125,.T.);
#4125 = LINE('',#4126,#4127);
#4126 = CARTESIAN_POINT('',(105.5,-100.95,-4.6E-02));
#4127 = VECTOR('',#4128,1.);
#4128 = DIRECTION('',(0.,0.,1.));
#4129 = ORIENTED_EDGE('',*,*,#2155,.F.);
#4130 = ORIENTED_EDGE('',*,*,#4124,.F.);
#4131 = CYLINDRICAL_SURFACE('',#4132,0.95);
#4132 = AXIS2_PLACEMENT_3D('',#4133,#4134,#4135);
#4133 = CARTESIAN_POINT('',(105.5,-100.,-4.6E-02));
#4134 = DIRECTION('',(-0.,-0.,-1.));
#4135 = DIRECTION('',(-0.,-1.,0.));
#4136 = ADVANCED_FACE('',(#4137),#4148,.F.);
#4137 = FACE_BOUND('',#4138,.T.);
#4138 = EDGE_LOOP('',(#4139,#4140,#4146,#4147));
#4139 = ORIENTED_EDGE('',*,*,#420,.T.);
#4140 = ORIENTED_EDGE('',*,*,#4141,.T.);
#4141 = EDGE_CURVE('',#421,#2167,#4142,.T.);
#4142 = LINE('',#4143,#4144);
#4143 = CARTESIAN_POINT('',(100.,-95.55,-4.6E-02));
#4144 = VECTOR('',#4145,1.);
#4145 = DIRECTION('',(0.,0.,1.));
#4146 = ORIENTED_EDGE('',*,*,#2166,.F.);
#4147 = ORIENTED_EDGE('',*,*,#4141,.F.);
#4148 = CYLINDRICAL_SURFACE('',#4149,1.5);
#4149 = AXIS2_PLACEMENT_3D('',#4150,#4151,#4152);
#4150 = CARTESIAN_POINT('',(100.,-94.05,-4.6E-02));
#4151 = DIRECTION('',(-0.,-0.,-1.));
#4152 = DIRECTION('',(-0.,-1.,0.));
#4153 = ADVANCED_FACE('',(#4154),#4165,.F.);
#4154 = FACE_BOUND('',#4155,.T.);
#4155 = EDGE_LOOP('',(#4156,#4157,#4163,#4164));
#4156 = ORIENTED_EDGE('',*,*,#431,.T.);
#4157 = ORIENTED_EDGE('',*,*,#4158,.T.);
#4158 = EDGE_CURVE('',#432,#2178,#4159,.T.);
#4159 = LINE('',#4160,#4161);
#4160 = CARTESIAN_POINT('',(105.,-97.75,-4.6E-02));
#4161 = VECTOR('',#4162,1.);
#4162 = DIRECTION('',(0.,0.,1.));
#4163 = ORIENTED_EDGE('',*,*,#2177,.F.);
#4164 = ORIENTED_EDGE('',*,*,#4158,.F.);
#4165 = CYLINDRICAL_SURFACE('',#4166,1.5);
#4166 = AXIS2_PLACEMENT_3D('',#4167,#4168,#4169);
#4167 = CARTESIAN_POINT('',(105.,-96.25,-4.6E-02));
#4168 = DIRECTION('',(-0.,-0.,-1.));
#4169 = DIRECTION('',(-0.,-1.,0.));
#4170 = ADVANCED_FACE('',(#4171),#4182,.F.);
#4171 = FACE_BOUND('',#4172,.T.);
#4172 = EDGE_LOOP('',(#4173,#4174,#4180,#4181));
#4173 = ORIENTED_EDGE('',*,*,#442,.T.);
#4174 = ORIENTED_EDGE('',*,*,#4175,.T.);
#4175 = EDGE_CURVE('',#443,#2189,#4176,.T.);
#4176 = LINE('',#4177,#4178);
#4177 = CARTESIAN_POINT('',(112.5,-100.95,-4.6E-02));
#4178 = VECTOR('',#4179,1.);
#4179 = DIRECTION('',(0.,0.,1.));
#4180 = ORIENTED_EDGE('',*,*,#2188,.F.);
#4181 = ORIENTED_EDGE('',*,*,#4175,.F.);
#4182 = CYLINDRICAL_SURFACE('',#4183,0.95);
#4183 = AXIS2_PLACEMENT_3D('',#4184,#4185,#4186);
#4184 = CARTESIAN_POINT('',(112.5,-100.,-4.6E-02));
#4185 = DIRECTION('',(-0.,-0.,-1.));
#4186 = DIRECTION('',(-0.,-1.,0.));
#4187 = ADVANCED_FACE('',(#4188),#4199,.F.);
#4188 = FACE_BOUND('',#4189,.T.);
#4189 = EDGE_LOOP('',(#4190,#4191,#4197,#4198));
#4190 = ORIENTED_EDGE('',*,*,#453,.T.);
#4191 = ORIENTED_EDGE('',*,*,#4192,.T.);
#4192 = EDGE_CURVE('',#454,#2200,#4193,.T.);
#4193 = LINE('',#4194,#4195);
#4194 = CARTESIAN_POINT('',(118.,-102.5,-4.6E-02));
#4195 = VECTOR('',#4196,1.);
#4196 = DIRECTION('',(0.,0.,1.));
#4197 = ORIENTED_EDGE('',*,*,#2199,.F.);
#4198 = ORIENTED_EDGE('',*,*,#4192,.F.);
#4199 = CYLINDRICAL_SURFACE('',#4200,2.5);
#4200 = AXIS2_PLACEMENT_3D('',#4201,#4202,#4203);
#4201 = CARTESIAN_POINT('',(118.,-100.,-4.6E-02));
#4202 = DIRECTION('',(-0.,-0.,-1.));
#4203 = DIRECTION('',(-0.,-1.,0.));
#4204 = ADVANCED_FACE('',(#4205),#4216,.F.);
#4205 = FACE_BOUND('',#4206,.T.);
#4206 = EDGE_LOOP('',(#4207,#4208,#4214,#4215));
#4207 = ORIENTED_EDGE('',*,*,#464,.T.);
#4208 = ORIENTED_EDGE('',*,*,#4209,.T.);
#4209 = EDGE_CURVE('',#465,#2211,#4210,.T.);
#4210 = LINE('',#4211,#4212);
#4211 = CARTESIAN_POINT('',(123.5,-100.95,-4.6E-02));
#4212 = VECTOR('',#4213,1.);
#4213 = DIRECTION('',(0.,0.,1.));
#4214 = ORIENTED_EDGE('',*,*,#2210,.F.);
#4215 = ORIENTED_EDGE('',*,*,#4209,.F.);
#4216 = CYLINDRICAL_SURFACE('',#4217,0.95);
#4217 = AXIS2_PLACEMENT_3D('',#4218,#4219,#4220);
#4218 = CARTESIAN_POINT('',(123.5,-100.,-4.6E-02));
#4219 = DIRECTION('',(-0.,-0.,-1.));
#4220 = DIRECTION('',(-0.,-1.,0.));
#4221 = ADVANCED_FACE('',(#4222),#4233,.F.);
#4222 = FACE_BOUND('',#4223,.T.);
#4223 = EDGE_LOOP('',(#4224,#4225,#4231,#4232));
#4224 = ORIENTED_EDGE('',*,*,#475,.T.);
#4225 = ORIENTED_EDGE('',*,*,#4226,.T.);
#4226 = EDGE_CURVE('',#476,#2222,#4227,.T.);
#4227 = LINE('',#4228,#4229);
#4228 = CARTESIAN_POINT('',(123.,-97.75,-4.6E-02));
#4229 = VECTOR('',#4230,1.);
#4230 = DIRECTION('',(0.,0.,1.));
#4231 = ORIENTED_EDGE('',*,*,#2221,.F.);
#4232 = ORIENTED_EDGE('',*,*,#4226,.F.);
#4233 = CYLINDRICAL_SURFACE('',#4234,1.5);
#4234 = AXIS2_PLACEMENT_3D('',#4235,#4236,#4237);
#4235 = CARTESIAN_POINT('',(123.,-96.25,-4.6E-02));
#4236 = DIRECTION('',(-0.,-0.,-1.));
#4237 = DIRECTION('',(-0.,-1.,0.));
#4238 = ADVANCED_FACE('',(#4239),#4250,.F.);
#4239 = FACE_BOUND('',#4240,.T.);
#4240 = EDGE_LOOP('',(#4241,#4242,#4248,#4249));
#4241 = ORIENTED_EDGE('',*,*,#486,.T.);
#4242 = ORIENTED_EDGE('',*,*,#4243,.T.);
#4243 = EDGE_CURVE('',#487,#2233,#4244,.T.);
#4244 = LINE('',#4245,#4246);
#4245 = CARTESIAN_POINT('',(118.,-95.55,-4.6E-02));
#4246 = VECTOR('',#4247,1.);
#4247 = DIRECTION('',(0.,0.,1.));
#4248 = ORIENTED_EDGE('',*,*,#2232,.F.);
#4249 = ORIENTED_EDGE('',*,*,#4243,.F.);
#4250 = CYLINDRICAL_SURFACE('',#4251,1.5);
#4251 = AXIS2_PLACEMENT_3D('',#4252,#4253,#4254);
#4252 = CARTESIAN_POINT('',(118.,-94.05,-4.6E-02));
#4253 = DIRECTION('',(-0.,-0.,-1.));
#4254 = DIRECTION('',(-0.,-1.,0.));
#4255 = ADVANCED_FACE('',(#4256),#4267,.F.);
#4256 = FACE_BOUND('',#4257,.T.);
#4257 = EDGE_LOOP('',(#4258,#4259,#4265,#4266));
#4258 = ORIENTED_EDGE('',*,*,#497,.T.);
#4259 = ORIENTED_EDGE('',*,*,#4260,.T.);
#4260 = EDGE_CURVE('',#498,#2244,#4261,.T.);
#4261 = LINE('',#4262,#4263);
#4262 = CARTESIAN_POINT('',(145.25,-112.18,-4.6E-02));
#4263 = VECTOR('',#4264,1.);
#4264 = DIRECTION('',(0.,0.,1.));
#4265 = ORIENTED_EDGE('',*,*,#2243,.F.);
#4266 = ORIENTED_EDGE('',*,*,#4260,.F.);
#4267 = CYLINDRICAL_SURFACE('',#4268,0.8);
#4268 = AXIS2_PLACEMENT_3D('',#4269,#4270,#4271);
#4269 = CARTESIAN_POINT('',(145.25,-111.38,-4.6E-02));
#4270 = DIRECTION('',(-0.,-0.,-1.));
#4271 = DIRECTION('',(-0.,-1.,0.));
#4272 = ADVANCED_FACE('',(#4273),#4284,.F.);
#4273 = FACE_BOUND('',#4274,.T.);
#4274 = EDGE_LOOP('',(#4275,#4276,#4282,#4283));
#4275 = ORIENTED_EDGE('',*,*,#508,.T.);
#4276 = ORIENTED_EDGE('',*,*,#4277,.T.);
#4277 = EDGE_CURVE('',#509,#2255,#4278,.T.);
#4278 = LINE('',#4279,#4280);
#4279 = CARTESIAN_POINT('',(150.4,-111.83,-4.6E-02));
#4280 = VECTOR('',#4281,1.);
#4281 = DIRECTION('',(0.,0.,1.));
#4282 = ORIENTED_EDGE('',*,*,#2254,.F.);
#4283 = ORIENTED_EDGE('',*,*,#4277,.F.);
#4284 = CYLINDRICAL_SURFACE('',#4285,0.95);
#4285 = AXIS2_PLACEMENT_3D('',#4286,#4287,#4288);
#4286 = CARTESIAN_POINT('',(150.4,-110.88,-4.6E-02));
#4287 = DIRECTION('',(-0.,0.,-1.));
#4288 = DIRECTION('',(2.991758887411E-14,-1.,-0.));
#4289 = ADVANCED_FACE('',(#4290),#4301,.F.);
#4290 = FACE_BOUND('',#4291,.T.);
#4291 = EDGE_LOOP('',(#4292,#4293,#4299,#4300));
#4292 = ORIENTED_EDGE('',*,*,#519,.T.);
#4293 = ORIENTED_EDGE('',*,*,#4294,.T.);
#4294 = EDGE_CURVE('',#520,#2266,#4295,.T.);
#4295 = LINE('',#4296,#4297);
#4296 = CARTESIAN_POINT('',(154.,-105.24,-4.6E-02));
#4297 = VECTOR('',#4298,1.);
#4298 = DIRECTION('',(0.,0.,1.));
#4299 = ORIENTED_EDGE('',*,*,#2265,.F.);
#4300 = ORIENTED_EDGE('',*,*,#4294,.F.);
#4301 = CYLINDRICAL_SURFACE('',#4302,1.1);
#4302 = AXIS2_PLACEMENT_3D('',#4303,#4304,#4305);
#4303 = CARTESIAN_POINT('',(154.,-104.14,-4.6E-02));
#4304 = DIRECTION('',(-0.,-0.,-1.));
#4305 = DIRECTION('',(-0.,-1.,0.));
#4306 = ADVANCED_FACE('',(#4307),#4318,.F.);
#4307 = FACE_BOUND('',#4308,.T.);
#4308 = EDGE_LOOP('',(#4309,#4310,#4316,#4317));
#4309 = ORIENTED_EDGE('',*,*,#530,.T.);
#4310 = ORIENTED_EDGE('',*,*,#4311,.T.);
#4311 = EDGE_CURVE('',#531,#2277,#4312,.T.);
#4312 = LINE('',#4313,#4314);
#4313 = CARTESIAN_POINT('',(131.,-99.65,-4.6E-02));
#4314 = VECTOR('',#4315,1.);
#4315 = DIRECTION('',(0.,0.,1.));
#4316 = ORIENTED_EDGE('',*,*,#2276,.F.);
#4317 = ORIENTED_EDGE('',*,*,#4311,.F.);
#4318 = CYLINDRICAL_SURFACE('',#4319,0.8);
#4319 = AXIS2_PLACEMENT_3D('',#4320,#4321,#4322);
#4320 = CARTESIAN_POINT('',(131.,-98.85,-4.6E-02));
#4321 = DIRECTION('',(-0.,-0.,-1.));
#4322 = DIRECTION('',(-0.,-1.,0.));
#4323 = ADVANCED_FACE('',(#4324),#4335,.F.);
#4324 = FACE_BOUND('',#4325,.T.);
#4325 = EDGE_LOOP('',(#4326,#4327,#4333,#4334));
#4326 = ORIENTED_EDGE('',*,*,#541,.T.);
#4327 = ORIENTED_EDGE('',*,*,#4328,.T.);
#4328 = EDGE_CURVE('',#542,#2288,#4329,.T.);
#4329 = LINE('',#4330,#4331);
#4330 = CARTESIAN_POINT('',(130.5,-94.65,-4.6E-02));
#4331 = VECTOR('',#4332,1.);
#4332 = DIRECTION('',(0.,0.,1.));
#4333 = ORIENTED_EDGE('',*,*,#2287,.F.);
#4334 = ORIENTED_EDGE('',*,*,#4328,.F.);
#4335 = CYLINDRICAL_SURFACE('',#4336,0.95);
#4336 = AXIS2_PLACEMENT_3D('',#4337,#4338,#4339);
#4337 = CARTESIAN_POINT('',(130.5,-93.7,-4.6E-02));
#4338 = DIRECTION('',(-0.,-0.,-1.));
#4339 = DIRECTION('',(-0.,-1.,0.));
#4340 = ADVANCED_FACE('',(#4341),#4352,.F.);
#4341 = FACE_BOUND('',#4342,.T.);
#4342 = EDGE_LOOP('',(#4343,#4344,#4350,#4351));
#4343 = ORIENTED_EDGE('',*,*,#552,.T.);
#4344 = ORIENTED_EDGE('',*,*,#4345,.T.);
#4345 = EDGE_CURVE('',#553,#2299,#4346,.T.);
#4346 = LINE('',#4347,#4348);
#4347 = CARTESIAN_POINT('',(136.,-96.2,-4.6E-02));
#4348 = VECTOR('',#4349,1.);
#4349 = DIRECTION('',(0.,0.,1.));
#4350 = ORIENTED_EDGE('',*,*,#2298,.F.);
#4351 = ORIENTED_EDGE('',*,*,#4345,.F.);
#4352 = CYLINDRICAL_SURFACE('',#4353,2.5);
#4353 = AXIS2_PLACEMENT_3D('',#4354,#4355,#4356);
#4354 = CARTESIAN_POINT('',(136.,-93.7,-4.6E-02));
#4355 = DIRECTION('',(-0.,-0.,-1.));
#4356 = DIRECTION('',(-0.,-1.,0.));
#4357 = ADVANCED_FACE('',(#4358),#4369,.F.);
#4358 = FACE_BOUND('',#4359,.T.);
#4359 = EDGE_LOOP('',(#4360,#4361,#4367,#4368));
#4360 = ORIENTED_EDGE('',*,*,#563,.T.);
#4361 = ORIENTED_EDGE('',*,*,#4362,.T.);
#4362 = EDGE_CURVE('',#564,#2310,#4363,.T.);
#4363 = LINE('',#4364,#4365);
#4364 = CARTESIAN_POINT('',(149.,-97.13,-4.6E-02));
#4365 = VECTOR('',#4366,1.);
#4366 = DIRECTION('',(0.,0.,1.));
#4367 = ORIENTED_EDGE('',*,*,#2309,.F.);
#4368 = ORIENTED_EDGE('',*,*,#4362,.F.);
#4369 = CYLINDRICAL_SURFACE('',#4370,0.8);
#4370 = AXIS2_PLACEMENT_3D('',#4371,#4372,#4373);
#4371 = CARTESIAN_POINT('',(149.,-96.33,-4.6E-02));
#4372 = DIRECTION('',(-0.,-0.,-1.));
#4373 = DIRECTION('',(-0.,-1.,0.));
#4374 = ADVANCED_FACE('',(#4375),#4386,.F.);
#4375 = FACE_BOUND('',#4376,.T.);
#4376 = EDGE_LOOP('',(#4377,#4378,#4384,#4385));
#4377 = ORIENTED_EDGE('',*,*,#574,.T.);
#4378 = ORIENTED_EDGE('',*,*,#4379,.T.);
#4379 = EDGE_CURVE('',#575,#2321,#4380,.T.);
#4380 = LINE('',#4381,#4382);
#4381 = CARTESIAN_POINT('',(141.5,-94.65,-4.6E-02));
#4382 = VECTOR('',#4383,1.);
#4383 = DIRECTION('',(0.,0.,1.));
#4384 = ORIENTED_EDGE('',*,*,#2320,.F.);
#4385 = ORIENTED_EDGE('',*,*,#4379,.F.);
#4386 = CYLINDRICAL_SURFACE('',#4387,0.95);
#4387 = AXIS2_PLACEMENT_3D('',#4388,#4389,#4390);
#4388 = CARTESIAN_POINT('',(141.5,-93.7,-4.6E-02));
#4389 = DIRECTION('',(-0.,-0.,-1.));
#4390 = DIRECTION('',(-0.,-1.,0.));
#4391 = ADVANCED_FACE('',(#4392),#4403,.F.);
#4392 = FACE_BOUND('',#4393,.T.);
#4393 = EDGE_LOOP('',(#4394,#4395,#4401,#4402));
#4394 = ORIENTED_EDGE('',*,*,#585,.T.);
#4395 = ORIENTED_EDGE('',*,*,#4396,.T.);
#4396 = EDGE_CURVE('',#586,#2332,#4397,.T.);
#4397 = LINE('',#4398,#4399);
#4398 = CARTESIAN_POINT('',(187.473195,-128.040339,-4.6E-02));
#4399 = VECTOR('',#4400,1.);
#4400 = DIRECTION('',(0.,0.,1.));
#4401 = ORIENTED_EDGE('',*,*,#2331,.F.);
#4402 = ORIENTED_EDGE('',*,*,#4396,.F.);
#4403 = CYLINDRICAL_SURFACE('',#4404,0.95);
#4404 = AXIS2_PLACEMENT_3D('',#4405,#4406,#4407);
#4405 = CARTESIAN_POINT('',(187.473195,-127.090339,-4.6E-02));
#4406 = DIRECTION('',(-0.,0.,-1.));
#4407 = DIRECTION('',(2.991758887411E-14,-1.,-0.));
#4408 = ADVANCED_FACE('',(#4409),#4420,.F.);
#4409 = FACE_BOUND('',#4410,.T.);
#4410 = EDGE_LOOP('',(#4411,#4412,#4418,#4419));
#4411 = ORIENTED_EDGE('',*,*,#596,.T.);
#4412 = ORIENTED_EDGE('',*,*,#4413,.T.);
#4413 = EDGE_CURVE('',#597,#2343,#4414,.T.);
#4414 = LINE('',#4415,#4416);
#4415 = CARTESIAN_POINT('',(169.118748,-124.138974,-4.6E-02));
#4416 = VECTOR('',#4417,1.);
#4417 = DIRECTION('',(0.,0.,1.));
#4418 = ORIENTED_EDGE('',*,*,#2342,.F.);
#4419 = ORIENTED_EDGE('',*,*,#4413,.F.);
#4420 = CYLINDRICAL_SURFACE('',#4421,0.95);
#4421 = AXIS2_PLACEMENT_3D('',#4422,#4423,#4424);
#4422 = CARTESIAN_POINT('',(169.118748,-123.188974,-4.6E-02));
#4423 = DIRECTION('',(-0.,0.,-1.));
#4424 = DIRECTION('',(2.991758887411E-14,-1.,-0.));
#4425 = ADVANCED_FACE('',(#4426),#4437,.F.);
#4426 = FACE_BOUND('',#4427,.T.);
#4427 = EDGE_LOOP('',(#4428,#4429,#4435,#4436));
#4428 = ORIENTED_EDGE('',*,*,#607,.T.);
#4429 = ORIENTED_EDGE('',*,*,#4430,.T.);
#4430 = EDGE_CURVE('',#608,#2354,#4431,.T.);
#4431 = LINE('',#4432,#4433);
#4432 = CARTESIAN_POINT('',(169.8842,-120.2425,-4.6E-02));
#4433 = VECTOR('',#4434,1.);
#4434 = DIRECTION('',(0.,0.,1.));
#4435 = ORIENTED_EDGE('',*,*,#2353,.F.);
#4436 = ORIENTED_EDGE('',*,*,#4430,.F.);
#4437 = CYLINDRICAL_SURFACE('',#4438,2.5);
#4438 = AXIS2_PLACEMENT_3D('',#4439,#4440,#4441);
#4439 = CARTESIAN_POINT('',(169.8842,-117.7425,-4.6E-02));
#4440 = DIRECTION('',(-0.,-0.,-1.));
#4441 = DIRECTION('',(-0.,-1.,0.));
#4442 = ADVANCED_FACE('',(#4443),#4454,.F.);
#4443 = FACE_BOUND('',#4444,.T.);
#4444 = EDGE_LOOP('',(#4445,#4446,#4452,#4453));
#4445 = ORIENTED_EDGE('',*,*,#618,.T.);
#4446 = ORIENTED_EDGE('',*,*,#4447,.T.);
#4447 = EDGE_CURVE('',#619,#2365,#4448,.T.);
#4448 = LINE('',#4449,#4450);
#4449 = CARTESIAN_POINT('',(172.90184,-124.715738,-4.6E-02));
#4450 = VECTOR('',#4451,1.);
#4451 = DIRECTION('',(0.,0.,1.));
#4452 = ORIENTED_EDGE('',*,*,#2364,.F.);
#4453 = ORIENTED_EDGE('',*,*,#4447,.F.);
#4454 = CYLINDRICAL_SURFACE('',#4455,1.5);
#4455 = AXIS2_PLACEMENT_3D('',#4456,#4457,#4458);
#4456 = CARTESIAN_POINT('',(172.90184,-123.215738,-4.6E-02));
#4457 = DIRECTION('',(-0.,-0.,-1.));
#4458 = DIRECTION('',(-0.,-1.,0.));
#4459 = ADVANCED_FACE('',(#4460),#4471,.F.);
#4460 = FACE_BOUND('',#4461,.T.);
#4461 = EDGE_LOOP('',(#4462,#4463,#4469,#4470));
#4462 = ORIENTED_EDGE('',*,*,#629,.T.);
#4463 = ORIENTED_EDGE('',*,*,#4464,.T.);
#4464 = EDGE_CURVE('',#630,#2376,#4465,.T.);
#4465 = LINE('',#4466,#4467);
#4466 = CARTESIAN_POINT('',(175.776295,-120.07058,-4.6E-02));
#4467 = VECTOR('',#4468,1.);
#4468 = DIRECTION('',(0.,0.,1.));
#4469 = ORIENTED_EDGE('',*,*,#2375,.F.);
#4470 = ORIENTED_EDGE('',*,*,#4464,.F.);
#4471 = CYLINDRICAL_SURFACE('',#4472,1.5);
#4472 = AXIS2_PLACEMENT_3D('',#4473,#4474,#4475);
#4473 = CARTESIAN_POINT('',(175.776295,-118.57058,-4.6E-02));
#4474 = DIRECTION('',(-0.,-0.,-1.));
#4475 = DIRECTION('',(-0.,-1.,0.));
#4476 = ADVANCED_FACE('',(#4477),#4488,.F.);
#4477 = FACE_BOUND('',#4478,.T.);
#4478 = EDGE_LOOP('',(#4479,#4480,#4486,#4487));
#4479 = ORIENTED_EDGE('',*,*,#640,.T.);
#4480 = ORIENTED_EDGE('',*,*,#4481,.T.);
#4481 = EDGE_CURVE('',#641,#2387,#4482,.T.);
#4482 = LINE('',#4483,#4484);
#4483 = CARTESIAN_POINT('',(185.416889,-116.377559,-4.6E-02));
#4484 = VECTOR('',#4485,1.);
#4485 = DIRECTION('',(0.,0.,1.));
#4486 = ORIENTED_EDGE('',*,*,#2386,.F.);
#4487 = ORIENTED_EDGE('',*,*,#4481,.F.);
#4488 = CYLINDRICAL_SURFACE('',#4489,0.8);
#4489 = AXIS2_PLACEMENT_3D('',#4490,#4491,#4492);
#4490 = CARTESIAN_POINT('',(185.416889,-115.577559,-4.6E-02));
#4491 = DIRECTION('',(-0.,-0.,-1.));
#4492 = DIRECTION('',(-0.,-1.,0.));
#4493 = ADVANCED_FACE('',(#4494),#4505,.F.);
#4494 = FACE_BOUND('',#4495,.T.);
#4495 = EDGE_LOOP('',(#4496,#4497,#4503,#4504));
#4496 = ORIENTED_EDGE('',*,*,#651,.T.);
#4497 = ORIENTED_EDGE('',*,*,#4498,.T.);
#4498 = EDGE_CURVE('',#652,#2398,#4499,.T.);
#4499 = LINE('',#4500,#4501);
#4500 = CARTESIAN_POINT('',(191.215746,-129.143349,-4.6E-02));
#4501 = VECTOR('',#4502,1.);
#4502 = DIRECTION('',(0.,0.,1.));
#4503 = ORIENTED_EDGE('',*,*,#2397,.F.);
#4504 = ORIENTED_EDGE('',*,*,#4498,.F.);
#4505 = CYLINDRICAL_SURFACE('',#4506,1.5);
#4506 = AXIS2_PLACEMENT_3D('',#4507,#4508,#4509);
#4507 = CARTESIAN_POINT('',(191.215746,-127.643349,-4.6E-02));
#4508 = DIRECTION('',(-0.,-0.,-1.));
#4509 = DIRECTION('',(-0.,-1.,0.));
#4510 = ADVANCED_FACE('',(#4511),#4522,.F.);
#4511 = FACE_BOUND('',#4512,.T.);
#4512 = EDGE_LOOP('',(#4513,#4514,#4520,#4521));
#4513 = ORIENTED_EDGE('',*,*,#662,.T.);
#4514 = ORIENTED_EDGE('',*,*,#4515,.T.);
#4515 = EDGE_CURVE('',#663,#2409,#4516,.T.);
#4516 = LINE('',#4517,#4518);
#4517 = CARTESIAN_POINT('',(205.106048,-134.4581,-4.6E-02));
#4518 = VECTOR('',#4519,1.);
#4519 = DIRECTION('',(0.,0.,1.));
#4520 = ORIENTED_EDGE('',*,*,#2408,.F.);
#4521 = ORIENTED_EDGE('',*,*,#4515,.F.);
#4522 = CYLINDRICAL_SURFACE('',#4523,0.95);
#4523 = AXIS2_PLACEMENT_3D('',#4524,#4525,#4526);
#4524 = CARTESIAN_POINT('',(205.106048,-133.5081,-4.6E-02));
#4525 = DIRECTION('',(-0.,-0.,-1.));
#4526 = DIRECTION('',(-0.,-1.,0.));
#4527 = ADVANCED_FACE('',(#4528),#4539,.F.);
#4528 = FACE_BOUND('',#4529,.T.);
#4529 = EDGE_LOOP('',(#4530,#4531,#4537,#4538));
#4530 = ORIENTED_EDGE('',*,*,#673,.T.);
#4531 = ORIENTED_EDGE('',*,*,#4532,.T.);
#4532 = EDGE_CURVE('',#674,#2420,#4533,.T.);
#4533 = LINE('',#4534,#4535);
#4534 = CARTESIAN_POINT('',(208.735212,-136.07659,-4.6E-02));
#4535 = VECTOR('',#4536,1.);
#4536 = DIRECTION('',(0.,0.,1.));
#4537 = ORIENTED_EDGE('',*,*,#2419,.F.);
#4538 = ORIENTED_EDGE('',*,*,#4532,.F.);
#4539 = CYLINDRICAL_SURFACE('',#4540,1.5);
#4540 = AXIS2_PLACEMENT_3D('',#4541,#4542,#4543);
#4541 = CARTESIAN_POINT('',(208.735212,-134.57659,-4.6E-02));
#4542 = DIRECTION('',(-0.,-0.,-1.));
#4543 = DIRECTION('',(-0.,-1.,0.));
#4544 = ADVANCED_FACE('',(#4545),#4556,.F.);
#4545 = FACE_BOUND('',#4546,.T.);
#4546 = EDGE_LOOP('',(#4547,#4548,#4554,#4555));
#4547 = ORIENTED_EDGE('',*,*,#684,.T.);
#4548 = ORIENTED_EDGE('',*,*,#4549,.T.);
#4549 = EDGE_CURVE('',#685,#2431,#4550,.T.);
#4550 = LINE('',#4551,#4552);
#4551 = CARTESIAN_POINT('',(212.778695,-132.403683,-4.6E-02));
#4552 = VECTOR('',#4553,1.);
#4553 = DIRECTION('',(0.,0.,1.));
#4554 = ORIENTED_EDGE('',*,*,#2430,.F.);
#4555 = ORIENTED_EDGE('',*,*,#4549,.F.);
#4556 = CYLINDRICAL_SURFACE('',#4557,1.5);
#4557 = AXIS2_PLACEMENT_3D('',#4558,#4559,#4560);
#4558 = CARTESIAN_POINT('',(212.778695,-130.903683,-4.6E-02));
#4559 = DIRECTION('',(-0.,-0.,-1.));
#4560 = DIRECTION('',(-0.,-1.,0.));
#4561 = ADVANCED_FACE('',(#4562),#4573,.F.);
#4562 = FACE_BOUND('',#4563,.T.);
#4563 = EDGE_LOOP('',(#4564,#4565,#4571,#4572));
#4564 = ORIENTED_EDGE('',*,*,#695,.T.);
#4565 = ORIENTED_EDGE('',*,*,#4566,.T.);
#4566 = EDGE_CURVE('',#696,#2442,#4567,.T.);
#4567 = LINE('',#4568,#4569);
#4568 = CARTESIAN_POINT('',(207.3431,-130.9836,-4.6E-02));
#4569 = VECTOR('',#4570,1.);
#4570 = DIRECTION('',(0.,0.,1.));
#4571 = ORIENTED_EDGE('',*,*,#2441,.F.);
#4572 = ORIENTED_EDGE('',*,*,#4566,.F.);
#4573 = CYLINDRICAL_SURFACE('',#4574,2.5);
#4574 = AXIS2_PLACEMENT_3D('',#4575,#4576,#4577);
#4575 = CARTESIAN_POINT('',(207.3431,-128.4836,-4.6E-02));
#4576 = DIRECTION('',(-0.,-0.,-1.));
#4577 = DIRECTION('',(-0.,-1.,0.));
#4578 = ADVANCED_FACE('',(#4579),#4590,.F.);
#4579 = FACE_BOUND('',#4580,.T.);
#4580 = EDGE_LOOP('',(#4581,#4582,#4588,#4589));
#4581 = ORIENTED_EDGE('',*,*,#706,.T.);
#4582 = ORIENTED_EDGE('',*,*,#4583,.T.);
#4583 = EDGE_CURVE('',#707,#2453,#4584,.T.);
#4584 = LINE('',#4585,#4586);
#4585 = CARTESIAN_POINT('',(194.708707,-124.943442,-4.6E-02));
#4586 = VECTOR('',#4587,1.);
#4587 = DIRECTION('',(0.,0.,1.));
#4588 = ORIENTED_EDGE('',*,*,#2452,.F.);
#4589 = ORIENTED_EDGE('',*,*,#4583,.F.);
#4590 = CYLINDRICAL_SURFACE('',#4591,1.5);
#4591 = AXIS2_PLACEMENT_3D('',#4592,#4593,#4594);
#4592 = CARTESIAN_POINT('',(194.708707,-123.443442,-4.6E-02));
#4593 = DIRECTION('',(-0.,-0.,-1.));
#4594 = DIRECTION('',(-0.,-1.,0.));
#4595 = ADVANCED_FACE('',(#4596),#4607,.F.);
#4596 = FACE_BOUND('',#4597,.T.);
#4597 = EDGE_LOOP('',(#4598,#4599,#4605,#4606));
#4598 = ORIENTED_EDGE('',*,*,#717,.T.);
#4599 = ORIENTED_EDGE('',*,*,#4600,.T.);
#4600 = EDGE_CURVE('',#718,#2464,#4601,.T.);
#4601 = LINE('',#4602,#4603);
#4602 = CARTESIAN_POINT('',(188.9892,-124.3034,-4.6E-02));
#4603 = VECTOR('',#4604,1.);
#4604 = DIRECTION('',(0.,0.,1.));
#4605 = ORIENTED_EDGE('',*,*,#2463,.F.);
#4606 = ORIENTED_EDGE('',*,*,#4600,.F.);
#4607 = CYLINDRICAL_SURFACE('',#4608,2.5);
#4608 = AXIS2_PLACEMENT_3D('',#4609,#4610,#4611);
#4609 = CARTESIAN_POINT('',(188.9892,-121.8034,-4.6E-02));
#4610 = DIRECTION('',(-0.,-0.,-1.));
#4611 = DIRECTION('',(-0.,-1.,0.));
#4612 = ADVANCED_FACE('',(#4613),#4624,.F.);
#4613 = FACE_BOUND('',#4614,.T.);
#4614 = EDGE_LOOP('',(#4615,#4616,#4622,#4623));
#4615 = ORIENTED_EDGE('',*,*,#728,.T.);
#4616 = ORIENTED_EDGE('',*,*,#4617,.T.);
#4617 = EDGE_CURVE('',#729,#2475,#4618,.T.);
#4618 = LINE('',#4619,#4620);
#4619 = CARTESIAN_POINT('',(190.505205,-117.466461,-4.6E-02));
#4620 = VECTOR('',#4621,1.);
#4621 = DIRECTION('',(0.,0.,1.));
#4622 = ORIENTED_EDGE('',*,*,#2474,.F.);
#4623 = ORIENTED_EDGE('',*,*,#4617,.F.);
#4624 = CYLINDRICAL_SURFACE('',#4625,0.95);
#4625 = AXIS2_PLACEMENT_3D('',#4626,#4627,#4628);
#4626 = CARTESIAN_POINT('',(190.505205,-116.516461,-4.6E-02));
#4627 = DIRECTION('',(-0.,-0.,-1.));
#4628 = DIRECTION('',(-0.,-1.,0.));
#4629 = ADVANCED_FACE('',(#4630),#4641,.F.);
#4630 = FACE_BOUND('',#4631,.T.);
#4631 = EDGE_LOOP('',(#4632,#4633,#4639,#4640));
#4632 = ORIENTED_EDGE('',*,*,#739,.T.);
#4633 = ORIENTED_EDGE('',*,*,#4634,.T.);
#4634 = EDGE_CURVE('',#740,#2486,#4635,.T.);
#4635 = LINE('',#4636,#4637);
#4636 = CARTESIAN_POINT('',(209.580152,-124.4091,-4.6E-02));
#4637 = VECTOR('',#4638,1.);
#4638 = DIRECTION('',(0.,0.,1.));
#4639 = ORIENTED_EDGE('',*,*,#2485,.F.);
#4640 = ORIENTED_EDGE('',*,*,#4634,.F.);
#4641 = CYLINDRICAL_SURFACE('',#4642,0.95);
#4642 = AXIS2_PLACEMENT_3D('',#4643,#4644,#4645);
#4643 = CARTESIAN_POINT('',(209.580152,-123.4591,-4.6E-02));
#4644 = DIRECTION('',(-0.,-0.,-1.));
#4645 = DIRECTION('',(-0.,-1.,0.));
#4646 = ADVANCED_FACE('',(#4647),#4658,.F.);
#4647 = FACE_BOUND('',#4648,.T.);
#4648 = EDGE_LOOP('',(#4649,#4650,#4656,#4657));
#4649 = ORIENTED_EDGE('',*,*,#750,.T.);
#4650 = ORIENTED_EDGE('',*,*,#4651,.T.);
#4651 = EDGE_CURVE('',#751,#2497,#4652,.T.);
#4652 = LINE('',#4653,#4654);
#4653 = CARTESIAN_POINT('',(204.672024,-122.621179,-4.6E-02));
#4654 = VECTOR('',#4655,1.);
#4655 = DIRECTION('',(0.,0.,1.));
#4656 = ORIENTED_EDGE('',*,*,#2496,.F.);
#4657 = ORIENTED_EDGE('',*,*,#4651,.F.);
#4658 = CYLINDRICAL_SURFACE('',#4659,0.8);
#4659 = AXIS2_PLACEMENT_3D('',#4660,#4661,#4662);
#4660 = CARTESIAN_POINT('',(204.672024,-121.821179,-4.6E-02));
#4661 = DIRECTION('',(-0.,-0.,-1.));
#4662 = DIRECTION('',(-3.552713678801E-14,-1.,0.));
#4663 = ADVANCED_FACE('',(#4664),#4675,.F.);
#4664 = FACE_BOUND('',#4665,.T.);
#4665 = EDGE_LOOP('',(#4666,#4667,#4673,#4674));
#4666 = ORIENTED_EDGE('',*,*,#761,.T.);
#4667 = ORIENTED_EDGE('',*,*,#4668,.T.);
#4668 = EDGE_CURVE('',#762,#2508,#4669,.T.);
#4669 = LINE('',#4670,#4671);
#4670 = CARTESIAN_POINT('',(165.480185,-112.874418,-4.6E-02));
#4671 = VECTOR('',#4672,1.);
#4672 = DIRECTION('',(0.,0.,1.));
#4673 = ORIENTED_EDGE('',*,*,#2507,.F.);
#4674 = ORIENTED_EDGE('',*,*,#4668,.F.);
#4675 = CYLINDRICAL_SURFACE('',#4676,0.8);
#4676 = AXIS2_PLACEMENT_3D('',#4677,#4678,#4679);
#4677 = CARTESIAN_POINT('',(165.480185,-112.074418,-4.6E-02));
#4678 = DIRECTION('',(-0.,-0.,-1.));
#4679 = DIRECTION('',(-0.,-1.,0.));
#4680 = ADVANCED_FACE('',(#4681),#4692,.F.);
#4681 = FACE_BOUND('',#4682,.T.);
#4682 = EDGE_LOOP('',(#4683,#4684,#4690,#4691));
#4683 = ORIENTED_EDGE('',*,*,#772,.T.);
#4684 = ORIENTED_EDGE('',*,*,#4685,.T.);
#4685 = EDGE_CURVE('',#773,#2519,#4686,.T.);
#4686 = LINE('',#4687,#4688);
#4687 = CARTESIAN_POINT('',(170.649652,-113.246026,-4.6E-02));
#4688 = VECTOR('',#4689,1.);
#4689 = DIRECTION('',(0.,0.,1.));
#4690 = ORIENTED_EDGE('',*,*,#2518,.F.);
#4691 = ORIENTED_EDGE('',*,*,#4685,.F.);
#4692 = CYLINDRICAL_SURFACE('',#4693,0.95);
#4693 = AXIS2_PLACEMENT_3D('',#4694,#4695,#4696);
#4694 = CARTESIAN_POINT('',(170.649652,-112.296026,-4.6E-02));
#4695 = DIRECTION('',(-0.,-0.,-1.));
#4696 = DIRECTION('',(-0.,-1.,0.));
#4697 = ADVANCED_FACE('',(#4698),#4709,.F.);
#4698 = FACE_BOUND('',#4699,.T.);
#4699 = EDGE_LOOP('',(#4700,#4701,#4707,#4708));
#4700 = ORIENTED_EDGE('',*,*,#783,.T.);
#4701 = ORIENTED_EDGE('',*,*,#4702,.T.);
#4702 = EDGE_CURVE('',#784,#2530,#4703,.T.);
#4703 = LINE('',#4704,#4705);
#4704 = CARTESIAN_POINT('',(167.,-101.63,-4.6E-02));
#4705 = VECTOR('',#4706,1.);
#4706 = DIRECTION('',(0.,0.,1.));
#4707 = ORIENTED_EDGE('',*,*,#2529,.F.);
#4708 = ORIENTED_EDGE('',*,*,#4702,.F.);
#4709 = CYLINDRICAL_SURFACE('',#4710,0.8);
#4710 = AXIS2_PLACEMENT_3D('',#4711,#4712,#4713);
#4711 = CARTESIAN_POINT('',(167.,-100.83,-4.6E-02));
#4712 = DIRECTION('',(-0.,-0.,-1.));
#4713 = DIRECTION('',(-0.,-1.,0.));
#4714 = ADVANCED_FACE('',(#4715),#4726,.F.);
#4715 = FACE_BOUND('',#4716,.T.);
#4716 = EDGE_LOOP('',(#4717,#4718,#4724,#4725));
#4717 = ORIENTED_EDGE('',*,*,#794,.T.);
#4718 = ORIENTED_EDGE('',*,*,#4719,.T.);
#4719 = EDGE_CURVE('',#795,#2541,#4720,.T.);
#4720 = LINE('',#4721,#4722);
#4721 = CARTESIAN_POINT('',(166.5,-96.63,-4.6E-02));
#4722 = VECTOR('',#4723,1.);
#4723 = DIRECTION('',(0.,0.,1.));
#4724 = ORIENTED_EDGE('',*,*,#2540,.F.);
#4725 = ORIENTED_EDGE('',*,*,#4719,.F.);
#4726 = CYLINDRICAL_SURFACE('',#4727,0.95);
#4727 = AXIS2_PLACEMENT_3D('',#4728,#4729,#4730);
#4728 = CARTESIAN_POINT('',(166.5,-95.68,-4.6E-02));
#4729 = DIRECTION('',(-0.,-0.,-1.));
#4730 = DIRECTION('',(-0.,-1.,0.));
#4731 = ADVANCED_FACE('',(#4732),#4743,.F.);
#4732 = FACE_BOUND('',#4733,.T.);
#4733 = EDGE_LOOP('',(#4734,#4735,#4741,#4742));
#4734 = ORIENTED_EDGE('',*,*,#805,.T.);
#4735 = ORIENTED_EDGE('',*,*,#4736,.T.);
#4736 = EDGE_CURVE('',#806,#2552,#4737,.T.);
#4737 = LINE('',#4738,#4739);
#4738 = CARTESIAN_POINT('',(172.,-98.18,-4.6E-02));
#4739 = VECTOR('',#4740,1.);
#4740 = DIRECTION('',(0.,0.,1.));
#4741 = ORIENTED_EDGE('',*,*,#2551,.F.);
#4742 = ORIENTED_EDGE('',*,*,#4736,.F.);
#4743 = CYLINDRICAL_SURFACE('',#4744,2.5);
#4744 = AXIS2_PLACEMENT_3D('',#4745,#4746,#4747);
#4745 = CARTESIAN_POINT('',(172.,-95.68,-4.6E-02));
#4746 = DIRECTION('',(-0.,-0.,-1.));
#4747 = DIRECTION('',(-0.,-1.,0.));
#4748 = ADVANCED_FACE('',(#4749),#4760,.F.);
#4749 = FACE_BOUND('',#4750,.T.);
#4750 = EDGE_LOOP('',(#4751,#4752,#4758,#4759));
#4751 = ORIENTED_EDGE('',*,*,#816,.T.);
#4752 = ORIENTED_EDGE('',*,*,#4753,.T.);
#4753 = EDGE_CURVE('',#817,#2563,#4754,.T.);
#4754 = LINE('',#4755,#4756);
#4755 = CARTESIAN_POINT('',(185.,-103.61,-4.6E-02));
#4756 = VECTOR('',#4757,1.);
#4757 = DIRECTION('',(0.,0.,1.));
#4758 = ORIENTED_EDGE('',*,*,#2562,.F.);
#4759 = ORIENTED_EDGE('',*,*,#4753,.F.);
#4760 = CYLINDRICAL_SURFACE('',#4761,0.8);
#4761 = AXIS2_PLACEMENT_3D('',#4762,#4763,#4764);
#4762 = CARTESIAN_POINT('',(185.,-102.81,-4.6E-02));
#4763 = DIRECTION('',(-0.,-0.,-1.));
#4764 = DIRECTION('',(-0.,-1.,0.));
#4765 = ADVANCED_FACE('',(#4766),#4777,.F.);
#4766 = FACE_BOUND('',#4767,.T.);
#4767 = EDGE_LOOP('',(#4768,#4769,#4775,#4776));
#4768 = ORIENTED_EDGE('',*,*,#827,.T.);
#4769 = ORIENTED_EDGE('',*,*,#4770,.T.);
#4770 = EDGE_CURVE('',#828,#2574,#4771,.T.);
#4771 = LINE('',#4772,#4773);
#4772 = CARTESIAN_POINT('',(184.5,-98.61,-4.6E-02));
#4773 = VECTOR('',#4774,1.);
#4774 = DIRECTION('',(0.,0.,1.));
#4775 = ORIENTED_EDGE('',*,*,#2573,.F.);
#4776 = ORIENTED_EDGE('',*,*,#4770,.F.);
#4777 = CYLINDRICAL_SURFACE('',#4778,0.95);
#4778 = AXIS2_PLACEMENT_3D('',#4779,#4780,#4781);
#4779 = CARTESIAN_POINT('',(184.5,-97.66,-4.6E-02));
#4780 = DIRECTION('',(-0.,-0.,-1.));
#4781 = DIRECTION('',(-0.,-1.,0.));
#4782 = ADVANCED_FACE('',(#4783),#4794,.F.);
#4783 = FACE_BOUND('',#4784,.T.);
#4784 = EDGE_LOOP('',(#4785,#4786,#4792,#4793));
#4785 = ORIENTED_EDGE('',*,*,#838,.T.);
#4786 = ORIENTED_EDGE('',*,*,#4787,.T.);
#4787 = EDGE_CURVE('',#839,#2585,#4788,.T.);
#4788 = LINE('',#4789,#4790);
#4789 = CARTESIAN_POINT('',(177.5,-96.63,-4.6E-02));
#4790 = VECTOR('',#4791,1.);
#4791 = DIRECTION('',(0.,0.,1.));
#4792 = ORIENTED_EDGE('',*,*,#2584,.F.);
#4793 = ORIENTED_EDGE('',*,*,#4787,.F.);
#4794 = CYLINDRICAL_SURFACE('',#4795,0.95);
#4795 = AXIS2_PLACEMENT_3D('',#4796,#4797,#4798);
#4796 = CARTESIAN_POINT('',(177.5,-95.68,-4.6E-02));
#4797 = DIRECTION('',(-0.,-0.,-1.));
#4798 = DIRECTION('',(-0.,-1.,0.));
#4799 = ADVANCED_FACE('',(#4800),#4811,.F.);
#4800 = FACE_BOUND('',#4801,.T.);
#4801 = EDGE_LOOP('',(#4802,#4803,#4809,#4810));
#4802 = ORIENTED_EDGE('',*,*,#849,.T.);
#4803 = ORIENTED_EDGE('',*,*,#4804,.T.);
#4804 = EDGE_CURVE('',#850,#2596,#4805,.T.);
#4805 = LINE('',#4806,#4807);
#4806 = CARTESIAN_POINT('',(177.,-93.43,-4.6E-02));
#4807 = VECTOR('',#4808,1.);
#4808 = DIRECTION('',(0.,0.,1.));
#4809 = ORIENTED_EDGE('',*,*,#2595,.F.);
#4810 = ORIENTED_EDGE('',*,*,#4804,.F.);
#4811 = CYLINDRICAL_SURFACE('',#4812,1.5);
#4812 = AXIS2_PLACEMENT_3D('',#4813,#4814,#4815);
#4813 = CARTESIAN_POINT('',(177.,-91.93,-4.6E-02));
#4814 = DIRECTION('',(-0.,-0.,-1.));
#4815 = DIRECTION('',(-0.,-1.,0.));
#4816 = ADVANCED_FACE('',(#4817),#4828,.F.);
#4817 = FACE_BOUND('',#4818,.T.);
#4818 = EDGE_LOOP('',(#4819,#4820,#4826,#4827));
#4819 = ORIENTED_EDGE('',*,*,#860,.T.);
#4820 = ORIENTED_EDGE('',*,*,#4821,.T.);
#4821 = EDGE_CURVE('',#861,#2607,#4822,.T.);
#4822 = LINE('',#4823,#4824);
#4823 = CARTESIAN_POINT('',(190.,-111.72,-4.6E-02));
#4824 = VECTOR('',#4825,1.);
#4825 = DIRECTION('',(0.,0.,1.));
#4826 = ORIENTED_EDGE('',*,*,#2606,.F.);
#4827 = ORIENTED_EDGE('',*,*,#4821,.F.);
#4828 = CYLINDRICAL_SURFACE('',#4829,1.1);
#4829 = AXIS2_PLACEMENT_3D('',#4830,#4831,#4832);
#4830 = CARTESIAN_POINT('',(190.,-110.62,-4.6E-02));
#4831 = DIRECTION('',(-0.,-0.,-1.));
#4832 = DIRECTION('',(-0.,-1.,0.));
#4833 = ADVANCED_FACE('',(#4834),#4845,.F.);
#4834 = FACE_BOUND('',#4835,.T.);
#4835 = EDGE_LOOP('',(#4836,#4837,#4843,#4844));
#4836 = ORIENTED_EDGE('',*,*,#871,.T.);
#4837 = ORIENTED_EDGE('',*,*,#4838,.T.);
#4838 = EDGE_CURVE('',#872,#2618,#4839,.T.);
#4839 = LINE('',#4840,#4841);
#4840 = CARTESIAN_POINT('',(190.,-100.16,-4.6E-02));
#4841 = VECTOR('',#4842,1.);
#4842 = DIRECTION('',(0.,0.,1.));
#4843 = ORIENTED_EDGE('',*,*,#2617,.F.);
#4844 = ORIENTED_EDGE('',*,*,#4838,.F.);
#4845 = CYLINDRICAL_SURFACE('',#4846,2.5);
#4846 = AXIS2_PLACEMENT_3D('',#4847,#4848,#4849);
#4847 = CARTESIAN_POINT('',(190.,-97.66,-4.6E-02));
#4848 = DIRECTION('',(-0.,-0.,-1.));
#4849 = DIRECTION('',(-0.,-1.,0.));
#4850 = ADVANCED_FACE('',(#4851),#4862,.F.);
#4851 = FACE_BOUND('',#4852,.T.);
#4852 = EDGE_LOOP('',(#4853,#4854,#4860,#4861));
#4853 = ORIENTED_EDGE('',*,*,#882,.T.);
#4854 = ORIENTED_EDGE('',*,*,#4855,.T.);
#4855 = EDGE_CURVE('',#883,#2629,#4856,.T.);
#4856 = LINE('',#4857,#4858);
#4857 = CARTESIAN_POINT('',(195.5,-98.61,-4.6E-02));
#4858 = VECTOR('',#4859,1.);
#4859 = DIRECTION('',(0.,0.,1.));
#4860 = ORIENTED_EDGE('',*,*,#2628,.F.);
#4861 = ORIENTED_EDGE('',*,*,#4855,.F.);
#4862 = CYLINDRICAL_SURFACE('',#4863,0.95);
#4863 = AXIS2_PLACEMENT_3D('',#4864,#4865,#4866);
#4864 = CARTESIAN_POINT('',(195.5,-97.66,-4.6E-02));
#4865 = DIRECTION('',(-0.,-0.,-1.));
#4866 = DIRECTION('',(-0.,-1.,0.));
#4867 = ADVANCED_FACE('',(#4868),#4879,.F.);
#4868 = FACE_BOUND('',#4869,.T.);
#4869 = EDGE_LOOP('',(#4870,#4871,#4877,#4878));
#4870 = ORIENTED_EDGE('',*,*,#893,.T.);
#4871 = ORIENTED_EDGE('',*,*,#4872,.T.);
#4872 = EDGE_CURVE('',#894,#2640,#4873,.T.);
#4873 = LINE('',#4874,#4875);
#4874 = CARTESIAN_POINT('',(195.,-95.41,-4.6E-02));
#4875 = VECTOR('',#4876,1.);
#4876 = DIRECTION('',(0.,0.,1.));
#4877 = ORIENTED_EDGE('',*,*,#2639,.F.);
#4878 = ORIENTED_EDGE('',*,*,#4872,.F.);
#4879 = CYLINDRICAL_SURFACE('',#4880,1.5);
#4880 = AXIS2_PLACEMENT_3D('',#4881,#4882,#4883);
#4881 = CARTESIAN_POINT('',(195.,-93.91,-4.6E-02));
#4882 = DIRECTION('',(-0.,-0.,-1.));
#4883 = DIRECTION('',(-0.,-1.,0.));
#4884 = ADVANCED_FACE('',(#4885),#4896,.F.);
#4885 = FACE_BOUND('',#4886,.T.);
#4886 = EDGE_LOOP('',(#4887,#4888,#4894,#4895));
#4887 = ORIENTED_EDGE('',*,*,#904,.T.);
#4888 = ORIENTED_EDGE('',*,*,#4889,.T.);
#4889 = EDGE_CURVE('',#905,#2651,#4890,.T.);
#4890 = LINE('',#4891,#4892);
#4891 = CARTESIAN_POINT('',(95.,-87.95,-4.6E-02));
#4892 = VECTOR('',#4893,1.);
#4893 = DIRECTION('',(0.,0.,1.));
#4894 = ORIENTED_EDGE('',*,*,#2650,.F.);
#4895 = ORIENTED_EDGE('',*,*,#4889,.F.);
#4896 = CYLINDRICAL_SURFACE('',#4897,0.8);
#4897 = AXIS2_PLACEMENT_3D('',#4898,#4899,#4900);
#4898 = CARTESIAN_POINT('',(95.,-87.15,-4.6E-02));
#4899 = DIRECTION('',(-0.,-0.,-1.));
#4900 = DIRECTION('',(-0.,-1.,0.));
#4901 = ADVANCED_FACE('',(#4902),#4913,.F.);
#4902 = FACE_BOUND('',#4903,.T.);
#4903 = EDGE_LOOP('',(#4904,#4905,#4911,#4912));
#4904 = ORIENTED_EDGE('',*,*,#915,.T.);
#4905 = ORIENTED_EDGE('',*,*,#4906,.T.);
#4906 = EDGE_CURVE('',#916,#2662,#4907,.T.);
#4907 = LINE('',#4908,#4909);
#4908 = CARTESIAN_POINT('',(109.,-92.1,-4.6E-02));
#4909 = VECTOR('',#4910,1.);
#4910 = DIRECTION('',(0.,0.,1.));
#4911 = ORIENTED_EDGE('',*,*,#2661,.F.);
#4912 = ORIENTED_EDGE('',*,*,#4906,.F.);
#4913 = CYLINDRICAL_SURFACE('',#4914,1.1);
#4914 = AXIS2_PLACEMENT_3D('',#4915,#4916,#4917);
#4915 = CARTESIAN_POINT('',(109.,-91.,-4.6E-02));
#4916 = DIRECTION('',(-0.,-0.,-1.));
#4917 = DIRECTION('',(-0.,-1.,0.));
#4918 = ADVANCED_FACE('',(#4919),#4930,.F.);
#4919 = FACE_BOUND('',#4920,.T.);
#4920 = EDGE_LOOP('',(#4921,#4922,#4928,#4929));
#4921 = ORIENTED_EDGE('',*,*,#926,.T.);
#4922 = ORIENTED_EDGE('',*,*,#4923,.T.);
#4923 = EDGE_CURVE('',#927,#2673,#4924,.T.);
#4924 = LINE('',#4925,#4926);
#4925 = CARTESIAN_POINT('',(94.5,-82.95,-4.6E-02));
#4926 = VECTOR('',#4927,1.);
#4927 = DIRECTION('',(0.,0.,1.));
#4928 = ORIENTED_EDGE('',*,*,#2672,.F.);
#4929 = ORIENTED_EDGE('',*,*,#4923,.F.);
#4930 = CYLINDRICAL_SURFACE('',#4931,0.95);
#4931 = AXIS2_PLACEMENT_3D('',#4932,#4933,#4934);
#4932 = CARTESIAN_POINT('',(94.5,-82.,-4.6E-02));
#4933 = DIRECTION('',(-0.,-0.,-1.));
#4934 = DIRECTION('',(-0.,-1.,0.));
#4935 = ADVANCED_FACE('',(#4936),#4947,.F.);
#4936 = FACE_BOUND('',#4937,.T.);
#4937 = EDGE_LOOP('',(#4938,#4939,#4945,#4946));
#4938 = ORIENTED_EDGE('',*,*,#937,.T.);
#4939 = ORIENTED_EDGE('',*,*,#4940,.T.);
#4940 = EDGE_CURVE('',#938,#2684,#4941,.T.);
#4941 = LINE('',#4942,#4943);
#4942 = CARTESIAN_POINT('',(100.,-84.5,-4.6E-02));
#4943 = VECTOR('',#4944,1.);
#4944 = DIRECTION('',(0.,0.,1.));
#4945 = ORIENTED_EDGE('',*,*,#2683,.F.);
#4946 = ORIENTED_EDGE('',*,*,#4940,.F.);
#4947 = CYLINDRICAL_SURFACE('',#4948,2.5);
#4948 = AXIS2_PLACEMENT_3D('',#4949,#4950,#4951);
#4949 = CARTESIAN_POINT('',(100.,-82.,-4.6E-02));
#4950 = DIRECTION('',(-0.,-0.,-1.));
#4951 = DIRECTION('',(-0.,-1.,0.));
#4952 = ADVANCED_FACE('',(#4953),#4964,.F.);
#4953 = FACE_BOUND('',#4954,.T.);
#4954 = EDGE_LOOP('',(#4955,#4956,#4962,#4963));
#4955 = ORIENTED_EDGE('',*,*,#948,.T.);
#4956 = ORIENTED_EDGE('',*,*,#4957,.T.);
#4957 = EDGE_CURVE('',#949,#2695,#4958,.T.);
#4958 = LINE('',#4959,#4960);
#4959 = CARTESIAN_POINT('',(105.5,-82.95,-4.6E-02));
#4960 = VECTOR('',#4961,1.);
#4961 = DIRECTION('',(0.,0.,1.));
#4962 = ORIENTED_EDGE('',*,*,#2694,.F.);
#4963 = ORIENTED_EDGE('',*,*,#4957,.F.);
#4964 = CYLINDRICAL_SURFACE('',#4965,0.95);
#4965 = AXIS2_PLACEMENT_3D('',#4966,#4967,#4968);
#4966 = CARTESIAN_POINT('',(105.5,-82.,-4.6E-02));
#4967 = DIRECTION('',(-0.,-0.,-1.));
#4968 = DIRECTION('',(-0.,-1.,0.));
#4969 = ADVANCED_FACE('',(#4970),#4981,.F.);
#4970 = FACE_BOUND('',#4971,.T.);
#4971 = EDGE_LOOP('',(#4972,#4973,#4979,#4980));
#4972 = ORIENTED_EDGE('',*,*,#959,.T.);
#4973 = ORIENTED_EDGE('',*,*,#4974,.T.);
#4974 = EDGE_CURVE('',#960,#2706,#4975,.T.);
#4975 = LINE('',#4976,#4977);
#4976 = CARTESIAN_POINT('',(113.,-87.95,-4.6E-02));
#4977 = VECTOR('',#4978,1.);
#4978 = DIRECTION('',(0.,0.,1.));
#4979 = ORIENTED_EDGE('',*,*,#2705,.F.);
#4980 = ORIENTED_EDGE('',*,*,#4974,.F.);
#4981 = CYLINDRICAL_SURFACE('',#4982,0.8);
#4982 = AXIS2_PLACEMENT_3D('',#4983,#4984,#4985);
#4983 = CARTESIAN_POINT('',(113.,-87.15,-4.6E-02));
#4984 = DIRECTION('',(-0.,-0.,-1.));
#4985 = DIRECTION('',(-0.,-1.,0.));
#4986 = ADVANCED_FACE('',(#4987),#4998,.F.);
#4987 = FACE_BOUND('',#4988,.T.);
#4988 = EDGE_LOOP('',(#4989,#4990,#4996,#4997));
#4989 = ORIENTED_EDGE('',*,*,#970,.T.);
#4990 = ORIENTED_EDGE('',*,*,#4991,.T.);
#4991 = EDGE_CURVE('',#971,#2717,#4992,.T.);
#4992 = LINE('',#4993,#4994);
#4993 = CARTESIAN_POINT('',(112.5,-82.95,-4.6E-02));
#4994 = VECTOR('',#4995,1.);
#4995 = DIRECTION('',(0.,0.,1.));
#4996 = ORIENTED_EDGE('',*,*,#2716,.F.);
#4997 = ORIENTED_EDGE('',*,*,#4991,.F.);
#4998 = CYLINDRICAL_SURFACE('',#4999,0.95);
#4999 = AXIS2_PLACEMENT_3D('',#5000,#5001,#5002);
#5000 = CARTESIAN_POINT('',(112.5,-82.,-4.6E-02));
#5001 = DIRECTION('',(-0.,-0.,-1.));
#5002 = DIRECTION('',(-0.,-1.,0.));
#5003 = ADVANCED_FACE('',(#5004),#5015,.F.);
#5004 = FACE_BOUND('',#5005,.T.);
#5005 = EDGE_LOOP('',(#5006,#5007,#5013,#5014));
#5006 = ORIENTED_EDGE('',*,*,#981,.T.);
#5007 = ORIENTED_EDGE('',*,*,#5008,.T.);
#5008 = EDGE_CURVE('',#982,#2728,#5009,.T.);
#5009 = LINE('',#5010,#5011);
#5010 = CARTESIAN_POINT('',(118.,-84.5,-4.6E-02));
#5011 = VECTOR('',#5012,1.);
#5012 = DIRECTION('',(0.,0.,1.));
#5013 = ORIENTED_EDGE('',*,*,#2727,.F.);
#5014 = ORIENTED_EDGE('',*,*,#5008,.F.);
#5015 = CYLINDRICAL_SURFACE('',#5016,2.5);
#5016 = AXIS2_PLACEMENT_3D('',#5017,#5018,#5019);
#5017 = CARTESIAN_POINT('',(118.,-82.,-4.6E-02));
#5018 = DIRECTION('',(-0.,-0.,-1.));
#5019 = DIRECTION('',(-0.,-1.,0.));
#5020 = ADVANCED_FACE('',(#5021),#5032,.F.);
#5021 = FACE_BOUND('',#5022,.T.);
#5022 = EDGE_LOOP('',(#5023,#5024,#5030,#5031));
#5023 = ORIENTED_EDGE('',*,*,#992,.T.);
#5024 = ORIENTED_EDGE('',*,*,#5025,.T.);
#5025 = EDGE_CURVE('',#993,#2739,#5026,.T.);
#5026 = LINE('',#5027,#5028);
#5027 = CARTESIAN_POINT('',(123.5,-82.95,-4.6E-02));
#5028 = VECTOR('',#5029,1.);
#5029 = DIRECTION('',(0.,0.,1.));
#5030 = ORIENTED_EDGE('',*,*,#2738,.F.);
#5031 = ORIENTED_EDGE('',*,*,#5025,.F.);
#5032 = CYLINDRICAL_SURFACE('',#5033,0.95);
#5033 = AXIS2_PLACEMENT_3D('',#5034,#5035,#5036);
#5034 = CARTESIAN_POINT('',(123.5,-82.,-4.6E-02));
#5035 = DIRECTION('',(-0.,-0.,-1.));
#5036 = DIRECTION('',(-0.,-1.,0.));
#5037 = ADVANCED_FACE('',(#5038),#5049,.F.);
#5038 = FACE_BOUND('',#5039,.T.);
#5039 = EDGE_LOOP('',(#5040,#5041,#5047,#5048));
#5040 = ORIENTED_EDGE('',*,*,#1003,.T.);
#5041 = ORIENTED_EDGE('',*,*,#5042,.T.);
#5042 = EDGE_CURVE('',#1004,#2750,#5043,.T.);
#5043 = LINE('',#5044,#5045);
#5044 = CARTESIAN_POINT('',(100.,-77.55,-4.6E-02));
#5045 = VECTOR('',#5046,1.);
#5046 = DIRECTION('',(0.,0.,1.));
#5047 = ORIENTED_EDGE('',*,*,#2749,.F.);
#5048 = ORIENTED_EDGE('',*,*,#5042,.F.);
#5049 = CYLINDRICAL_SURFACE('',#5050,1.5);
#5050 = AXIS2_PLACEMENT_3D('',#5051,#5052,#5053);
#5051 = CARTESIAN_POINT('',(100.,-76.05,-4.6E-02));
#5052 = DIRECTION('',(-0.,-0.,-1.));
#5053 = DIRECTION('',(-0.,-1.,0.));
#5054 = ADVANCED_FACE('',(#5055),#5066,.F.);
#5055 = FACE_BOUND('',#5056,.T.);
#5056 = EDGE_LOOP('',(#5057,#5058,#5064,#5065));
#5057 = ORIENTED_EDGE('',*,*,#1014,.T.);
#5058 = ORIENTED_EDGE('',*,*,#5059,.T.);
#5059 = EDGE_CURVE('',#1015,#2761,#5060,.T.);
#5060 = LINE('',#5061,#5062);
#5061 = CARTESIAN_POINT('',(105.,-79.75,-4.6E-02));
#5062 = VECTOR('',#5063,1.);
#5063 = DIRECTION('',(0.,0.,1.));
#5064 = ORIENTED_EDGE('',*,*,#2760,.F.);
#5065 = ORIENTED_EDGE('',*,*,#5059,.F.);
#5066 = CYLINDRICAL_SURFACE('',#5067,1.5);
#5067 = AXIS2_PLACEMENT_3D('',#5068,#5069,#5070);
#5068 = CARTESIAN_POINT('',(105.,-78.25,-4.6E-02));
#5069 = DIRECTION('',(-0.,-0.,-1.));
#5070 = DIRECTION('',(-0.,-1.,0.));
#5071 = ADVANCED_FACE('',(#5072),#5083,.F.);
#5072 = FACE_BOUND('',#5073,.T.);
#5073 = EDGE_LOOP('',(#5074,#5075,#5081,#5082));
#5074 = ORIENTED_EDGE('',*,*,#1025,.T.);
#5075 = ORIENTED_EDGE('',*,*,#5076,.T.);
#5076 = EDGE_CURVE('',#1026,#2772,#5077,.T.);
#5077 = LINE('',#5078,#5079);
#5078 = CARTESIAN_POINT('',(109.,-74.1,-4.6E-02));
#5079 = VECTOR('',#5080,1.);
#5080 = DIRECTION('',(0.,0.,1.));
#5081 = ORIENTED_EDGE('',*,*,#2771,.F.);
#5082 = ORIENTED_EDGE('',*,*,#5076,.F.);
#5083 = CYLINDRICAL_SURFACE('',#5084,1.1);
#5084 = AXIS2_PLACEMENT_3D('',#5085,#5086,#5087);
#5085 = CARTESIAN_POINT('',(109.,-73.,-4.6E-02));
#5086 = DIRECTION('',(-0.,-0.,-1.));
#5087 = DIRECTION('',(-0.,-1.,0.));
#5088 = ADVANCED_FACE('',(#5089),#5100,.F.);
#5089 = FACE_BOUND('',#5090,.T.);
#5090 = EDGE_LOOP('',(#5091,#5092,#5098,#5099));
#5091 = ORIENTED_EDGE('',*,*,#1036,.T.);
#5092 = ORIENTED_EDGE('',*,*,#5093,.T.);
#5093 = EDGE_CURVE('',#1037,#2783,#5094,.T.);
#5094 = LINE('',#5095,#5096);
#5095 = CARTESIAN_POINT('',(123.,-79.75,-4.6E-02));
#5096 = VECTOR('',#5097,1.);
#5097 = DIRECTION('',(0.,0.,1.));
#5098 = ORIENTED_EDGE('',*,*,#2782,.F.);
#5099 = ORIENTED_EDGE('',*,*,#5093,.F.);
#5100 = CYLINDRICAL_SURFACE('',#5101,1.5);
#5101 = AXIS2_PLACEMENT_3D('',#5102,#5103,#5104);
#5102 = CARTESIAN_POINT('',(123.,-78.25,-4.6E-02));
#5103 = DIRECTION('',(-0.,-0.,-1.));
#5104 = DIRECTION('',(-0.,-1.,0.));
#5105 = ADVANCED_FACE('',(#5106),#5117,.F.);
#5106 = FACE_BOUND('',#5107,.T.);
#5107 = EDGE_LOOP('',(#5108,#5109,#5115,#5116));
#5108 = ORIENTED_EDGE('',*,*,#1047,.T.);
#5109 = ORIENTED_EDGE('',*,*,#5110,.T.);
#5110 = EDGE_CURVE('',#1048,#2794,#5111,.T.);
#5111 = LINE('',#5112,#5113);
#5112 = CARTESIAN_POINT('',(118.,-77.55,-4.6E-02));
#5113 = VECTOR('',#5114,1.);
#5114 = DIRECTION('',(0.,0.,1.));
#5115 = ORIENTED_EDGE('',*,*,#2793,.F.);
#5116 = ORIENTED_EDGE('',*,*,#5110,.F.);
#5117 = CYLINDRICAL_SURFACE('',#5118,1.5);
#5118 = AXIS2_PLACEMENT_3D('',#5119,#5120,#5121);
#5119 = CARTESIAN_POINT('',(118.,-76.05,-4.6E-02));
#5120 = DIRECTION('',(-0.,-0.,-1.));
#5121 = DIRECTION('',(-0.,-1.,0.));
#5122 = ADVANCED_FACE('',(#5123),#5134,.F.);
#5123 = FACE_BOUND('',#5124,.T.);
#5124 = EDGE_LOOP('',(#5125,#5126,#5132,#5133));
#5125 = ORIENTED_EDGE('',*,*,#1058,.T.);
#5126 = ORIENTED_EDGE('',*,*,#5127,.T.);
#5127 = EDGE_CURVE('',#1059,#2805,#5128,.T.);
#5128 = LINE('',#5129,#5130);
#5129 = CARTESIAN_POINT('',(141.,-91.45,-4.6E-02));
#5130 = VECTOR('',#5131,1.);
#5131 = DIRECTION('',(0.,0.,1.));
#5132 = ORIENTED_EDGE('',*,*,#2804,.F.);
#5133 = ORIENTED_EDGE('',*,*,#5127,.F.);
#5134 = CYLINDRICAL_SURFACE('',#5135,1.5);
#5135 = AXIS2_PLACEMENT_3D('',#5136,#5137,#5138);
#5136 = CARTESIAN_POINT('',(141.,-89.95,-4.6E-02));
#5137 = DIRECTION('',(-0.,-0.,-1.));
#5138 = DIRECTION('',(-0.,-1.,0.));
#5139 = ADVANCED_FACE('',(#5140),#5151,.F.);
#5140 = FACE_BOUND('',#5141,.T.);
#5141 = EDGE_LOOP('',(#5142,#5143,#5149,#5150));
#5142 = ORIENTED_EDGE('',*,*,#1069,.T.);
#5143 = ORIENTED_EDGE('',*,*,#5144,.T.);
#5144 = EDGE_CURVE('',#1070,#2816,#5145,.T.);
#5145 = LINE('',#5146,#5147);
#5146 = CARTESIAN_POINT('',(136.,-89.25,-4.6E-02));
#5147 = VECTOR('',#5148,1.);
#5148 = DIRECTION('',(0.,0.,1.));
#5149 = ORIENTED_EDGE('',*,*,#2815,.F.);
#5150 = ORIENTED_EDGE('',*,*,#5144,.F.);
#5151 = CYLINDRICAL_SURFACE('',#5152,1.5);
#5152 = AXIS2_PLACEMENT_3D('',#5153,#5154,#5155);
#5153 = CARTESIAN_POINT('',(136.,-87.75,-4.6E-02));
#5154 = DIRECTION('',(-0.,-0.,-1.));
#5155 = DIRECTION('',(-0.,-1.,0.));
#5156 = ADVANCED_FACE('',(#5157),#5168,.F.);
#5157 = FACE_BOUND('',#5158,.T.);
#5158 = EDGE_LOOP('',(#5159,#5160,#5166,#5167));
#5159 = ORIENTED_EDGE('',*,*,#1080,.T.);
#5160 = ORIENTED_EDGE('',*,*,#5161,.T.);
#5161 = EDGE_CURVE('',#1081,#2827,#5162,.T.);
#5162 = LINE('',#5163,#5164);
#5163 = CARTESIAN_POINT('',(148.5,-92.13,-4.6E-02));
#5164 = VECTOR('',#5165,1.);
#5165 = DIRECTION('',(0.,0.,1.));
#5166 = ORIENTED_EDGE('',*,*,#2826,.F.);
#5167 = ORIENTED_EDGE('',*,*,#5161,.F.);
#5168 = CYLINDRICAL_SURFACE('',#5169,0.95);
#5169 = AXIS2_PLACEMENT_3D('',#5170,#5171,#5172);
#5170 = CARTESIAN_POINT('',(148.5,-91.18,-4.6E-02));
#5171 = DIRECTION('',(-0.,-0.,-1.));
#5172 = DIRECTION('',(-0.,-1.,0.));
#5173 = ADVANCED_FACE('',(#5174),#5185,.F.);
#5174 = FACE_BOUND('',#5175,.T.);
#5175 = EDGE_LOOP('',(#5176,#5177,#5183,#5184));
#5176 = ORIENTED_EDGE('',*,*,#1091,.T.);
#5177 = ORIENTED_EDGE('',*,*,#5178,.T.);
#5178 = EDGE_CURVE('',#1092,#2838,#5179,.T.);
#5179 = LINE('',#5180,#5181);
#5180 = CARTESIAN_POINT('',(154.,-93.68,-4.6E-02));
#5181 = VECTOR('',#5182,1.);
#5182 = DIRECTION('',(0.,0.,1.));
#5183 = ORIENTED_EDGE('',*,*,#2837,.F.);
#5184 = ORIENTED_EDGE('',*,*,#5178,.F.);
#5185 = CYLINDRICAL_SURFACE('',#5186,2.5);
#5186 = AXIS2_PLACEMENT_3D('',#5187,#5188,#5189);
#5187 = CARTESIAN_POINT('',(154.,-91.18,-4.6E-02));
#5188 = DIRECTION('',(-0.,-0.,-1.));
#5189 = DIRECTION('',(-0.,-1.,0.));
#5190 = ADVANCED_FACE('',(#5191),#5202,.F.);
#5191 = FACE_BOUND('',#5192,.T.);
#5192 = EDGE_LOOP('',(#5193,#5194,#5200,#5201));
#5193 = ORIENTED_EDGE('',*,*,#1102,.T.);
#5194 = ORIENTED_EDGE('',*,*,#5195,.T.);
#5195 = EDGE_CURVE('',#1103,#2849,#5196,.T.);
#5196 = LINE('',#5197,#5198);
#5197 = CARTESIAN_POINT('',(154.,-86.73,-4.6E-02));
#5198 = VECTOR('',#5199,1.);
#5199 = DIRECTION('',(0.,0.,1.));
#5200 = ORIENTED_EDGE('',*,*,#2848,.F.);
#5201 = ORIENTED_EDGE('',*,*,#5195,.F.);
#5202 = CYLINDRICAL_SURFACE('',#5203,1.5);
#5203 = AXIS2_PLACEMENT_3D('',#5204,#5205,#5206);
#5204 = CARTESIAN_POINT('',(154.,-85.23,-4.6E-02));
#5205 = DIRECTION('',(-0.,-0.,-1.));
#5206 = DIRECTION('',(-0.,-1.,0.));
#5207 = ADVANCED_FACE('',(#5208),#5219,.F.);
#5208 = FACE_BOUND('',#5209,.T.);
#5209 = EDGE_LOOP('',(#5210,#5211,#5217,#5218));
#5210 = ORIENTED_EDGE('',*,*,#1113,.T.);
#5211 = ORIENTED_EDGE('',*,*,#5212,.T.);
#5212 = EDGE_CURVE('',#1114,#2860,#5213,.T.);
#5213 = LINE('',#5214,#5215);
#5214 = CARTESIAN_POINT('',(131.,-81.65,-4.6E-02));
#5215 = VECTOR('',#5216,1.);
#5216 = DIRECTION('',(0.,0.,1.));
#5217 = ORIENTED_EDGE('',*,*,#2859,.F.);
#5218 = ORIENTED_EDGE('',*,*,#5212,.F.);
#5219 = CYLINDRICAL_SURFACE('',#5220,0.8);
#5220 = AXIS2_PLACEMENT_3D('',#5221,#5222,#5223);
#5221 = CARTESIAN_POINT('',(131.,-80.85,-4.6E-02));
#5222 = DIRECTION('',(-0.,-0.,-1.));
#5223 = DIRECTION('',(-0.,-1.,0.));
#5224 = ADVANCED_FACE('',(#5225),#5236,.F.);
#5225 = FACE_BOUND('',#5226,.T.);
#5226 = EDGE_LOOP('',(#5227,#5228,#5234,#5235));
#5227 = ORIENTED_EDGE('',*,*,#1124,.T.);
#5228 = ORIENTED_EDGE('',*,*,#5229,.T.);
#5229 = EDGE_CURVE('',#1125,#2871,#5230,.T.);
#5230 = LINE('',#5231,#5232);
#5231 = CARTESIAN_POINT('',(130.5,-76.65,-4.6E-02));
#5232 = VECTOR('',#5233,1.);
#5233 = DIRECTION('',(0.,0.,1.));
#5234 = ORIENTED_EDGE('',*,*,#2870,.F.);
#5235 = ORIENTED_EDGE('',*,*,#5229,.F.);
#5236 = CYLINDRICAL_SURFACE('',#5237,0.95);
#5237 = AXIS2_PLACEMENT_3D('',#5238,#5239,#5240);
#5238 = CARTESIAN_POINT('',(130.5,-75.7,-4.6E-02));
#5239 = DIRECTION('',(-0.,-0.,-1.));
#5240 = DIRECTION('',(-0.,-1.,0.));
#5241 = ADVANCED_FACE('',(#5242),#5253,.F.);
#5242 = FACE_BOUND('',#5243,.T.);
#5243 = EDGE_LOOP('',(#5244,#5245,#5251,#5252));
#5244 = ORIENTED_EDGE('',*,*,#1135,.T.);
#5245 = ORIENTED_EDGE('',*,*,#5246,.T.);
#5246 = EDGE_CURVE('',#1136,#2882,#5247,.T.);
#5247 = LINE('',#5248,#5249);
#5248 = CARTESIAN_POINT('',(136.,-78.2,-4.6E-02));
#5249 = VECTOR('',#5250,1.);
#5250 = DIRECTION('',(0.,0.,1.));
#5251 = ORIENTED_EDGE('',*,*,#2881,.F.);
#5252 = ORIENTED_EDGE('',*,*,#5246,.F.);
#5253 = CYLINDRICAL_SURFACE('',#5254,2.5);
#5254 = AXIS2_PLACEMENT_3D('',#5255,#5256,#5257);
#5255 = CARTESIAN_POINT('',(136.,-75.7,-4.6E-02));
#5256 = DIRECTION('',(-0.,-0.,-1.));
#5257 = DIRECTION('',(-0.,-1.,0.));
#5258 = ADVANCED_FACE('',(#5259),#5270,.F.);
#5259 = FACE_BOUND('',#5260,.T.);
#5260 = EDGE_LOOP('',(#5261,#5262,#5268,#5269));
#5261 = ORIENTED_EDGE('',*,*,#1146,.T.);
#5262 = ORIENTED_EDGE('',*,*,#5263,.T.);
#5263 = EDGE_CURVE('',#1147,#2893,#5264,.T.);
#5264 = LINE('',#5265,#5266);
#5265 = CARTESIAN_POINT('',(141.,-73.45,-4.6E-02));
#5266 = VECTOR('',#5267,1.);
#5267 = DIRECTION('',(0.,0.,1.));
#5268 = ORIENTED_EDGE('',*,*,#2892,.F.);
#5269 = ORIENTED_EDGE('',*,*,#5263,.F.);
#5270 = CYLINDRICAL_SURFACE('',#5271,1.5);
#5271 = AXIS2_PLACEMENT_3D('',#5272,#5273,#5274);
#5272 = CARTESIAN_POINT('',(141.,-71.95,-4.6E-02));
#5273 = DIRECTION('',(-0.,-0.,-1.));
#5274 = DIRECTION('',(-0.,-1.,0.));
#5275 = ADVANCED_FACE('',(#5276),#5287,.F.);
#5276 = FACE_BOUND('',#5277,.T.);
#5277 = EDGE_LOOP('',(#5278,#5279,#5285,#5286));
#5278 = ORIENTED_EDGE('',*,*,#1157,.T.);
#5279 = ORIENTED_EDGE('',*,*,#5280,.T.);
#5280 = EDGE_CURVE('',#1158,#2904,#5281,.T.);
#5281 = LINE('',#5282,#5283);
#5282 = CARTESIAN_POINT('',(149.,-79.13,-4.6E-02));
#5283 = VECTOR('',#5284,1.);
#5284 = DIRECTION('',(0.,0.,1.));
#5285 = ORIENTED_EDGE('',*,*,#2903,.F.);
#5286 = ORIENTED_EDGE('',*,*,#5280,.F.);
#5287 = CYLINDRICAL_SURFACE('',#5288,0.8);
#5288 = AXIS2_PLACEMENT_3D('',#5289,#5290,#5291);
#5289 = CARTESIAN_POINT('',(149.,-78.33,-4.6E-02));
#5290 = DIRECTION('',(-0.,-0.,-1.));
#5291 = DIRECTION('',(-0.,-1.,0.));
#5292 = ADVANCED_FACE('',(#5293),#5304,.F.);
#5293 = FACE_BOUND('',#5294,.T.);
#5294 = EDGE_LOOP('',(#5295,#5296,#5302,#5303));
#5295 = ORIENTED_EDGE('',*,*,#1168,.T.);
#5296 = ORIENTED_EDGE('',*,*,#5297,.T.);
#5297 = EDGE_CURVE('',#1169,#2915,#5298,.T.);
#5298 = LINE('',#5299,#5300);
#5299 = CARTESIAN_POINT('',(141.5,-76.65,-4.6E-02));
#5300 = VECTOR('',#5301,1.);
#5301 = DIRECTION('',(0.,0.,1.));
#5302 = ORIENTED_EDGE('',*,*,#2914,.F.);
#5303 = ORIENTED_EDGE('',*,*,#5297,.F.);
#5304 = CYLINDRICAL_SURFACE('',#5305,0.95);
#5305 = AXIS2_PLACEMENT_3D('',#5306,#5307,#5308);
#5306 = CARTESIAN_POINT('',(141.5,-75.7,-4.6E-02));
#5307 = DIRECTION('',(-0.,-0.,-1.));
#5308 = DIRECTION('',(-0.,-1.,0.));
#5309 = ADVANCED_FACE('',(#5310),#5321,.F.);
#5310 = FACE_BOUND('',#5311,.T.);
#5311 = EDGE_LOOP('',(#5312,#5313,#5319,#5320));
#5312 = ORIENTED_EDGE('',*,*,#1179,.T.);
#5313 = ORIENTED_EDGE('',*,*,#5314,.T.);
#5314 = EDGE_CURVE('',#1180,#2926,#5315,.T.);
#5315 = LINE('',#5316,#5317);
#5316 = CARTESIAN_POINT('',(148.5,-74.13,-4.6E-02));
#5317 = VECTOR('',#5318,1.);
#5318 = DIRECTION('',(0.,0.,1.));
#5319 = ORIENTED_EDGE('',*,*,#2925,.F.);
#5320 = ORIENTED_EDGE('',*,*,#5314,.F.);
#5321 = CYLINDRICAL_SURFACE('',#5322,0.95);
#5322 = AXIS2_PLACEMENT_3D('',#5323,#5324,#5325);
#5323 = CARTESIAN_POINT('',(148.5,-73.18,-4.6E-02));
#5324 = DIRECTION('',(-0.,-0.,-1.));
#5325 = DIRECTION('',(-0.,-1.,0.));
#5326 = ADVANCED_FACE('',(#5327),#5338,.F.);
#5327 = FACE_BOUND('',#5328,.T.);
#5328 = EDGE_LOOP('',(#5329,#5330,#5336,#5337));
#5329 = ORIENTED_EDGE('',*,*,#1190,.T.);
#5330 = ORIENTED_EDGE('',*,*,#5331,.T.);
#5331 = EDGE_CURVE('',#1191,#2937,#5332,.T.);
#5332 = LINE('',#5333,#5334);
#5333 = CARTESIAN_POINT('',(154.,-75.68,-4.6E-02));
#5334 = VECTOR('',#5335,1.);
#5335 = DIRECTION('',(0.,0.,1.));
#5336 = ORIENTED_EDGE('',*,*,#2936,.F.);
#5337 = ORIENTED_EDGE('',*,*,#5331,.F.);
#5338 = CYLINDRICAL_SURFACE('',#5339,2.5);
#5339 = AXIS2_PLACEMENT_3D('',#5340,#5341,#5342);
#5340 = CARTESIAN_POINT('',(154.,-73.18,-4.6E-02));
#5341 = DIRECTION('',(-0.,-0.,-1.));
#5342 = DIRECTION('',(-0.,-1.,0.));
#5343 = ADVANCED_FACE('',(#5344),#5355,.F.);
#5344 = FACE_BOUND('',#5345,.T.);
#5345 = EDGE_LOOP('',(#5346,#5347,#5353,#5354));
#5346 = ORIENTED_EDGE('',*,*,#1201,.T.);
#5347 = ORIENTED_EDGE('',*,*,#5348,.T.);
#5348 = EDGE_CURVE('',#1202,#2948,#5349,.T.);
#5349 = LINE('',#5350,#5351);
#5350 = CARTESIAN_POINT('',(95.,-69.95,-4.6E-02));
#5351 = VECTOR('',#5352,1.);
#5352 = DIRECTION('',(0.,0.,1.));
#5353 = ORIENTED_EDGE('',*,*,#2947,.F.);
#5354 = ORIENTED_EDGE('',*,*,#5348,.F.);
#5355 = CYLINDRICAL_SURFACE('',#5356,0.8);
#5356 = AXIS2_PLACEMENT_3D('',#5357,#5358,#5359);
#5357 = CARTESIAN_POINT('',(95.,-69.15,-4.6E-02));
#5358 = DIRECTION('',(-0.,-0.,-1.));
#5359 = DIRECTION('',(-0.,-1.,0.));
#5360 = ADVANCED_FACE('',(#5361),#5372,.F.);
#5361 = FACE_BOUND('',#5362,.T.);
#5362 = EDGE_LOOP('',(#5363,#5364,#5370,#5371));
#5363 = ORIENTED_EDGE('',*,*,#1212,.T.);
#5364 = ORIENTED_EDGE('',*,*,#5365,.T.);
#5365 = EDGE_CURVE('',#1213,#2959,#5366,.T.);
#5366 = LINE('',#5367,#5368);
#5367 = CARTESIAN_POINT('',(94.5,-64.95,-4.6E-02));
#5368 = VECTOR('',#5369,1.);
#5369 = DIRECTION('',(0.,0.,1.));
#5370 = ORIENTED_EDGE('',*,*,#2958,.F.);
#5371 = ORIENTED_EDGE('',*,*,#5365,.F.);
#5372 = CYLINDRICAL_SURFACE('',#5373,0.95);
#5373 = AXIS2_PLACEMENT_3D('',#5374,#5375,#5376);
#5374 = CARTESIAN_POINT('',(94.5,-64.,-4.6E-02));
#5375 = DIRECTION('',(-0.,-0.,-1.));
#5376 = DIRECTION('',(-0.,-1.,0.));
#5377 = ADVANCED_FACE('',(#5378),#5389,.F.);
#5378 = FACE_BOUND('',#5379,.T.);
#5379 = EDGE_LOOP('',(#5380,#5381,#5387,#5388));
#5380 = ORIENTED_EDGE('',*,*,#1223,.T.);
#5381 = ORIENTED_EDGE('',*,*,#5382,.T.);
#5382 = EDGE_CURVE('',#1224,#2970,#5383,.T.);
#5383 = LINE('',#5384,#5385);
#5384 = CARTESIAN_POINT('',(100.,-66.5,-4.6E-02));
#5385 = VECTOR('',#5386,1.);
#5386 = DIRECTION('',(0.,0.,1.));
#5387 = ORIENTED_EDGE('',*,*,#2969,.F.);
#5388 = ORIENTED_EDGE('',*,*,#5382,.F.);
#5389 = CYLINDRICAL_SURFACE('',#5390,2.5);
#5390 = AXIS2_PLACEMENT_3D('',#5391,#5392,#5393);
#5391 = CARTESIAN_POINT('',(100.,-64.,-4.6E-02));
#5392 = DIRECTION('',(-0.,-0.,-1.));
#5393 = DIRECTION('',(-0.,-1.,0.));
#5394 = ADVANCED_FACE('',(#5395),#5406,.F.);
#5395 = FACE_BOUND('',#5396,.T.);
#5396 = EDGE_LOOP('',(#5397,#5398,#5404,#5405));
#5397 = ORIENTED_EDGE('',*,*,#1234,.T.);
#5398 = ORIENTED_EDGE('',*,*,#5399,.T.);
#5399 = EDGE_CURVE('',#1235,#2981,#5400,.T.);
#5400 = LINE('',#5401,#5402);
#5401 = CARTESIAN_POINT('',(105.5,-64.95,-4.6E-02));
#5402 = VECTOR('',#5403,1.);
#5403 = DIRECTION('',(0.,0.,1.));
#5404 = ORIENTED_EDGE('',*,*,#2980,.F.);
#5405 = ORIENTED_EDGE('',*,*,#5399,.F.);
#5406 = CYLINDRICAL_SURFACE('',#5407,0.95);
#5407 = AXIS2_PLACEMENT_3D('',#5408,#5409,#5410);
#5408 = CARTESIAN_POINT('',(105.5,-64.,-4.6E-02));
#5409 = DIRECTION('',(-0.,-0.,-1.));
#5410 = DIRECTION('',(-0.,-1.,0.));
#5411 = ADVANCED_FACE('',(#5412),#5423,.F.);
#5412 = FACE_BOUND('',#5413,.T.);
#5413 = EDGE_LOOP('',(#5414,#5415,#5421,#5422));
#5414 = ORIENTED_EDGE('',*,*,#1245,.T.);
#5415 = ORIENTED_EDGE('',*,*,#5416,.T.);
#5416 = EDGE_CURVE('',#1246,#2992,#5417,.T.);
#5417 = LINE('',#5418,#5419);
#5418 = CARTESIAN_POINT('',(105.,-61.75,-4.6E-02));
#5419 = VECTOR('',#5420,1.);
#5420 = DIRECTION('',(0.,0.,1.));
#5421 = ORIENTED_EDGE('',*,*,#2991,.F.);
#5422 = ORIENTED_EDGE('',*,*,#5416,.F.);
#5423 = CYLINDRICAL_SURFACE('',#5424,1.5);
#5424 = AXIS2_PLACEMENT_3D('',#5425,#5426,#5427);
#5425 = CARTESIAN_POINT('',(105.,-60.25,-4.6E-02));
#5426 = DIRECTION('',(-0.,-0.,-1.));
#5427 = DIRECTION('',(-0.,-1.,0.));
#5428 = ADVANCED_FACE('',(#5429),#5440,.F.);
#5429 = FACE_BOUND('',#5430,.T.);
#5430 = EDGE_LOOP('',(#5431,#5432,#5438,#5439));
#5431 = ORIENTED_EDGE('',*,*,#1256,.T.);
#5432 = ORIENTED_EDGE('',*,*,#5433,.T.);
#5433 = EDGE_CURVE('',#1257,#3003,#5434,.T.);
#5434 = LINE('',#5435,#5436);
#5435 = CARTESIAN_POINT('',(113.,-69.95,-4.6E-02));
#5436 = VECTOR('',#5437,1.);
#5437 = DIRECTION('',(0.,0.,1.));
#5438 = ORIENTED_EDGE('',*,*,#3002,.F.);
#5439 = ORIENTED_EDGE('',*,*,#5433,.F.);
#5440 = CYLINDRICAL_SURFACE('',#5441,0.8);
#5441 = AXIS2_PLACEMENT_3D('',#5442,#5443,#5444);
#5442 = CARTESIAN_POINT('',(113.,-69.15,-4.6E-02));
#5443 = DIRECTION('',(-0.,-0.,-1.));
#5444 = DIRECTION('',(-0.,-1.,0.));
#5445 = ADVANCED_FACE('',(#5446),#5457,.F.);
#5446 = FACE_BOUND('',#5447,.T.);
#5447 = EDGE_LOOP('',(#5448,#5449,#5455,#5456));
#5448 = ORIENTED_EDGE('',*,*,#1267,.T.);
#5449 = ORIENTED_EDGE('',*,*,#5450,.T.);
#5450 = EDGE_CURVE('',#1268,#3014,#5451,.T.);
#5451 = LINE('',#5452,#5453);
#5452 = CARTESIAN_POINT('',(112.5,-64.95,-4.6E-02));
#5453 = VECTOR('',#5454,1.);
#5454 = DIRECTION('',(0.,0.,1.));
#5455 = ORIENTED_EDGE('',*,*,#3013,.F.);
#5456 = ORIENTED_EDGE('',*,*,#5450,.F.);
#5457 = CYLINDRICAL_SURFACE('',#5458,0.95);
#5458 = AXIS2_PLACEMENT_3D('',#5459,#5460,#5461);
#5459 = CARTESIAN_POINT('',(112.5,-64.,-4.6E-02));
#5460 = DIRECTION('',(-0.,-0.,-1.));
#5461 = DIRECTION('',(-0.,-1.,0.));
#5462 = ADVANCED_FACE('',(#5463),#5474,.F.);
#5463 = FACE_BOUND('',#5464,.T.);
#5464 = EDGE_LOOP('',(#5465,#5466,#5472,#5473));
#5465 = ORIENTED_EDGE('',*,*,#1278,.T.);
#5466 = ORIENTED_EDGE('',*,*,#5467,.T.);
#5467 = EDGE_CURVE('',#1279,#3025,#5468,.T.);
#5468 = LINE('',#5469,#5470);
#5469 = CARTESIAN_POINT('',(118.,-66.5,-4.6E-02));
#5470 = VECTOR('',#5471,1.);
#5471 = DIRECTION('',(0.,0.,1.));
#5472 = ORIENTED_EDGE('',*,*,#3024,.F.);
#5473 = ORIENTED_EDGE('',*,*,#5467,.F.);
#5474 = CYLINDRICAL_SURFACE('',#5475,2.5);
#5475 = AXIS2_PLACEMENT_3D('',#5476,#5477,#5478);
#5476 = CARTESIAN_POINT('',(118.,-64.,-4.6E-02));
#5477 = DIRECTION('',(-0.,-0.,-1.));
#5478 = DIRECTION('',(-0.,-1.,0.));
#5479 = ADVANCED_FACE('',(#5480),#5491,.F.);
#5480 = FACE_BOUND('',#5481,.T.);
#5481 = EDGE_LOOP('',(#5482,#5483,#5489,#5490));
#5482 = ORIENTED_EDGE('',*,*,#1289,.T.);
#5483 = ORIENTED_EDGE('',*,*,#5484,.T.);
#5484 = EDGE_CURVE('',#1290,#3036,#5485,.T.);
#5485 = LINE('',#5486,#5487);
#5486 = CARTESIAN_POINT('',(123.5,-64.95,-4.6E-02));
#5487 = VECTOR('',#5488,1.);
#5488 = DIRECTION('',(0.,0.,1.));
#5489 = ORIENTED_EDGE('',*,*,#3035,.F.);
#5490 = ORIENTED_EDGE('',*,*,#5484,.F.);
#5491 = CYLINDRICAL_SURFACE('',#5492,0.95);
#5492 = AXIS2_PLACEMENT_3D('',#5493,#5494,#5495);
#5493 = CARTESIAN_POINT('',(123.5,-64.,-4.6E-02));
#5494 = DIRECTION('',(-0.,-0.,-1.));
#5495 = DIRECTION('',(-0.,-1.,0.));
#5496 = ADVANCED_FACE('',(#5497),#5508,.F.);
#5497 = FACE_BOUND('',#5498,.T.);
#5498 = EDGE_LOOP('',(#5499,#5500,#5506,#5507));
#5499 = ORIENTED_EDGE('',*,*,#1300,.T.);
#5500 = ORIENTED_EDGE('',*,*,#5501,.T.);
#5501 = EDGE_CURVE('',#1301,#3047,#5502,.T.);
#5502 = LINE('',#5503,#5504);
#5503 = CARTESIAN_POINT('',(123.,-61.75,-4.6E-02));
#5504 = VECTOR('',#5505,1.);
#5505 = DIRECTION('',(0.,0.,1.));
#5506 = ORIENTED_EDGE('',*,*,#3046,.F.);
#5507 = ORIENTED_EDGE('',*,*,#5501,.F.);
#5508 = CYLINDRICAL_SURFACE('',#5509,1.5);
#5509 = AXIS2_PLACEMENT_3D('',#5510,#5511,#5512);
#5510 = CARTESIAN_POINT('',(123.,-60.25,-4.6E-02));
#5511 = DIRECTION('',(-0.,-0.,-1.));
#5512 = DIRECTION('',(-0.,-1.,0.));
#5513 = ADVANCED_FACE('',(#5514),#5525,.F.);
#5514 = FACE_BOUND('',#5515,.T.);
#5515 = EDGE_LOOP('',(#5516,#5517,#5523,#5524));
#5516 = ORIENTED_EDGE('',*,*,#1311,.T.);
#5517 = ORIENTED_EDGE('',*,*,#5518,.T.);
#5518 = EDGE_CURVE('',#1312,#3058,#5519,.T.);
#5519 = LINE('',#5520,#5521);
#5520 = CARTESIAN_POINT('',(100.,-59.55,-4.6E-02));
#5521 = VECTOR('',#5522,1.);
#5522 = DIRECTION('',(0.,0.,1.));
#5523 = ORIENTED_EDGE('',*,*,#3057,.F.);
#5524 = ORIENTED_EDGE('',*,*,#5518,.F.);
#5525 = CYLINDRICAL_SURFACE('',#5526,1.5);
#5526 = AXIS2_PLACEMENT_3D('',#5527,#5528,#5529);
#5527 = CARTESIAN_POINT('',(100.,-58.05,-4.6E-02));
#5528 = DIRECTION('',(-0.,-0.,-1.));
#5529 = DIRECTION('',(-0.,-1.,0.));
#5530 = ADVANCED_FACE('',(#5531),#5542,.F.);
#5531 = FACE_BOUND('',#5532,.T.);
#5532 = EDGE_LOOP('',(#5533,#5534,#5540,#5541));
#5533 = ORIENTED_EDGE('',*,*,#1322,.T.);
#5534 = ORIENTED_EDGE('',*,*,#5535,.T.);
#5535 = EDGE_CURVE('',#1323,#3069,#5536,.T.);
#5536 = LINE('',#5537,#5538);
#5537 = CARTESIAN_POINT('',(118.,-59.55,-4.6E-02));
#5538 = VECTOR('',#5539,1.);
#5539 = DIRECTION('',(0.,0.,1.));
#5540 = ORIENTED_EDGE('',*,*,#3068,.F.);
#5541 = ORIENTED_EDGE('',*,*,#5535,.F.);
#5542 = CYLINDRICAL_SURFACE('',#5543,1.5);
#5543 = AXIS2_PLACEMENT_3D('',#5544,#5545,#5546);
#5544 = CARTESIAN_POINT('',(118.,-58.05,-4.6E-02));
#5545 = DIRECTION('',(-0.,-0.,-1.));
#5546 = DIRECTION('',(-0.,-1.,0.));
#5547 = ADVANCED_FACE('',(#5548),#5559,.F.);
#5548 = FACE_BOUND('',#5549,.T.);
#5549 = EDGE_LOOP('',(#5550,#5551,#5557,#5558));
#5550 = ORIENTED_EDGE('',*,*,#1333,.T.);
#5551 = ORIENTED_EDGE('',*,*,#5552,.T.);
#5552 = EDGE_CURVE('',#1334,#3080,#5553,.T.);
#5553 = LINE('',#5554,#5555);
#5554 = CARTESIAN_POINT('',(136.,-71.25,-4.6E-02));
#5555 = VECTOR('',#5556,1.);
#5556 = DIRECTION('',(0.,0.,1.));
#5557 = ORIENTED_EDGE('',*,*,#3079,.F.);
#5558 = ORIENTED_EDGE('',*,*,#5552,.F.);
#5559 = CYLINDRICAL_SURFACE('',#5560,1.5);
#5560 = AXIS2_PLACEMENT_3D('',#5561,#5562,#5563);
#5561 = CARTESIAN_POINT('',(136.,-69.75,-4.6E-02));
#5562 = DIRECTION('',(-0.,-0.,-1.));
#5563 = DIRECTION('',(-0.,-1.,0.));
#5564 = ADVANCED_FACE('',(#5565),#5576,.F.);
#5565 = FACE_BOUND('',#5566,.T.);
#5566 = EDGE_LOOP('',(#5567,#5568,#5574,#5575));
#5567 = ORIENTED_EDGE('',*,*,#1344,.T.);
#5568 = ORIENTED_EDGE('',*,*,#5569,.T.);
#5569 = EDGE_CURVE('',#1345,#3091,#5570,.T.);
#5570 = LINE('',#5571,#5572);
#5571 = CARTESIAN_POINT('',(131.,-63.65,-4.6E-02));
#5572 = VECTOR('',#5573,1.);
#5573 = DIRECTION('',(0.,0.,1.));
#5574 = ORIENTED_EDGE('',*,*,#3090,.F.);
#5575 = ORIENTED_EDGE('',*,*,#5569,.F.);
#5576 = CYLINDRICAL_SURFACE('',#5577,0.8);
#5577 = AXIS2_PLACEMENT_3D('',#5578,#5579,#5580);
#5578 = CARTESIAN_POINT('',(131.,-62.85,-4.6E-02));
#5579 = DIRECTION('',(-0.,-0.,-1.));
#5580 = DIRECTION('',(-0.,-1.,0.));
#5581 = ADVANCED_FACE('',(#5582),#5593,.F.);
#5582 = FACE_BOUND('',#5583,.T.);
#5583 = EDGE_LOOP('',(#5584,#5585,#5591,#5592));
#5584 = ORIENTED_EDGE('',*,*,#1355,.T.);
#5585 = ORIENTED_EDGE('',*,*,#5586,.T.);
#5586 = EDGE_CURVE('',#1356,#3102,#5587,.T.);
#5587 = LINE('',#5588,#5589);
#5588 = CARTESIAN_POINT('',(154.,-68.73,-4.6E-02));
#5589 = VECTOR('',#5590,1.);
#5590 = DIRECTION('',(0.,0.,1.));
#5591 = ORIENTED_EDGE('',*,*,#3101,.F.);
#5592 = ORIENTED_EDGE('',*,*,#5586,.F.);
#5593 = CYLINDRICAL_SURFACE('',#5594,1.5);
#5594 = AXIS2_PLACEMENT_3D('',#5595,#5596,#5597);
#5595 = CARTESIAN_POINT('',(154.,-67.23,-4.6E-02));
#5596 = DIRECTION('',(-0.,-0.,-1.));
#5597 = DIRECTION('',(-0.,-1.,0.));
#5598 = ADVANCED_FACE('',(#5599),#5610,.F.);
#5599 = FACE_BOUND('',#5600,.T.);
#5600 = EDGE_LOOP('',(#5601,#5602,#5608,#5609));
#5601 = ORIENTED_EDGE('',*,*,#1366,.T.);
#5602 = ORIENTED_EDGE('',*,*,#5603,.T.);
#5603 = EDGE_CURVE('',#1367,#3113,#5604,.T.);
#5604 = LINE('',#5605,#5606);
#5605 = CARTESIAN_POINT('',(149.,-61.13,-4.6E-02));
#5606 = VECTOR('',#5607,1.);
#5607 = DIRECTION('',(0.,0.,1.));
#5608 = ORIENTED_EDGE('',*,*,#3112,.F.);
#5609 = ORIENTED_EDGE('',*,*,#5603,.F.);
#5610 = CYLINDRICAL_SURFACE('',#5611,0.8);
#5611 = AXIS2_PLACEMENT_3D('',#5612,#5613,#5614);
#5612 = CARTESIAN_POINT('',(149.,-60.33,-4.6E-02));
#5613 = DIRECTION('',(-0.,-0.,-1.));
#5614 = DIRECTION('',(-0.,-1.,0.));
#5615 = ADVANCED_FACE('',(#5616),#5627,.F.);
#5616 = FACE_BOUND('',#5617,.T.);
#5617 = EDGE_LOOP('',(#5618,#5619,#5625,#5626));
#5618 = ORIENTED_EDGE('',*,*,#1377,.T.);
#5619 = ORIENTED_EDGE('',*,*,#5620,.T.);
#5620 = EDGE_CURVE('',#1378,#3124,#5621,.T.);
#5621 = LINE('',#5622,#5623);
#5622 = CARTESIAN_POINT('',(130.5,-58.65,-4.6E-02));
#5623 = VECTOR('',#5624,1.);
#5624 = DIRECTION('',(0.,0.,1.));
#5625 = ORIENTED_EDGE('',*,*,#3123,.F.);
#5626 = ORIENTED_EDGE('',*,*,#5620,.F.);
#5627 = CYLINDRICAL_SURFACE('',#5628,0.95);
#5628 = AXIS2_PLACEMENT_3D('',#5629,#5630,#5631);
#5629 = CARTESIAN_POINT('',(130.5,-57.7,-4.6E-02));
#5630 = DIRECTION('',(-0.,-0.,-1.));
#5631 = DIRECTION('',(-0.,-1.,0.));
#5632 = ADVANCED_FACE('',(#5633),#5644,.F.);
#5633 = FACE_BOUND('',#5634,.T.);
#5634 = EDGE_LOOP('',(#5635,#5636,#5642,#5643));
#5635 = ORIENTED_EDGE('',*,*,#1388,.T.);
#5636 = ORIENTED_EDGE('',*,*,#5637,.T.);
#5637 = EDGE_CURVE('',#1389,#3135,#5638,.T.);
#5638 = LINE('',#5639,#5640);
#5639 = CARTESIAN_POINT('',(136.,-60.2,-4.6E-02));
#5640 = VECTOR('',#5641,1.);
#5641 = DIRECTION('',(0.,0.,1.));
#5642 = ORIENTED_EDGE('',*,*,#3134,.F.);
#5643 = ORIENTED_EDGE('',*,*,#5637,.F.);
#5644 = CYLINDRICAL_SURFACE('',#5645,2.5);
#5645 = AXIS2_PLACEMENT_3D('',#5646,#5647,#5648);
#5646 = CARTESIAN_POINT('',(136.,-57.7,-4.6E-02));
#5647 = DIRECTION('',(-0.,-0.,-1.));
#5648 = DIRECTION('',(-0.,-1.,0.));
#5649 = ADVANCED_FACE('',(#5650),#5661,.F.);
#5650 = FACE_BOUND('',#5651,.T.);
#5651 = EDGE_LOOP('',(#5652,#5653,#5659,#5660));
#5652 = ORIENTED_EDGE('',*,*,#1399,.T.);
#5653 = ORIENTED_EDGE('',*,*,#5654,.T.);
#5654 = EDGE_CURVE('',#1400,#3146,#5655,.T.);
#5655 = LINE('',#5656,#5657);
#5656 = CARTESIAN_POINT('',(141.,-55.45,-4.6E-02));
#5657 = VECTOR('',#5658,1.);
#5658 = DIRECTION('',(0.,0.,1.));
#5659 = ORIENTED_EDGE('',*,*,#3145,.F.);
#5660 = ORIENTED_EDGE('',*,*,#5654,.F.);
#5661 = CYLINDRICAL_SURFACE('',#5662,1.5);
#5662 = AXIS2_PLACEMENT_3D('',#5663,#5664,#5665);
#5663 = CARTESIAN_POINT('',(141.,-53.95,-4.6E-02));
#5664 = DIRECTION('',(-0.,-0.,-1.));
#5665 = DIRECTION('',(-0.,-1.,0.));
#5666 = ADVANCED_FACE('',(#5667),#5678,.F.);
#5667 = FACE_BOUND('',#5668,.T.);
#5668 = EDGE_LOOP('',(#5669,#5670,#5676,#5677));
#5669 = ORIENTED_EDGE('',*,*,#1410,.T.);
#5670 = ORIENTED_EDGE('',*,*,#5671,.T.);
#5671 = EDGE_CURVE('',#1411,#3157,#5672,.T.);
#5672 = LINE('',#5673,#5674);
#5673 = CARTESIAN_POINT('',(136.,-53.25,-4.6E-02));
#5674 = VECTOR('',#5675,1.);
#5675 = DIRECTION('',(0.,0.,1.));
#5676 = ORIENTED_EDGE('',*,*,#3156,.F.);
#5677 = ORIENTED_EDGE('',*,*,#5671,.F.);
#5678 = CYLINDRICAL_SURFACE('',#5679,1.5);
#5679 = AXIS2_PLACEMENT_3D('',#5680,#5681,#5682);
#5680 = CARTESIAN_POINT('',(136.,-51.75,-4.6E-02));
#5681 = DIRECTION('',(-0.,-0.,-1.));
#5682 = DIRECTION('',(-0.,-1.,0.));
#5683 = ADVANCED_FACE('',(#5684),#5695,.F.);
#5684 = FACE_BOUND('',#5685,.T.);
#5685 = EDGE_LOOP('',(#5686,#5687,#5693,#5694));
#5686 = ORIENTED_EDGE('',*,*,#1421,.T.);
#5687 = ORIENTED_EDGE('',*,*,#5688,.T.);
#5688 = EDGE_CURVE('',#1422,#3168,#5689,.T.);
#5689 = LINE('',#5690,#5691);
#5690 = CARTESIAN_POINT('',(141.5,-58.65,-4.6E-02));
#5691 = VECTOR('',#5692,1.);
#5692 = DIRECTION('',(0.,0.,1.));
#5693 = ORIENTED_EDGE('',*,*,#3167,.F.);
#5694 = ORIENTED_EDGE('',*,*,#5688,.F.);
#5695 = CYLINDRICAL_SURFACE('',#5696,0.95);
#5696 = AXIS2_PLACEMENT_3D('',#5697,#5698,#5699);
#5697 = CARTESIAN_POINT('',(141.5,-57.7,-4.6E-02));
#5698 = DIRECTION('',(-0.,-0.,-1.));
#5699 = DIRECTION('',(-0.,-1.,0.));
#5700 = ADVANCED_FACE('',(#5701),#5712,.F.);
#5701 = FACE_BOUND('',#5702,.T.);
#5702 = EDGE_LOOP('',(#5703,#5704,#5710,#5711));
#5703 = ORIENTED_EDGE('',*,*,#1432,.T.);
#5704 = ORIENTED_EDGE('',*,*,#5705,.T.);
#5705 = EDGE_CURVE('',#1433,#3179,#5706,.T.);
#5706 = LINE('',#5707,#5708);
#5707 = CARTESIAN_POINT('',(148.5,-56.13,-4.6E-02));
#5708 = VECTOR('',#5709,1.);
#5709 = DIRECTION('',(0.,0.,1.));
#5710 = ORIENTED_EDGE('',*,*,#3178,.F.);
#5711 = ORIENTED_EDGE('',*,*,#5705,.F.);
#5712 = CYLINDRICAL_SURFACE('',#5713,0.95);
#5713 = AXIS2_PLACEMENT_3D('',#5714,#5715,#5716);
#5714 = CARTESIAN_POINT('',(148.5,-55.18,-4.6E-02));
#5715 = DIRECTION('',(-0.,-0.,-1.));
#5716 = DIRECTION('',(-0.,-1.,0.));
#5717 = ADVANCED_FACE('',(#5718),#5729,.F.);
#5718 = FACE_BOUND('',#5719,.T.);
#5719 = EDGE_LOOP('',(#5720,#5721,#5727,#5728));
#5720 = ORIENTED_EDGE('',*,*,#1443,.T.);
#5721 = ORIENTED_EDGE('',*,*,#5722,.T.);
#5722 = EDGE_CURVE('',#1444,#3190,#5723,.T.);
#5723 = LINE('',#5724,#5725);
#5724 = CARTESIAN_POINT('',(154.,-57.68,-4.6E-02));
#5725 = VECTOR('',#5726,1.);
#5726 = DIRECTION('',(0.,0.,1.));
#5727 = ORIENTED_EDGE('',*,*,#3189,.F.);
#5728 = ORIENTED_EDGE('',*,*,#5722,.F.);
#5729 = CYLINDRICAL_SURFACE('',#5730,2.5);
#5730 = AXIS2_PLACEMENT_3D('',#5731,#5732,#5733);
#5731 = CARTESIAN_POINT('',(154.,-55.18,-4.6E-02));
#5732 = DIRECTION('',(-0.,-0.,-1.));
#5733 = DIRECTION('',(-0.,-1.,0.));
#5734 = ADVANCED_FACE('',(#5735),#5746,.F.);
#5735 = FACE_BOUND('',#5736,.T.);
#5736 = EDGE_LOOP('',(#5737,#5738,#5744,#5745));
#5737 = ORIENTED_EDGE('',*,*,#1454,.T.);
#5738 = ORIENTED_EDGE('',*,*,#5739,.T.);
#5739 = EDGE_CURVE('',#1455,#3201,#5740,.T.);
#5740 = LINE('',#5741,#5742);
#5741 = CARTESIAN_POINT('',(154.,-50.73,-4.6E-02));
#5742 = VECTOR('',#5743,1.);
#5743 = DIRECTION('',(0.,0.,1.));
#5744 = ORIENTED_EDGE('',*,*,#3200,.F.);
#5745 = ORIENTED_EDGE('',*,*,#5739,.F.);
#5746 = CYLINDRICAL_SURFACE('',#5747,1.5);
#5747 = AXIS2_PLACEMENT_3D('',#5748,#5749,#5750);
#5748 = CARTESIAN_POINT('',(154.,-49.23,-4.6E-02));
#5749 = DIRECTION('',(-0.,-0.,-1.));
#5750 = DIRECTION('',(-0.,-1.,0.));
#5751 = ADVANCED_FACE('',(#5752),#5763,.F.);
#5752 = FACE_BOUND('',#5753,.T.);
#5753 = EDGE_LOOP('',(#5754,#5755,#5761,#5762));
#5754 = ORIENTED_EDGE('',*,*,#1465,.T.);
#5755 = ORIENTED_EDGE('',*,*,#5756,.T.);
#5756 = EDGE_CURVE('',#1466,#3212,#5757,.T.);
#5757 = LINE('',#5758,#5759);
#5758 = CARTESIAN_POINT('',(159.5,-92.13,-4.6E-02));
#5759 = VECTOR('',#5760,1.);
#5760 = DIRECTION('',(0.,0.,1.));
#5761 = ORIENTED_EDGE('',*,*,#3211,.F.);
#5762 = ORIENTED_EDGE('',*,*,#5756,.F.);
#5763 = CYLINDRICAL_SURFACE('',#5764,0.95);
#5764 = AXIS2_PLACEMENT_3D('',#5765,#5766,#5767);
#5765 = CARTESIAN_POINT('',(159.5,-91.18,-4.6E-02));
#5766 = DIRECTION('',(-0.,-0.,-1.));
#5767 = DIRECTION('',(-0.,-1.,0.));
#5768 = ADVANCED_FACE('',(#5769),#5780,.F.);
#5769 = FACE_BOUND('',#5770,.T.);
#5770 = EDGE_LOOP('',(#5771,#5772,#5778,#5779));
#5771 = ORIENTED_EDGE('',*,*,#1476,.T.);
#5772 = ORIENTED_EDGE('',*,*,#5773,.T.);
#5773 = EDGE_CURVE('',#1477,#3223,#5774,.T.);
#5774 = LINE('',#5775,#5776);
#5775 = CARTESIAN_POINT('',(159.,-88.93,-4.6E-02));
#5776 = VECTOR('',#5777,1.);
#5777 = DIRECTION('',(0.,0.,1.));
#5778 = ORIENTED_EDGE('',*,*,#3222,.F.);
#5779 = ORIENTED_EDGE('',*,*,#5773,.F.);
#5780 = CYLINDRICAL_SURFACE('',#5781,1.5);
#5781 = AXIS2_PLACEMENT_3D('',#5782,#5783,#5784);
#5782 = CARTESIAN_POINT('',(159.,-87.43,-4.6E-02));
#5783 = DIRECTION('',(-0.,-0.,-1.));
#5784 = DIRECTION('',(-0.,-1.,0.));
#5785 = ADVANCED_FACE('',(#5786),#5797,.F.);
#5786 = FACE_BOUND('',#5787,.T.);
#5787 = EDGE_LOOP('',(#5788,#5789,#5795,#5796));
#5788 = ORIENTED_EDGE('',*,*,#1487,.T.);
#5789 = ORIENTED_EDGE('',*,*,#5790,.T.);
#5790 = EDGE_CURVE('',#1488,#3234,#5791,.T.);
#5791 = LINE('',#5792,#5793);
#5792 = CARTESIAN_POINT('',(172.,-91.23,-4.6E-02));
#5793 = VECTOR('',#5794,1.);
#5794 = DIRECTION('',(0.,0.,1.));
#5795 = ORIENTED_EDGE('',*,*,#3233,.F.);
#5796 = ORIENTED_EDGE('',*,*,#5790,.F.);
#5797 = CYLINDRICAL_SURFACE('',#5798,1.5);
#5798 = AXIS2_PLACEMENT_3D('',#5799,#5800,#5801);
#5799 = CARTESIAN_POINT('',(172.,-89.73,-4.6E-02));
#5800 = DIRECTION('',(-0.,-0.,-1.));
#5801 = DIRECTION('',(-0.,-1.,0.));
#5802 = ADVANCED_FACE('',(#5803),#5814,.F.);
#5803 = FACE_BOUND('',#5804,.T.);
#5804 = EDGE_LOOP('',(#5805,#5806,#5812,#5813));
#5805 = ORIENTED_EDGE('',*,*,#1498,.T.);
#5806 = ORIENTED_EDGE('',*,*,#5807,.T.);
#5807 = EDGE_CURVE('',#1499,#3245,#5808,.T.);
#5808 = LINE('',#5809,#5810);
#5809 = CARTESIAN_POINT('',(167.,-83.63,-4.6E-02));
#5810 = VECTOR('',#5811,1.);
#5811 = DIRECTION('',(0.,0.,1.));
#5812 = ORIENTED_EDGE('',*,*,#3244,.F.);
#5813 = ORIENTED_EDGE('',*,*,#5807,.F.);
#5814 = CYLINDRICAL_SURFACE('',#5815,0.8);
#5815 = AXIS2_PLACEMENT_3D('',#5816,#5817,#5818);
#5816 = CARTESIAN_POINT('',(167.,-82.83,-4.6E-02));
#5817 = DIRECTION('',(-0.,-0.,-1.));
#5818 = DIRECTION('',(-0.,-1.,0.));
#5819 = ADVANCED_FACE('',(#5820),#5831,.F.);
#5820 = FACE_BOUND('',#5821,.T.);
#5821 = EDGE_LOOP('',(#5822,#5823,#5829,#5830));
#5822 = ORIENTED_EDGE('',*,*,#1509,.T.);
#5823 = ORIENTED_EDGE('',*,*,#5824,.T.);
#5824 = EDGE_CURVE('',#1510,#3256,#5825,.T.);
#5825 = LINE('',#5826,#5827);
#5826 = CARTESIAN_POINT('',(185.,-85.61,-4.6E-02));
#5827 = VECTOR('',#5828,1.);
#5828 = DIRECTION('',(0.,0.,1.));
#5829 = ORIENTED_EDGE('',*,*,#3255,.F.);
#5830 = ORIENTED_EDGE('',*,*,#5824,.F.);
#5831 = CYLINDRICAL_SURFACE('',#5832,0.8);
#5832 = AXIS2_PLACEMENT_3D('',#5833,#5834,#5835);
#5833 = CARTESIAN_POINT('',(185.,-84.81,-4.6E-02));
#5834 = DIRECTION('',(-0.,-0.,-1.));
#5835 = DIRECTION('',(-0.,-1.,0.));
#5836 = ADVANCED_FACE('',(#5837),#5848,.F.);
#5837 = FACE_BOUND('',#5838,.T.);
#5838 = EDGE_LOOP('',(#5839,#5840,#5846,#5847));
#5839 = ORIENTED_EDGE('',*,*,#1520,.T.);
#5840 = ORIENTED_EDGE('',*,*,#5841,.T.);
#5841 = EDGE_CURVE('',#1521,#3267,#5842,.T.);
#5842 = LINE('',#5843,#5844);
#5843 = CARTESIAN_POINT('',(166.5,-78.63,-4.6E-02));
#5844 = VECTOR('',#5845,1.);
#5845 = DIRECTION('',(0.,0.,1.));
#5846 = ORIENTED_EDGE('',*,*,#3266,.F.);
#5847 = ORIENTED_EDGE('',*,*,#5841,.F.);
#5848 = CYLINDRICAL_SURFACE('',#5849,0.95);
#5849 = AXIS2_PLACEMENT_3D('',#5850,#5851,#5852);
#5850 = CARTESIAN_POINT('',(166.5,-77.68,-4.6E-02));
#5851 = DIRECTION('',(-0.,-0.,-1.));
#5852 = DIRECTION('',(-0.,-1.,0.));
#5853 = ADVANCED_FACE('',(#5854),#5865,.F.);
#5854 = FACE_BOUND('',#5855,.T.);
#5855 = EDGE_LOOP('',(#5856,#5857,#5863,#5864));
#5856 = ORIENTED_EDGE('',*,*,#1531,.T.);
#5857 = ORIENTED_EDGE('',*,*,#5858,.T.);
#5858 = EDGE_CURVE('',#1532,#3278,#5859,.T.);
#5859 = LINE('',#5860,#5861);
#5860 = CARTESIAN_POINT('',(172.,-80.18,-4.6E-02));
#5861 = VECTOR('',#5862,1.);
#5862 = DIRECTION('',(0.,0.,1.));
#5863 = ORIENTED_EDGE('',*,*,#3277,.F.);
#5864 = ORIENTED_EDGE('',*,*,#5858,.F.);
#5865 = CYLINDRICAL_SURFACE('',#5866,2.5);
#5866 = AXIS2_PLACEMENT_3D('',#5867,#5868,#5869);
#5867 = CARTESIAN_POINT('',(172.,-77.68,-4.6E-02));
#5868 = DIRECTION('',(-0.,-0.,-1.));
#5869 = DIRECTION('',(-0.,-1.,0.));
#5870 = ADVANCED_FACE('',(#5871),#5882,.F.);
#5871 = FACE_BOUND('',#5872,.T.);
#5872 = EDGE_LOOP('',(#5873,#5874,#5880,#5881));
#5873 = ORIENTED_EDGE('',*,*,#1542,.T.);
#5874 = ORIENTED_EDGE('',*,*,#5875,.T.);
#5875 = EDGE_CURVE('',#1543,#3289,#5876,.T.);
#5876 = LINE('',#5877,#5878);
#5877 = CARTESIAN_POINT('',(159.5,-74.13,-4.6E-02));
#5878 = VECTOR('',#5879,1.);
#5879 = DIRECTION('',(0.,0.,1.));
#5880 = ORIENTED_EDGE('',*,*,#3288,.F.);
#5881 = ORIENTED_EDGE('',*,*,#5875,.F.);
#5882 = CYLINDRICAL_SURFACE('',#5883,0.95);
#5883 = AXIS2_PLACEMENT_3D('',#5884,#5885,#5886);
#5884 = CARTESIAN_POINT('',(159.5,-73.18,-4.6E-02));
#5885 = DIRECTION('',(-0.,-0.,-1.));
#5886 = DIRECTION('',(-0.,-1.,0.));
#5887 = ADVANCED_FACE('',(#5888),#5899,.F.);
#5888 = FACE_BOUND('',#5889,.T.);
#5889 = EDGE_LOOP('',(#5890,#5891,#5897,#5898));
#5890 = ORIENTED_EDGE('',*,*,#1553,.T.);
#5891 = ORIENTED_EDGE('',*,*,#5892,.T.);
#5892 = EDGE_CURVE('',#1554,#3300,#5893,.T.);
#5893 = LINE('',#5894,#5895);
#5894 = CARTESIAN_POINT('',(172.,-73.23,-4.6E-02));
#5895 = VECTOR('',#5896,1.);
#5896 = DIRECTION('',(0.,0.,1.));
#5897 = ORIENTED_EDGE('',*,*,#3299,.F.);
#5898 = ORIENTED_EDGE('',*,*,#5892,.F.);
#5899 = CYLINDRICAL_SURFACE('',#5900,1.5);
#5900 = AXIS2_PLACEMENT_3D('',#5901,#5902,#5903);
#5901 = CARTESIAN_POINT('',(172.,-71.73,-4.6E-02));
#5902 = DIRECTION('',(-0.,-0.,-1.));
#5903 = DIRECTION('',(-0.,-1.,0.));
#5904 = ADVANCED_FACE('',(#5905),#5916,.F.);
#5905 = FACE_BOUND('',#5906,.T.);
#5906 = EDGE_LOOP('',(#5907,#5908,#5914,#5915));
#5907 = ORIENTED_EDGE('',*,*,#1564,.T.);
#5908 = ORIENTED_EDGE('',*,*,#5909,.T.);
#5909 = EDGE_CURVE('',#1565,#3311,#5910,.T.);
#5910 = LINE('',#5911,#5912);
#5911 = CARTESIAN_POINT('',(177.5,-78.63,-4.6E-02));
#5912 = VECTOR('',#5913,1.);
#5913 = DIRECTION('',(0.,0.,1.));
#5914 = ORIENTED_EDGE('',*,*,#3310,.F.);
#5915 = ORIENTED_EDGE('',*,*,#5909,.F.);
#5916 = CYLINDRICAL_SURFACE('',#5917,0.95);
#5917 = AXIS2_PLACEMENT_3D('',#5918,#5919,#5920);
#5918 = CARTESIAN_POINT('',(177.5,-77.68,-4.6E-02));
#5919 = DIRECTION('',(-0.,-0.,-1.));
#5920 = DIRECTION('',(-0.,-1.,0.));
#5921 = ADVANCED_FACE('',(#5922),#5933,.F.);
#5922 = FACE_BOUND('',#5923,.T.);
#5923 = EDGE_LOOP('',(#5924,#5925,#5931,#5932));
#5924 = ORIENTED_EDGE('',*,*,#1575,.T.);
#5925 = ORIENTED_EDGE('',*,*,#5926,.T.);
#5926 = EDGE_CURVE('',#1576,#3322,#5927,.T.);
#5927 = LINE('',#5928,#5929);
#5928 = CARTESIAN_POINT('',(184.5,-80.61,-4.6E-02));
#5929 = VECTOR('',#5930,1.);
#5930 = DIRECTION('',(0.,0.,1.));
#5931 = ORIENTED_EDGE('',*,*,#3321,.F.);
#5932 = ORIENTED_EDGE('',*,*,#5926,.F.);
#5933 = CYLINDRICAL_SURFACE('',#5934,0.95);
#5934 = AXIS2_PLACEMENT_3D('',#5935,#5936,#5937);
#5935 = CARTESIAN_POINT('',(184.5,-79.66,-4.6E-02));
#5936 = DIRECTION('',(-0.,-0.,-1.));
#5937 = DIRECTION('',(-0.,-1.,0.));
#5938 = ADVANCED_FACE('',(#5939),#5950,.F.);
#5939 = FACE_BOUND('',#5940,.T.);
#5940 = EDGE_LOOP('',(#5941,#5942,#5948,#5949));
#5941 = ORIENTED_EDGE('',*,*,#1586,.T.);
#5942 = ORIENTED_EDGE('',*,*,#5943,.T.);
#5943 = EDGE_CURVE('',#1587,#3333,#5944,.T.);
#5944 = LINE('',#5945,#5946);
#5945 = CARTESIAN_POINT('',(177.,-75.43,-4.6E-02));
#5946 = VECTOR('',#5947,1.);
#5947 = DIRECTION('',(0.,0.,1.));
#5948 = ORIENTED_EDGE('',*,*,#3332,.F.);
#5949 = ORIENTED_EDGE('',*,*,#5943,.F.);
#5950 = CYLINDRICAL_SURFACE('',#5951,1.5);
#5951 = AXIS2_PLACEMENT_3D('',#5952,#5953,#5954);
#5952 = CARTESIAN_POINT('',(177.,-73.93,-4.6E-02));
#5953 = DIRECTION('',(-0.,-0.,-1.));
#5954 = DIRECTION('',(-0.,-1.,0.));
#5955 = ADVANCED_FACE('',(#5956),#5967,.F.);
#5956 = FACE_BOUND('',#5957,.T.);
#5957 = EDGE_LOOP('',(#5958,#5959,#5965,#5966));
#5958 = ORIENTED_EDGE('',*,*,#1597,.T.);
#5959 = ORIENTED_EDGE('',*,*,#5960,.T.);
#5960 = EDGE_CURVE('',#1598,#3344,#5961,.T.);
#5961 = LINE('',#5962,#5963);
#5962 = CARTESIAN_POINT('',(190.,-93.21,-4.6E-02));
#5963 = VECTOR('',#5964,1.);
#5964 = DIRECTION('',(0.,0.,1.));
#5965 = ORIENTED_EDGE('',*,*,#3343,.F.);
#5966 = ORIENTED_EDGE('',*,*,#5960,.F.);
#5967 = CYLINDRICAL_SURFACE('',#5968,1.5);
#5968 = AXIS2_PLACEMENT_3D('',#5969,#5970,#5971);
#5969 = CARTESIAN_POINT('',(190.,-91.71,-4.6E-02));
#5970 = DIRECTION('',(-0.,-0.,-1.));
#5971 = DIRECTION('',(-0.,-1.,0.));
#5972 = ADVANCED_FACE('',(#5973),#5984,.F.);
#5973 = FACE_BOUND('',#5974,.T.);
#5974 = EDGE_LOOP('',(#5975,#5976,#5982,#5983));
#5975 = ORIENTED_EDGE('',*,*,#1608,.T.);
#5976 = ORIENTED_EDGE('',*,*,#5977,.T.);
#5977 = EDGE_CURVE('',#1609,#3355,#5978,.T.);
#5978 = LINE('',#5979,#5980);
#5979 = CARTESIAN_POINT('',(219.925,-85.11,-4.6E-02));
#5980 = VECTOR('',#5981,1.);
#5981 = DIRECTION('',(0.,0.,1.));
#5982 = ORIENTED_EDGE('',*,*,#3354,.F.);
#5983 = ORIENTED_EDGE('',*,*,#5977,.F.);
#5984 = CYLINDRICAL_SURFACE('',#5985,0.45);
#5985 = AXIS2_PLACEMENT_3D('',#5986,#5987,#5988);
#5986 = CARTESIAN_POINT('',(219.925,-84.66,-4.6E-02));
#5987 = DIRECTION('',(-0.,-0.,-1.));
#5988 = DIRECTION('',(-0.,-1.,0.));
#5989 = ADVANCED_FACE('',(#5990),#6001,.F.);
#5990 = FACE_BOUND('',#5991,.T.);
#5991 = EDGE_LOOP('',(#5992,#5993,#5999,#6000));
#5992 = ORIENTED_EDGE('',*,*,#1619,.T.);
#5993 = ORIENTED_EDGE('',*,*,#5994,.T.);
#5994 = EDGE_CURVE('',#1620,#3366,#5995,.T.);
#5995 = LINE('',#5996,#5997);
#5996 = CARTESIAN_POINT('',(219.925,-82.11,-4.6E-02));
#5997 = VECTOR('',#5998,1.);
#5998 = DIRECTION('',(0.,0.,1.));
#5999 = ORIENTED_EDGE('',*,*,#3365,.F.);
#6000 = ORIENTED_EDGE('',*,*,#5994,.F.);
#6001 = CYLINDRICAL_SURFACE('',#6002,0.45);
#6002 = AXIS2_PLACEMENT_3D('',#6003,#6004,#6005);
#6003 = CARTESIAN_POINT('',(219.925,-81.66,-4.6E-02));
#6004 = DIRECTION('',(-0.,-0.,-1.));
#6005 = DIRECTION('',(-0.,-1.,0.));
#6006 = ADVANCED_FACE('',(#6007),#6018,.F.);
#6007 = FACE_BOUND('',#6008,.T.);
#6008 = EDGE_LOOP('',(#6009,#6010,#6016,#6017));
#6009 = ORIENTED_EDGE('',*,*,#1630,.T.);
#6010 = ORIENTED_EDGE('',*,*,#6011,.T.);
#6011 = EDGE_CURVE('',#1631,#3377,#6012,.T.);
#6012 = LINE('',#6013,#6014);
#6013 = CARTESIAN_POINT('',(190.,-82.16,-4.6E-02));
#6014 = VECTOR('',#6015,1.);
#6015 = DIRECTION('',(0.,0.,1.));
#6016 = ORIENTED_EDGE('',*,*,#3376,.F.);
#6017 = ORIENTED_EDGE('',*,*,#6011,.F.);
#6018 = CYLINDRICAL_SURFACE('',#6019,2.5);
#6019 = AXIS2_PLACEMENT_3D('',#6020,#6021,#6022);
#6020 = CARTESIAN_POINT('',(190.,-79.66,-4.6E-02));
#6021 = DIRECTION('',(-0.,-0.,-1.));
#6022 = DIRECTION('',(-0.,-1.,0.));
#6023 = ADVANCED_FACE('',(#6024),#6035,.F.);
#6024 = FACE_BOUND('',#6025,.T.);
#6025 = EDGE_LOOP('',(#6026,#6027,#6033,#6034));
#6026 = ORIENTED_EDGE('',*,*,#1641,.T.);
#6027 = ORIENTED_EDGE('',*,*,#6028,.T.);
#6028 = EDGE_CURVE('',#1642,#3388,#6029,.T.);
#6029 = LINE('',#6030,#6031);
#6030 = CARTESIAN_POINT('',(195.5,-80.61,-4.6E-02));
#6031 = VECTOR('',#6032,1.);
#6032 = DIRECTION('',(0.,0.,1.));
#6033 = ORIENTED_EDGE('',*,*,#3387,.F.);
#6034 = ORIENTED_EDGE('',*,*,#6028,.F.);
#6035 = CYLINDRICAL_SURFACE('',#6036,0.95);
#6036 = AXIS2_PLACEMENT_3D('',#6037,#6038,#6039);
#6037 = CARTESIAN_POINT('',(195.5,-79.66,-4.6E-02));
#6038 = DIRECTION('',(-0.,-0.,-1.));
#6039 = DIRECTION('',(-0.,-1.,0.));
#6040 = ADVANCED_FACE('',(#6041),#6052,.F.);
#6041 = FACE_BOUND('',#6042,.T.);
#6042 = EDGE_LOOP('',(#6043,#6044,#6050,#6051));
#6043 = ORIENTED_EDGE('',*,*,#1652,.T.);
#6044 = ORIENTED_EDGE('',*,*,#6045,.T.);
#6045 = EDGE_CURVE('',#1653,#3399,#6046,.T.);
#6046 = LINE('',#6047,#6048);
#6047 = CARTESIAN_POINT('',(195.,-77.41,-4.6E-02));
#6048 = VECTOR('',#6049,1.);
#6049 = DIRECTION('',(0.,0.,1.));
#6050 = ORIENTED_EDGE('',*,*,#3398,.F.);
#6051 = ORIENTED_EDGE('',*,*,#6045,.F.);
#6052 = CYLINDRICAL_SURFACE('',#6053,1.5);
#6053 = AXIS2_PLACEMENT_3D('',#6054,#6055,#6056);
#6054 = CARTESIAN_POINT('',(195.,-75.91,-4.6E-02));
#6055 = DIRECTION('',(-0.,-0.,-1.));
#6056 = DIRECTION('',(-0.,-1.,0.));
#6057 = ADVANCED_FACE('',(#6058),#6069,.F.);
#6058 = FACE_BOUND('',#6059,.T.);
#6059 = EDGE_LOOP('',(#6060,#6061,#6067,#6068));
#6060 = ORIENTED_EDGE('',*,*,#1663,.T.);
#6061 = ORIENTED_EDGE('',*,*,#6062,.T.);
#6062 = EDGE_CURVE('',#1664,#3410,#6063,.T.);
#6063 = LINE('',#6064,#6065);
#6064 = CARTESIAN_POINT('',(190.,-75.21,-4.6E-02));
#6065 = VECTOR('',#6066,1.);
#6066 = DIRECTION('',(0.,0.,1.));
#6067 = ORIENTED_EDGE('',*,*,#3409,.F.);
#6068 = ORIENTED_EDGE('',*,*,#6062,.F.);
#6069 = CYLINDRICAL_SURFACE('',#6070,1.5);
#6070 = AXIS2_PLACEMENT_3D('',#6071,#6072,#6073);
#6071 = CARTESIAN_POINT('',(190.,-73.71,-4.6E-02));
#6072 = DIRECTION('',(-0.,-0.,-1.));
#6073 = DIRECTION('',(-0.,-1.,0.));
#6074 = ADVANCED_FACE('',(#6075),#6086,.F.);
#6075 = FACE_BOUND('',#6076,.T.);
#6076 = EDGE_LOOP('',(#6077,#6078,#6084,#6085));
#6077 = ORIENTED_EDGE('',*,*,#1674,.T.);
#6078 = ORIENTED_EDGE('',*,*,#6079,.T.);
#6079 = EDGE_CURVE('',#1675,#3421,#6080,.T.);
#6080 = LINE('',#6081,#6082);
#6081 = CARTESIAN_POINT('',(209.,-74.535,-4.6E-02));
#6082 = VECTOR('',#6083,1.);
#6083 = DIRECTION('',(0.,0.,1.));
#6084 = ORIENTED_EDGE('',*,*,#3420,.F.);
#6085 = ORIENTED_EDGE('',*,*,#6079,.F.);
#6086 = CYLINDRICAL_SURFACE('',#6087,0.375);
#6087 = AXIS2_PLACEMENT_3D('',#6088,#6089,#6090);
#6088 = CARTESIAN_POINT('',(209.,-74.16,-4.6E-02));
#6089 = DIRECTION('',(-0.,-0.,-1.));
#6090 = DIRECTION('',(-0.,-1.,0.));
#6091 = ADVANCED_FACE('',(#6092),#6103,.F.);
#6092 = FACE_BOUND('',#6093,.T.);
#6093 = EDGE_LOOP('',(#6094,#6095,#6101,#6102));
#6094 = ORIENTED_EDGE('',*,*,#1685,.T.);
#6095 = ORIENTED_EDGE('',*,*,#6096,.T.);
#6096 = EDGE_CURVE('',#1686,#3432,#6097,.T.);
#6097 = LINE('',#6098,#6099);
#6098 = CARTESIAN_POINT('',(211.,-74.535,-4.6E-02));
#6099 = VECTOR('',#6100,1.);
#6100 = DIRECTION('',(0.,0.,1.));
#6101 = ORIENTED_EDGE('',*,*,#3431,.F.);
#6102 = ORIENTED_EDGE('',*,*,#6096,.F.);
#6103 = CYLINDRICAL_SURFACE('',#6104,0.375);
#6104 = AXIS2_PLACEMENT_3D('',#6105,#6106,#6107);
#6105 = CARTESIAN_POINT('',(211.,-74.16,-4.6E-02));
#6106 = DIRECTION('',(-0.,-0.,-1.));
#6107 = DIRECTION('',(-0.,-1.,0.));
#6108 = ADVANCED_FACE('',(#6109),#6120,.F.);
#6109 = FACE_BOUND('',#6110,.T.);
#6110 = EDGE_LOOP('',(#6111,#6112,#6118,#6119));
#6111 = ORIENTED_EDGE('',*,*,#1696,.T.);
#6112 = ORIENTED_EDGE('',*,*,#6113,.T.);
#6113 = EDGE_CURVE('',#1697,#3443,#6114,.T.);
#6114 = LINE('',#6115,#6116);
#6115 = CARTESIAN_POINT('',(159.,-70.93,-4.6E-02));
#6116 = VECTOR('',#6117,1.);
#6117 = DIRECTION('',(0.,0.,1.));
#6118 = ORIENTED_EDGE('',*,*,#3442,.F.);
#6119 = ORIENTED_EDGE('',*,*,#6113,.F.);
#6120 = CYLINDRICAL_SURFACE('',#6121,1.5);
#6121 = AXIS2_PLACEMENT_3D('',#6122,#6123,#6124);
#6122 = CARTESIAN_POINT('',(159.,-69.43,-4.6E-02));
#6123 = DIRECTION('',(-0.,-0.,-1.));
#6124 = DIRECTION('',(-0.,-1.,0.));
#6125 = ADVANCED_FACE('',(#6126),#6137,.F.);
#6126 = FACE_BOUND('',#6127,.T.);
#6127 = EDGE_LOOP('',(#6128,#6129,#6135,#6136));
#6128 = ORIENTED_EDGE('',*,*,#1707,.T.);
#6129 = ORIENTED_EDGE('',*,*,#6130,.T.);
#6130 = EDGE_CURVE('',#1708,#3454,#6131,.T.);
#6131 = LINE('',#6132,#6133);
#6132 = CARTESIAN_POINT('',(167.,-65.63,-4.6E-02));
#6133 = VECTOR('',#6134,1.);
#6134 = DIRECTION('',(0.,0.,1.));
#6135 = ORIENTED_EDGE('',*,*,#3453,.F.);
#6136 = ORIENTED_EDGE('',*,*,#6130,.F.);
#6137 = CYLINDRICAL_SURFACE('',#6138,0.8);
#6138 = AXIS2_PLACEMENT_3D('',#6139,#6140,#6141);
#6139 = CARTESIAN_POINT('',(167.,-64.83,-4.6E-02));
#6140 = DIRECTION('',(-0.,-0.,-1.));
#6141 = DIRECTION('',(-0.,-1.,0.));
#6142 = ADVANCED_FACE('',(#6143),#6154,.F.);
#6143 = FACE_BOUND('',#6144,.T.);
#6144 = EDGE_LOOP('',(#6145,#6146,#6152,#6153));
#6145 = ORIENTED_EDGE('',*,*,#1718,.T.);
#6146 = ORIENTED_EDGE('',*,*,#6147,.T.);
#6147 = EDGE_CURVE('',#1719,#3465,#6148,.T.);
#6148 = LINE('',#6149,#6150);
#6149 = CARTESIAN_POINT('',(166.5,-60.63,-4.6E-02));
#6150 = VECTOR('',#6151,1.);
#6151 = DIRECTION('',(0.,0.,1.));
#6152 = ORIENTED_EDGE('',*,*,#3464,.F.);
#6153 = ORIENTED_EDGE('',*,*,#6147,.F.);
#6154 = CYLINDRICAL_SURFACE('',#6155,0.95);
#6155 = AXIS2_PLACEMENT_3D('',#6156,#6157,#6158);
#6156 = CARTESIAN_POINT('',(166.5,-59.68,-4.6E-02));
#6157 = DIRECTION('',(-0.,-0.,-1.));
#6158 = DIRECTION('',(-0.,-1.,0.));
#6159 = ADVANCED_FACE('',(#6160),#6171,.F.);
#6160 = FACE_BOUND('',#6161,.T.);
#6161 = EDGE_LOOP('',(#6162,#6163,#6169,#6170));
#6162 = ORIENTED_EDGE('',*,*,#1729,.T.);
#6163 = ORIENTED_EDGE('',*,*,#6164,.T.);
#6164 = EDGE_CURVE('',#1730,#3476,#6165,.T.);
#6165 = LINE('',#6166,#6167);
#6166 = CARTESIAN_POINT('',(172.,-62.18,-4.6E-02));
#6167 = VECTOR('',#6168,1.);
#6168 = DIRECTION('',(0.,0.,1.));
#6169 = ORIENTED_EDGE('',*,*,#3475,.F.);
#6170 = ORIENTED_EDGE('',*,*,#6164,.F.);
#6171 = CYLINDRICAL_SURFACE('',#6172,2.5);
#6172 = AXIS2_PLACEMENT_3D('',#6173,#6174,#6175);
#6173 = CARTESIAN_POINT('',(172.,-59.68,-4.6E-02));
#6174 = DIRECTION('',(-0.,-0.,-1.));
#6175 = DIRECTION('',(-0.,-1.,0.));
#6176 = ADVANCED_FACE('',(#6177),#6188,.F.);
#6177 = FACE_BOUND('',#6178,.T.);
#6178 = EDGE_LOOP('',(#6179,#6180,#6186,#6187));
#6179 = ORIENTED_EDGE('',*,*,#1740,.T.);
#6180 = ORIENTED_EDGE('',*,*,#6181,.T.);
#6181 = EDGE_CURVE('',#1741,#3487,#6182,.T.);
#6182 = LINE('',#6183,#6184);
#6183 = CARTESIAN_POINT('',(185.,-67.61,-4.6E-02));
#6184 = VECTOR('',#6185,1.);
#6185 = DIRECTION('',(0.,0.,1.));
#6186 = ORIENTED_EDGE('',*,*,#3486,.F.);
#6187 = ORIENTED_EDGE('',*,*,#6181,.F.);
#6188 = CYLINDRICAL_SURFACE('',#6189,0.8);
#6189 = AXIS2_PLACEMENT_3D('',#6190,#6191,#6192);
#6190 = CARTESIAN_POINT('',(185.,-66.81,-4.6E-02));
#6191 = DIRECTION('',(-0.,-0.,-1.));
#6192 = DIRECTION('',(-0.,-1.,0.));
#6193 = ADVANCED_FACE('',(#6194),#6205,.F.);
#6194 = FACE_BOUND('',#6195,.T.);
#6195 = EDGE_LOOP('',(#6196,#6197,#6203,#6204));
#6196 = ORIENTED_EDGE('',*,*,#1751,.T.);
#6197 = ORIENTED_EDGE('',*,*,#6198,.T.);
#6198 = EDGE_CURVE('',#1752,#3498,#6199,.T.);
#6199 = LINE('',#6200,#6201);
#6200 = CARTESIAN_POINT('',(177.5,-60.63,-4.6E-02));
#6201 = VECTOR('',#6202,1.);
#6202 = DIRECTION('',(0.,0.,1.));
#6203 = ORIENTED_EDGE('',*,*,#3497,.F.);
#6204 = ORIENTED_EDGE('',*,*,#6198,.F.);
#6205 = CYLINDRICAL_SURFACE('',#6206,0.95);
#6206 = AXIS2_PLACEMENT_3D('',#6207,#6208,#6209);
#6207 = CARTESIAN_POINT('',(177.5,-59.68,-4.6E-02));
#6208 = DIRECTION('',(-0.,-0.,-1.));
#6209 = DIRECTION('',(-0.,-1.,0.));
#6210 = ADVANCED_FACE('',(#6211),#6222,.F.);
#6211 = FACE_BOUND('',#6212,.T.);
#6212 = EDGE_LOOP('',(#6213,#6214,#6220,#6221));
#6213 = ORIENTED_EDGE('',*,*,#1762,.T.);
#6214 = ORIENTED_EDGE('',*,*,#6215,.T.);
#6215 = EDGE_CURVE('',#1763,#3509,#6216,.T.);
#6216 = LINE('',#6217,#6218);
#6217 = CARTESIAN_POINT('',(184.5,-62.61,-4.6E-02));
#6218 = VECTOR('',#6219,1.);
#6219 = DIRECTION('',(0.,0.,1.));
#6220 = ORIENTED_EDGE('',*,*,#3508,.F.);
#6221 = ORIENTED_EDGE('',*,*,#6215,.F.);
#6222 = CYLINDRICAL_SURFACE('',#6223,0.95);
#6223 = AXIS2_PLACEMENT_3D('',#6224,#6225,#6226);
#6224 = CARTESIAN_POINT('',(184.5,-61.66,-4.6E-02));
#6225 = DIRECTION('',(-0.,-0.,-1.));
#6226 = DIRECTION('',(-0.,-1.,0.));
#6227 = ADVANCED_FACE('',(#6228),#6239,.F.);
#6228 = FACE_BOUND('',#6229,.T.);
#6229 = EDGE_LOOP('',(#6230,#6231,#6237,#6238));
#6230 = ORIENTED_EDGE('',*,*,#1773,.T.);
#6231 = ORIENTED_EDGE('',*,*,#6232,.T.);
#6232 = EDGE_CURVE('',#1774,#3520,#6233,.T.);
#6233 = LINE('',#6234,#6235);
#6234 = CARTESIAN_POINT('',(159.5,-56.13,-4.6E-02));
#6235 = VECTOR('',#6236,1.);
#6236 = DIRECTION('',(0.,0.,1.));
#6237 = ORIENTED_EDGE('',*,*,#3519,.F.);
#6238 = ORIENTED_EDGE('',*,*,#6232,.F.);
#6239 = CYLINDRICAL_SURFACE('',#6240,0.95);
#6240 = AXIS2_PLACEMENT_3D('',#6241,#6242,#6243);
#6241 = CARTESIAN_POINT('',(159.5,-55.18,-4.6E-02));
#6242 = DIRECTION('',(-0.,-0.,-1.));
#6243 = DIRECTION('',(-0.,-1.,0.));
#6244 = ADVANCED_FACE('',(#6245),#6256,.F.);
#6245 = FACE_BOUND('',#6246,.T.);
#6246 = EDGE_LOOP('',(#6247,#6248,#6254,#6255));
#6247 = ORIENTED_EDGE('',*,*,#1784,.T.);
#6248 = ORIENTED_EDGE('',*,*,#6249,.T.);
#6249 = EDGE_CURVE('',#1785,#3531,#6250,.T.);
#6250 = LINE('',#6251,#6252);
#6251 = CARTESIAN_POINT('',(172.,-55.23,-4.6E-02));
#6252 = VECTOR('',#6253,1.);
#6253 = DIRECTION('',(0.,0.,1.));
#6254 = ORIENTED_EDGE('',*,*,#3530,.F.);
#6255 = ORIENTED_EDGE('',*,*,#6249,.F.);
#6256 = CYLINDRICAL_SURFACE('',#6257,1.5);
#6257 = AXIS2_PLACEMENT_3D('',#6258,#6259,#6260);
#6258 = CARTESIAN_POINT('',(172.,-53.73,-4.6E-02));
#6259 = DIRECTION('',(-0.,-0.,-1.));
#6260 = DIRECTION('',(-0.,-1.,0.));
#6261 = ADVANCED_FACE('',(#6262),#6273,.F.);
#6262 = FACE_BOUND('',#6263,.T.);
#6263 = EDGE_LOOP('',(#6264,#6265,#6271,#6272));
#6264 = ORIENTED_EDGE('',*,*,#1795,.T.);
#6265 = ORIENTED_EDGE('',*,*,#6266,.T.);
#6266 = EDGE_CURVE('',#1796,#3542,#6267,.T.);
#6267 = LINE('',#6268,#6269);
#6268 = CARTESIAN_POINT('',(159.,-52.93,-4.6E-02));
#6269 = VECTOR('',#6270,1.);
#6270 = DIRECTION('',(0.,0.,1.));
#6271 = ORIENTED_EDGE('',*,*,#3541,.F.);
#6272 = ORIENTED_EDGE('',*,*,#6266,.F.);
#6273 = CYLINDRICAL_SURFACE('',#6274,1.5);
#6274 = AXIS2_PLACEMENT_3D('',#6275,#6276,#6277);
#6275 = CARTESIAN_POINT('',(159.,-51.43,-4.6E-02));
#6276 = DIRECTION('',(-0.,-0.,-1.));
#6277 = DIRECTION('',(-0.,-1.,0.));
#6278 = ADVANCED_FACE('',(#6279),#6290,.F.);
#6279 = FACE_BOUND('',#6280,.T.);
#6280 = EDGE_LOOP('',(#6281,#6282,#6288,#6289));
#6281 = ORIENTED_EDGE('',*,*,#1806,.T.);
#6282 = ORIENTED_EDGE('',*,*,#6283,.T.);
#6283 = EDGE_CURVE('',#1807,#3553,#6284,.T.);
#6284 = LINE('',#6285,#6286);
#6285 = CARTESIAN_POINT('',(177.,-57.43,-4.6E-02));
#6286 = VECTOR('',#6287,1.);
#6287 = DIRECTION('',(0.,0.,1.));
#6288 = ORIENTED_EDGE('',*,*,#3552,.F.);
#6289 = ORIENTED_EDGE('',*,*,#6283,.F.);
#6290 = CYLINDRICAL_SURFACE('',#6291,1.5);
#6291 = AXIS2_PLACEMENT_3D('',#6292,#6293,#6294);
#6292 = CARTESIAN_POINT('',(177.,-55.93,-4.6E-02));
#6293 = DIRECTION('',(-0.,-0.,-1.));
#6294 = DIRECTION('',(-0.,-1.,0.));
#6295 = ADVANCED_FACE('',(#6296),#6307,.F.);
#6296 = FACE_BOUND('',#6297,.T.);
#6297 = EDGE_LOOP('',(#6298,#6299,#6305,#6306));
#6298 = ORIENTED_EDGE('',*,*,#1817,.T.);
#6299 = ORIENTED_EDGE('',*,*,#6300,.T.);
#6300 = EDGE_CURVE('',#1818,#3564,#6301,.T.);
#6301 = LINE('',#6302,#6303);
#6302 = CARTESIAN_POINT('',(190.,-64.16,-4.6E-02));
#6303 = VECTOR('',#6304,1.);
#6304 = DIRECTION('',(0.,0.,1.));
#6305 = ORIENTED_EDGE('',*,*,#3563,.F.);
#6306 = ORIENTED_EDGE('',*,*,#6300,.F.);
#6307 = CYLINDRICAL_SURFACE('',#6308,2.5);
#6308 = AXIS2_PLACEMENT_3D('',#6309,#6310,#6311);
#6309 = CARTESIAN_POINT('',(190.,-61.66,-4.6E-02));
#6310 = DIRECTION('',(-0.,-0.,-1.));
#6311 = DIRECTION('',(-0.,-1.,0.));
#6312 = ADVANCED_FACE('',(#6313),#6324,.F.);
#6313 = FACE_BOUND('',#6314,.T.);
#6314 = EDGE_LOOP('',(#6315,#6316,#6322,#6323));
#6315 = ORIENTED_EDGE('',*,*,#1828,.T.);
#6316 = ORIENTED_EDGE('',*,*,#6317,.T.);
#6317 = EDGE_CURVE('',#1829,#3575,#6318,.T.);
#6318 = LINE('',#6319,#6320);
#6319 = CARTESIAN_POINT('',(195.5,-62.61,-4.6E-02));
#6320 = VECTOR('',#6321,1.);
#6321 = DIRECTION('',(0.,0.,1.));
#6322 = ORIENTED_EDGE('',*,*,#3574,.F.);
#6323 = ORIENTED_EDGE('',*,*,#6317,.F.);
#6324 = CYLINDRICAL_SURFACE('',#6325,0.95);
#6325 = AXIS2_PLACEMENT_3D('',#6326,#6327,#6328);
#6326 = CARTESIAN_POINT('',(195.5,-61.66,-4.6E-02));
#6327 = DIRECTION('',(-0.,-0.,-1.));
#6328 = DIRECTION('',(-0.,-1.,0.));
#6329 = ADVANCED_FACE('',(#6330),#6341,.F.);
#6330 = FACE_BOUND('',#6331,.T.);
#6331 = EDGE_LOOP('',(#6332,#6333,#6339,#6340));
#6332 = ORIENTED_EDGE('',*,*,#1839,.T.);
#6333 = ORIENTED_EDGE('',*,*,#6334,.T.);
#6334 = EDGE_CURVE('',#1840,#3586,#6335,.T.);
#6335 = LINE('',#6336,#6337);
#6336 = CARTESIAN_POINT('',(209.006,-66.078,-4.6E-02));
#6337 = VECTOR('',#6338,1.);
#6338 = DIRECTION('',(0.,0.,1.));
#6339 = ORIENTED_EDGE('',*,*,#3585,.F.);
#6340 = ORIENTED_EDGE('',*,*,#6334,.F.);
#6341 = CYLINDRICAL_SURFACE('',#6342,0.4);
#6342 = AXIS2_PLACEMENT_3D('',#6343,#6344,#6345);
#6343 = CARTESIAN_POINT('',(209.006,-65.678,-4.6E-02));
#6344 = DIRECTION('',(-0.,-0.,-1.));
#6345 = DIRECTION('',(-0.,-1.,0.));
#6346 = ADVANCED_FACE('',(#6347),#6358,.F.);
#6347 = FACE_BOUND('',#6348,.T.);
#6348 = EDGE_LOOP('',(#6349,#6350,#6356,#6357));
#6349 = ORIENTED_EDGE('',*,*,#1850,.T.);
#6350 = ORIENTED_EDGE('',*,*,#6351,.T.);
#6351 = EDGE_CURVE('',#1851,#3597,#6352,.T.);
#6352 = LINE('',#6353,#6354);
#6353 = CARTESIAN_POINT('',(211.006,-66.078,-4.6E-02));
#6354 = VECTOR('',#6355,1.);
#6355 = DIRECTION('',(0.,0.,1.));
#6356 = ORIENTED_EDGE('',*,*,#3596,.F.);
#6357 = ORIENTED_EDGE('',*,*,#6351,.F.);
#6358 = CYLINDRICAL_SURFACE('',#6359,0.4);
#6359 = AXIS2_PLACEMENT_3D('',#6360,#6361,#6362);
#6360 = CARTESIAN_POINT('',(211.006,-65.678,-4.6E-02));
#6361 = DIRECTION('',(-0.,-0.,-1.));
#6362 = DIRECTION('',(-0.,-1.,0.));
#6363 = ADVANCED_FACE('',(#6364),#6375,.F.);
#6364 = FACE_BOUND('',#6365,.T.);
#6365 = EDGE_LOOP('',(#6366,#6367,#6373,#6374));
#6366 = ORIENTED_EDGE('',*,*,#1861,.T.);
#6367 = ORIENTED_EDGE('',*,*,#6368,.T.);
#6368 = EDGE_CURVE('',#1862,#3608,#6369,.T.);
#6369 = LINE('',#6370,#6371);
#6370 = CARTESIAN_POINT('',(195.,-59.41,-4.6E-02));
#6371 = VECTOR('',#6372,1.);
#6372 = DIRECTION('',(0.,0.,1.));
#6373 = ORIENTED_EDGE('',*,*,#3607,.F.);
#6374 = ORIENTED_EDGE('',*,*,#6368,.F.);
#6375 = CYLINDRICAL_SURFACE('',#6376,1.5);
#6376 = AXIS2_PLACEMENT_3D('',#6377,#6378,#6379);
#6377 = CARTESIAN_POINT('',(195.,-57.91,-4.6E-02));
#6378 = DIRECTION('',(-0.,-0.,-1.));
#6379 = DIRECTION('',(-0.,-1.,0.));
#6380 = ADVANCED_FACE('',(#6381),#6392,.F.);
#6381 = FACE_BOUND('',#6382,.T.);
#6382 = EDGE_LOOP('',(#6383,#6384,#6390,#6391));
#6383 = ORIENTED_EDGE('',*,*,#1872,.T.);
#6384 = ORIENTED_EDGE('',*,*,#6385,.T.);
#6385 = EDGE_CURVE('',#1873,#3619,#6386,.T.);
#6386 = LINE('',#6387,#6388);
#6387 = CARTESIAN_POINT('',(190.,-57.21,-4.6E-02));
#6388 = VECTOR('',#6389,1.);
#6389 = DIRECTION('',(0.,0.,1.));
#6390 = ORIENTED_EDGE('',*,*,#3618,.F.);
#6391 = ORIENTED_EDGE('',*,*,#6385,.F.);
#6392 = CYLINDRICAL_SURFACE('',#6393,1.5);
#6393 = AXIS2_PLACEMENT_3D('',#6394,#6395,#6396);
#6394 = CARTESIAN_POINT('',(190.,-55.71,-4.6E-02));
#6395 = DIRECTION('',(-0.,-0.,-1.));
#6396 = DIRECTION('',(-0.,-1.,0.));
#6397 = ( GEOMETRIC_REPRESENTATION_CONTEXT(3) 
GLOBAL_UNCERTAINTY_ASSIGNED_CONTEXT((#6401)) 
GLOBAL_UNIT_ASSIGNED_CONTEXT((#6398,#6399,#6400)) REPRESENTATION_CONTEXT
('Context #1','3D Context with UNIT and UNCERTAINTY') );
#6398 = ( LENGTH_UNIT() NAMED_UNIT(*) SI_UNIT(.MILLI.,.METRE.) );
#6399 = ( NAMED_UNIT(*) PLANE_ANGLE_UNIT() SI_UNIT($,.RADIAN.) );
#6400 = ( NAMED_UNIT(*) SI_UNIT($,.STERADIAN.) SOLID_ANGLE_UNIT() );
#6401 = UNCERTAINTY_MEASURE_WITH_UNIT(LENGTH_MEASURE(1.E-07),#6398,
  'distance_accuracy_value','confusion accuracy');
#6402 = CONTEXT_DEPENDENT_SHAPE_REPRESENTATION(#6403,#6405);
#6403 = ( REPRESENTATION_RELATIONSHIP('','',#32,#10) 
REPRESENTATION_RELATIONSHIP_WITH_TRANSFORMATION(#6404) 
SHAPE_REPRESENTATION_RELATIONSHIP() );
#6404 = ITEM_DEFINED_TRANSFORMATION('','',#11,#15);
#6405 = PRODUCT_DEFINITION_SHAPE('Placement','Placement of an item',
  #6406);
#6406 = NEXT_ASSEMBLY_USAGE_OCCURRENCE('1','=>[0:1:1:2]','',#5,#27,$);
#6407 = PRODUCT_RELATED_PRODUCT_CATEGORY('part',$,(#29));
#6408 = MECHANICAL_DESIGN_GEOMETRIC_PRESENTATION_REPRESENTATION('',(
    #6409),#6397);
#6409 = STYLED_ITEM('color',(#6410),#33);
#6410 = PRESENTATION_STYLE_ASSIGNMENT((#6411));
#6411 = SURFACE_STYLE_USAGE(.BOTH.,#6412);
#6412 = SURFACE_SIDE_STYLE('',(#6413));
#6413 = SURFACE_STYLE_FILL_AREA(#6414);
#6414 = FILL_AREA_STYLE('',(#6415));
#6415 = FILL_AREA_STYLE_COLOUR('',#6416);
#6416 = COLOUR_RGB('',0.313304153717,0.484529207832,0.410020903123);
ENDSEC;
END-ISO-10303-21;
